query,rule_id,bm25_score,keyword_score
I need a web server with guaranteed CPU availability and no network packet loss,r1,0.0000,0.0000
I need a web server with guaranteed CPU availability and no network packet loss,r2,0.0000,0.0000
I need a web server with guaranteed CPU availability and no network packet loss,r3,0.0000,0.0000
I need a web server with guaranteed CPU availability and no network packet loss,r4,0.0000,0.0000
I need a web server with guaranteed CPU availability and no network packet loss,r5,0.0000,0.0000
I need a web server with guaranteed CPU availability and no network packet loss,r6,0.0000,0.0000
I need a web server with guaranteed CPU availability and no network packet loss,r7,0.4457,0.0833
I need a web server with guaranteed CPU availability and no network packet loss,r8,0.4067,0.0769
I need a web server with guaranteed CPU availability and no network packet loss,r9,0.4457,0.0833
I need a web server with guaranteed CPU availability and no network packet loss,r10,0.4067,0.0769
I need a web server with guaranteed CPU availability and no network packet loss,r11,0.0000,0.0000
I need a web server with guaranteed CPU availability and no network packet loss,r12,0.0000,0.0000
I need a web server with guaranteed CPU availability and no network packet loss,r13,0.0000,0.0000
I need a web server with guaranteed CPU availability and no network packet loss,r14,0.0000,0.0000
I need a web server with guaranteed CPU availability and no network packet loss,r15,0.0000,0.0000
I need a web server with guaranteed CPU availability and no network packet loss,r16,0.1053,0.0625
I need a web server with guaranteed CPU availability and no network packet loss,r17,0.1223,0.0714
I need a web server with guaranteed CPU availability and no network packet loss,r18,0.1330,0.0769
I need a web server with guaranteed CPU availability and no network packet loss,r19,0.1330,0.0769
I need a web server with guaranteed CPU availability and no network packet loss,r20,0.4962,0.1538
I need a web server with guaranteed CPU availability and no network packet loss,r21,0.1330,0.0769
I need a web server with guaranteed CPU availability and no network packet loss,r22,1.0000,0.2500
I need a web server with guaranteed CPU availability and no network packet loss,r23,0.1223,0.0714
I need a web server with guaranteed CPU availability and no network packet loss,r24,0.1330,0.0769
I need a web server with guaranteed CPU availability and no network packet loss,r25,0.1132,0.0667
I need a web server with guaranteed CPU availability and no network packet loss,r26,0.1330,0.0769
I need a web server with guaranteed CPU availability and no network packet loss,r27,0.1223,0.0714
I need a web server with guaranteed CPU availability and no network packet loss,r28,0.1330,0.0769
I need a web server with guaranteed CPU availability and no network packet loss,r29,0.4962,0.1538
I need a web server with guaranteed CPU availability and no network packet loss,r30,0.1330,0.0769
I need a web server with guaranteed CPU availability and no network packet loss,r31,1.0000,0.2500
I need a web server with guaranteed CPU availability and no network packet loss,r32,0.0000,0.0000
I need a web server with guaranteed CPU availability and no network packet loss,r33,0.1132,0.0714
Deploy a database server that must maintain memory above 50% free at all times,r1,0.0000,0.0000
Deploy a database server that must maintain memory above 50% free at all times,r2,1.0000,0.1000
Deploy a database server that must maintain memory above 50% free at all times,r3,0.9123,0.0909
Deploy a database server that must maintain memory above 50% free at all times,r4,1.0000,0.1000
Deploy a database server that must maintain memory above 50% free at all times,r5,0.9123,0.0909
Deploy a database server that must maintain memory above 50% free at all times,r6,0.0000,0.0000
Deploy a database server that must maintain memory above 50% free at all times,r7,0.0000,0.0000
Deploy a database server that must maintain memory above 50% free at all times,r8,0.0000,0.0000
Deploy a database server that must maintain memory above 50% free at all times,r9,0.0000,0.0000
Deploy a database server that must maintain memory above 50% free at all times,r10,0.0000,0.0000
Deploy a database server that must maintain memory above 50% free at all times,r11,0.0000,0.0000
Deploy a database server that must maintain memory above 50% free at all times,r12,0.0000,0.0000
Deploy a database server that must maintain memory above 50% free at all times,r13,0.0000,0.0000
Deploy a database server that must maintain memory above 50% free at all times,r14,0.0000,0.0000
Deploy a database server that must maintain memory above 50% free at all times,r15,0.0000,0.0000
Deploy a database server that must maintain memory above 50% free at all times,r16,0.0000,0.0000
Deploy a database server that must maintain memory above 50% free at all times,r17,0.0000,0.0000
Deploy a database server that must maintain memory above 50% free at all times,r18,0.0000,0.0000
Deploy a database server that must maintain memory above 50% free at all times,r19,0.0000,0.0000
Deploy a database server that must maintain memory above 50% free at all times,r20,0.0000,0.0000
Deploy a database server that must maintain memory above 50% free at all times,r21,0.0000,0.0000
Deploy a database server that must maintain memory above 50% free at all times,r22,0.0000,0.0000
Deploy a database server that must maintain memory above 50% free at all times,r23,0.0000,0.0000
Deploy a database server that must maintain memory above 50% free at all times,r24,0.0000,0.0000
Deploy a database server that must maintain memory above 50% free at all times,r25,0.0000,0.0000
Deploy a database server that must maintain memory above 50% free at all times,r26,0.0000,0.0000
Deploy a database server that must maintain memory above 50% free at all times,r27,0.0000,0.0000
Deploy a database server that must maintain memory above 50% free at all times,r28,0.0000,0.0000
Deploy a database server that must maintain memory above 50% free at all times,r29,0.0000,0.0000
Deploy a database server that must maintain memory above 50% free at all times,r30,0.0000,0.0000
Deploy a database server that must maintain memory above 50% free at all times,r31,0.0000,0.0000
Deploy a database server that must maintain memory above 50% free at all times,r32,0.9123,0.0909
Deploy a database server that must maintain memory above 50% free at all times,r33,0.0000,0.0000
Create a video streaming VM with protection against overheating and fan failures,r1,0.0000,0.0000
Create a video streaming VM with protection against overheating and fan failures,r2,0.0000,0.0000
Create a video streaming VM with protection against overheating and fan failures,r3,0.0000,0.0000
Create a video streaming VM with protection against overheating and fan failures,r4,0.0000,0.0000
Create a video streaming VM with protection against overheating and fan failures,r5,0.0000,0.0000
Create a video streaming VM with protection against overheating and fan failures,r6,0.0000,0.0000
Create a video streaming VM with protection against overheating and fan failures,r7,0.0000,0.0000
Create a video streaming VM with protection against overheating and fan failures,r8,0.0000,0.0000
Create a video streaming VM with protection against overheating and fan failures,r9,0.0000,0.0000
Create a video streaming VM with protection against overheating and fan failures,r10,0.0000,0.0000
Create a video streaming VM with protection against overheating and fan failures,r11,0.0000,0.0000
Create a video streaming VM with protection against overheating and fan failures,r12,0.0000,0.0000
Create a video streaming VM with protection against overheating and fan failures,r13,1.0000,0.0909
Create a video streaming VM with protection against overheating and fan failures,r14,0.0000,0.0000
Create a video streaming VM with protection against overheating and fan failures,r15,0.0000,0.0000
Create a video streaming VM with protection against overheating and fan failures,r16,0.0000,0.0000
Create a video streaming VM with protection against overheating and fan failures,r17,0.0000,0.0000
Create a video streaming VM with protection against overheating and fan failures,r18,0.0000,0.0000
Create a video streaming VM with protection against overheating and fan failures,r19,0.0000,0.0000
Create a video streaming VM with protection against overheating and fan failures,r20,0.0000,0.0000
Create a video streaming VM with protection against overheating and fan failures,r21,0.0000,0.0000
Create a video streaming VM with protection against overheating and fan failures,r22,0.0000,0.0000
Create a video streaming VM with protection against overheating and fan failures,r23,0.0000,0.0000
Create a video streaming VM with protection against overheating and fan failures,r24,0.0000,0.0000
Create a video streaming VM with protection against overheating and fan failures,r25,0.0000,0.0000
Create a video streaming VM with protection against overheating and fan failures,r26,0.0000,0.0000
Create a video streaming VM with protection against overheating and fan failures,r27,0.0000,0.0000
Create a video streaming VM with protection against overheating and fan failures,r28,0.0000,0.0000
Create a video streaming VM with protection against overheating and fan failures,r29,0.0000,0.0000
Create a video streaming VM with protection against overheating and fan failures,r30,0.0000,0.0000
Create a video streaming VM with protection against overheating and fan failures,r31,0.0000,0.0000
Create a video streaming VM with protection against overheating and fan failures,r32,0.0000,0.0000
Create a video streaming VM with protection against overheating and fan failures,r33,0.0000,0.0000
Set up a game server with zero network latency spikes and stable SSH access,r1,0.0000,0.0000
Set up a game server with zero network latency spikes and stable SSH access,r2,0.0000,0.0000
Set up a game server with zero network latency spikes and stable SSH access,r3,0.0000,0.0000
Set up a game server with zero network latency spikes and stable SSH access,r4,0.0000,0.0000
Set up a game server with zero network latency spikes and stable SSH access,r5,0.0000,0.0000
Set up a game server with zero network latency spikes and stable SSH access,r6,0.0000,0.0000
Set up a game server with zero network latency spikes and stable SSH access,r7,0.0000,0.0000
Set up a game server with zero network latency spikes and stable SSH access,r8,0.0000,0.0000
Set up a game server with zero network latency spikes and stable SSH access,r9,0.0000,0.0000
Set up a game server with zero network latency spikes and stable SSH access,r10,0.0000,0.0000
Set up a game server with zero network latency spikes and stable SSH access,r11,0.0000,0.0000
Set up a game server with zero network latency spikes and stable SSH access,r12,0.0000,0.0000
Set up a game server with zero network latency spikes and stable SSH access,r13,0.0000,0.0000
Set up a game server with zero network latency spikes and stable SSH access,r14,0.0000,0.0000
Set up a game server with zero network latency spikes and stable SSH access,r15,1.0000,0.1667
Set up a game server with zero network latency spikes and stable SSH access,r16,0.0722,0.0588
Set up a game server with zero network latency spikes and stable SSH access,r17,0.0839,0.0667
Set up a game server with zero network latency spikes and stable SSH access,r18,0.0912,0.0714
Set up a game server with zero network latency spikes and stable SSH access,r19,0.0912,0.0714
Set up a game server with zero network latency spikes and stable SSH access,r20,0.0839,0.0667
Set up a game server with zero network latency spikes and stable SSH access,r21,0.0912,0.0714
Set up a game server with zero network latency spikes and stable SSH access,r22,0.0839,0.0667
Set up a game server with zero network latency spikes and stable SSH access,r23,0.0839,0.0667
Set up a game server with zero network latency spikes and stable SSH access,r24,0.0912,0.0714
Set up a game server with zero network latency spikes and stable SSH access,r25,0.0776,0.0625
Set up a game server with zero network latency spikes and stable SSH access,r26,0.0912,0.0714
Set up a game server with zero network latency spikes and stable SSH access,r27,0.0839,0.0667
Set up a game server with zero network latency spikes and stable SSH access,r28,0.0912,0.0714
Set up a game server with zero network latency spikes and stable SSH access,r29,0.0839,0.0667
Set up a game server with zero network latency spikes and stable SSH access,r30,0.0912,0.0714
Set up a game server with zero network latency spikes and stable SSH access,r31,0.0839,0.0667
Set up a game server with zero network latency spikes and stable SSH access,r32,0.0000,0.0000
Set up a game server with zero network latency spikes and stable SSH access,r33,0.0776,0.0667
Provision an e-commerce host with guaranteed CPU headroom below 90% utilization,r1,0.0000,0.0000
Provision an e-commerce host with guaranteed CPU headroom below 90% utilization,r2,0.0000,0.0000
Provision an e-commerce host with guaranteed CPU headroom below 90% utilization,r3,0.0000,0.0000
Provision an e-commerce host with guaranteed CPU headroom below 90% utilization,r4,0.0000,0.0000
Provision an e-commerce host with guaranteed CPU headroom below 90% utilization,r5,0.0000,0.0000
Provision an e-commerce host with guaranteed CPU headroom below 90% utilization,r6,0.0000,0.0000
Provision an e-commerce host with guaranteed CPU headroom below 90% utilization,r7,1.0000,0.1000
Provision an e-commerce host with guaranteed CPU headroom below 90% utilization,r8,0.9123,0.0909
Provision an e-commerce host with guaranteed CPU headroom below 90% utilization,r9,1.0000,0.1000
Provision an e-commerce host with guaranteed CPU headroom below 90% utilization,r10,0.9123,0.0909
Provision an e-commerce host with guaranteed CPU headroom below 90% utilization,r11,0.0000,0.0000
Provision an e-commerce host with guaranteed CPU headroom below 90% utilization,r12,0.0000,0.0000
Provision an e-commerce host with guaranteed CPU headroom below 90% utilization,r13,0.0000,0.0000
Provision an e-commerce host with guaranteed CPU headroom below 90% utilization,r14,0.0000,0.0000
Provision an e-commerce host with guaranteed CPU headroom below 90% utilization,r15,0.0000,0.0000
Provision an e-commerce host with guaranteed CPU headroom below 90% utilization,r16,0.0000,0.0000
Provision an e-commerce host with guaranteed CPU headroom below 90% utilization,r17,0.0000,0.0000
Provision an e-commerce host with guaranteed CPU headroom below 90% utilization,r18,0.0000,0.0000
Provision an e-commerce host with guaranteed CPU headroom below 90% utilization,r19,0.0000,0.0000
Provision an e-commerce host with guaranteed CPU headroom below 90% utilization,r20,0.0000,0.0000
Provision an e-commerce host with guaranteed CPU headroom below 90% utilization,r21,0.0000,0.0000
Provision an e-commerce host with guaranteed CPU headroom below 90% utilization,r22,0.0000,0.0000
Provision an e-commerce host with guaranteed CPU headroom below 90% utilization,r23,0.0000,0.0000
Provision an e-commerce host with guaranteed CPU headroom below 90% utilization,r24,0.0000,0.0000
Provision an e-commerce host with guaranteed CPU headroom below 90% utilization,r25,0.0000,0.0000
Provision an e-commerce host with guaranteed CPU headroom below 90% utilization,r26,0.0000,0.0000
Provision an e-commerce host with guaranteed CPU headroom below 90% utilization,r27,0.0000,0.0000
Provision an e-commerce host with guaranteed CPU headroom below 90% utilization,r28,0.0000,0.0000
Provision an e-commerce host with guaranteed CPU headroom below 90% utilization,r29,0.0000,0.0000
Provision an e-commerce host with guaranteed CPU headroom below 90% utilization,r30,0.0000,0.0000
Provision an e-commerce host with guaranteed CPU headroom below 90% utilization,r31,0.0000,0.0000
Provision an e-commerce host with guaranteed CPU headroom below 90% utilization,r32,0.0000,0.0000
Provision an e-commerce host with guaranteed CPU headroom below 90% utilization,r33,0.0000,0.0000
Deploy a critical analytics server with no memory exhaustion risks,r1,0.0000,0.0000
Deploy a critical analytics server with no memory exhaustion risks,r2,0.3314,0.1000
Deploy a critical analytics server with no memory exhaustion risks,r3,1.0000,0.3333
Deploy a critical analytics server with no memory exhaustion risks,r4,0.3314,0.1000
Deploy a critical analytics server with no memory exhaustion risks,r5,1.0000,0.3333
Deploy a critical analytics server with no memory exhaustion risks,r6,0.0000,0.0000
Deploy a critical analytics server with no memory exhaustion risks,r7,0.0000,0.0000
Deploy a critical analytics server with no memory exhaustion risks,r8,0.2320,0.0909
Deploy a critical analytics server with no memory exhaustion risks,r9,0.0000,0.0000
Deploy a critical analytics server with no memory exhaustion risks,r10,0.2320,0.0909
Deploy a critical analytics server with no memory exhaustion risks,r11,0.0000,0.0000
Deploy a critical analytics server with no memory exhaustion risks,r12,0.2320,0.0909
Deploy a critical analytics server with no memory exhaustion risks,r13,0.2320,0.0909
Deploy a critical analytics server with no memory exhaustion risks,r14,0.0000,0.0000
Deploy a critical analytics server with no memory exhaustion risks,r15,0.0000,0.0000
Deploy a critical analytics server with no memory exhaustion risks,r16,0.1837,0.0714
Deploy a critical analytics server with no memory exhaustion risks,r17,0.0000,0.0000
Deploy a critical analytics server with no memory exhaustion risks,r18,0.0000,0.0000
Deploy a critical analytics server with no memory exhaustion risks,r19,0.0000,0.0000
Deploy a critical analytics server with no memory exhaustion risks,r20,0.0000,0.0000
Deploy a critical analytics server with no memory exhaustion risks,r21,0.0000,0.0000
Deploy a critical analytics server with no memory exhaustion risks,r22,0.0000,0.0000
Deploy a critical analytics server with no memory exhaustion risks,r23,0.0000,0.0000
Deploy a critical analytics server with no memory exhaustion risks,r24,0.0000,0.0000
Deploy a critical analytics server with no memory exhaustion risks,r25,0.0000,0.0000
Deploy a critical analytics server with no memory exhaustion risks,r26,0.0000,0.0000
Deploy a critical analytics server with no memory exhaustion risks,r27,0.0000,0.0000
Deploy a critical analytics server with no memory exhaustion risks,r28,0.0000,0.0000
Deploy a critical analytics server with no memory exhaustion risks,r29,0.0000,0.0000
Deploy a critical analytics server with no memory exhaustion risks,r30,0.0000,0.0000
Deploy a critical analytics server with no memory exhaustion risks,r31,0.0000,0.0000
Deploy a critical analytics server with no memory exhaustion risks,r32,0.3024,0.0909
Deploy a critical analytics server with no memory exhaustion risks,r33,0.0000,0.0000
Create a high-security server with MTU 1500 enforcement and gateway monitoring,r1,0.0000,0.0000
Create a high-security server with MTU 1500 enforcement and gateway monitoring,r2,0.0000,0.0000
Create a high-security server with MTU 1500 enforcement and gateway monitoring,r3,0.0000,0.0000
Create a high-security server with MTU 1500 enforcement and gateway monitoring,r4,0.0000,0.0000
Create a high-security server with MTU 1500 enforcement and gateway monitoring,r5,0.0000,0.0000
Create a high-security server with MTU 1500 enforcement and gateway monitoring,r6,0.0000,0.0000
Create a high-security server with MTU 1500 enforcement and gateway monitoring,r7,0.0000,0.0000
Create a high-security server with MTU 1500 enforcement and gateway monitoring,r8,0.0000,0.0000
Create a high-security server with MTU 1500 enforcement and gateway monitoring,r9,0.0000,0.0000
Create a high-security server with MTU 1500 enforcement and gateway monitoring,r10,0.0000,0.0000
Create a high-security server with MTU 1500 enforcement and gateway monitoring,r11,0.0000,0.0000
Create a high-security server with MTU 1500 enforcement and gateway monitoring,r12,0.0000,0.0000
Create a high-security server with MTU 1500 enforcement and gateway monitoring,r13,0.0000,0.0000
Create a high-security server with MTU 1500 enforcement and gateway monitoring,r14,0.0000,0.0000
Create a high-security server with MTU 1500 enforcement and gateway monitoring,r15,0.0000,0.0000
Create a high-security server with MTU 1500 enforcement and gateway monitoring,r16,0.8612,0.0667
Create a high-security server with MTU 1500 enforcement and gateway monitoring,r17,1.0000,0.0769
Create a high-security server with MTU 1500 enforcement and gateway monitoring,r18,0.0000,0.0000
Create a high-security server with MTU 1500 enforcement and gateway monitoring,r19,0.3885,0.0833
Create a high-security server with MTU 1500 enforcement and gateway monitoring,r20,0.3572,0.0769
Create a high-security server with MTU 1500 enforcement and gateway monitoring,r21,0.3885,0.0833
Create a high-security server with MTU 1500 enforcement and gateway monitoring,r22,0.3572,0.0769
Create a high-security server with MTU 1500 enforcement and gateway monitoring,r23,0.0000,0.0000
Create a high-security server with MTU 1500 enforcement and gateway monitoring,r24,0.0000,0.0000
Create a high-security server with MTU 1500 enforcement and gateway monitoring,r25,0.0000,0.0000
Create a high-security server with MTU 1500 enforcement and gateway monitoring,r26,0.0000,0.0000
Create a high-security server with MTU 1500 enforcement and gateway monitoring,r27,0.0000,0.0000
Create a high-security server with MTU 1500 enforcement and gateway monitoring,r28,0.3885,0.0833
Create a high-security server with MTU 1500 enforcement and gateway monitoring,r29,0.3572,0.0769
Create a high-security server with MTU 1500 enforcement and gateway monitoring,r30,0.3885,0.0833
Create a high-security server with MTU 1500 enforcement and gateway monitoring,r31,0.3572,0.0769
Create a high-security server with MTU 1500 enforcement and gateway monitoring,r32,0.0000,0.0000
Create a high-security server with MTU 1500 enforcement and gateway monitoring,r33,0.0000,0.0000
Implement a financial trading system with network interface stability guarantees,r1,0.0000,0.0000
Implement a financial trading system with network interface stability guarantees,r2,0.0000,0.0000
Implement a financial trading system with network interface stability guarantees,r3,0.0000,0.0000
Implement a financial trading system with network interface stability guarantees,r4,0.0000,0.0000
Implement a financial trading system with network interface stability guarantees,r5,0.0000,0.0000
Implement a financial trading system with network interface stability guarantees,r6,0.0000,0.0000
Implement a financial trading system with network interface stability guarantees,r7,0.0000,0.0000
Implement a financial trading system with network interface stability guarantees,r8,0.0000,0.0000
Implement a financial trading system with network interface stability guarantees,r9,0.0000,0.0000
Implement a financial trading system with network interface stability guarantees,r10,0.0000,0.0000
Implement a financial trading system with network interface stability guarantees,r11,0.0000,0.0000
Implement a financial trading system with network interface stability guarantees,r12,0.0000,0.0000
Implement a financial trading system with network interface stability guarantees,r13,0.0000,0.0000
Implement a financial trading system with network interface stability guarantees,r14,0.0000,0.0000
Implement a financial trading system with network interface stability guarantees,r15,0.0000,0.0000
Implement a financial trading system with network interface stability guarantees,r16,0.1320,0.0667
Implement a financial trading system with network interface stability guarantees,r17,0.1532,0.0769
Implement a financial trading system with network interface stability guarantees,r18,1.0000,0.1818
Implement a financial trading system with network interface stability guarantees,r19,0.1667,0.0833
Implement a financial trading system with network interface stability guarantees,r20,0.1532,0.0769
Implement a financial trading system with network interface stability guarantees,r21,0.1667,0.0833
Implement a financial trading system with network interface stability guarantees,r22,0.1532,0.0769
Implement a financial trading system with network interface stability guarantees,r23,0.1532,0.0769
Implement a financial trading system with network interface stability guarantees,r24,0.1667,0.0833
Implement a financial trading system with network interface stability guarantees,r25,0.1418,0.0714
Implement a financial trading system with network interface stability guarantees,r26,0.1667,0.0833
Implement a financial trading system with network interface stability guarantees,r27,0.1532,0.0769
Implement a financial trading system with network interface stability guarantees,r28,0.1667,0.0833
Implement a financial trading system with network interface stability guarantees,r29,0.1532,0.0769
Implement a financial trading system with network interface stability guarantees,r30,0.1667,0.0833
Implement a financial trading system with network interface stability guarantees,r31,0.1532,0.0769
Implement a financial trading system with network interface stability guarantees,r32,0.0000,0.0000
Implement a financial trading system with network interface stability guarantees,r33,0.1418,0.0769
Build a IoT edge node with temperature controls and fan speed safeguards,r1,0.0000,0.0000
Build a IoT edge node with temperature controls and fan speed safeguards,r2,0.0000,0.0000
Build a IoT edge node with temperature controls and fan speed safeguards,r3,0.0000,0.0000
Build a IoT edge node with temperature controls and fan speed safeguards,r4,0.0000,0.0000
Build a IoT edge node with temperature controls and fan speed safeguards,r5,0.0000,0.0000
Build a IoT edge node with temperature controls and fan speed safeguards,r6,0.0000,0.0000
Build a IoT edge node with temperature controls and fan speed safeguards,r7,0.0000,0.0000
Build a IoT edge node with temperature controls and fan speed safeguards,r8,0.0000,0.0000
Build a IoT edge node with temperature controls and fan speed safeguards,r9,0.0000,0.0000
Build a IoT edge node with temperature controls and fan speed safeguards,r10,0.0000,0.0000
Build a IoT edge node with temperature controls and fan speed safeguards,r11,0.4119,0.0769
Build a IoT edge node with temperature controls and fan speed safeguards,r12,0.4119,0.0769
Build a IoT edge node with temperature controls and fan speed safeguards,r13,1.0000,0.1667
Build a IoT edge node with temperature controls and fan speed safeguards,r14,0.0000,0.0000
Build a IoT edge node with temperature controls and fan speed safeguards,r15,0.0000,0.0000
Build a IoT edge node with temperature controls and fan speed safeguards,r16,0.0000,0.0000
Build a IoT edge node with temperature controls and fan speed safeguards,r17,0.0000,0.0000
Build a IoT edge node with temperature controls and fan speed safeguards,r18,0.0000,0.0000
Build a IoT edge node with temperature controls and fan speed safeguards,r19,0.0000,0.0000
Build a IoT edge node with temperature controls and fan speed safeguards,r20,0.0000,0.0000
Build a IoT edge node with temperature controls and fan speed safeguards,r21,0.0000,0.0000
Build a IoT edge node with temperature controls and fan speed safeguards,r22,0.0000,0.0000
Build a IoT edge node with temperature controls and fan speed safeguards,r23,0.0000,0.0000
Build a IoT edge node with temperature controls and fan speed safeguards,r24,0.0000,0.0000
Build a IoT edge node with temperature controls and fan speed safeguards,r25,0.0000,0.0000
Build a IoT edge node with temperature controls and fan speed safeguards,r26,0.0000,0.0000
Build a IoT edge node with temperature controls and fan speed safeguards,r27,0.0000,0.0000
Build a IoT edge node with temperature controls and fan speed safeguards,r28,0.0000,0.0000
Build a IoT edge node with temperature controls and fan speed safeguards,r29,0.0000,0.0000
Build a IoT edge node with temperature controls and fan speed safeguards,r30,0.0000,0.0000
Build a IoT edge node with temperature controls and fan speed safeguards,r31,0.0000,0.0000
Build a IoT edge node with temperature controls and fan speed safeguards,r32,0.0000,0.0000
Build a IoT edge node with temperature controls and fan speed safeguards,r33,0.0000,0.0000
Deploy a machine learning host protected against CPU overload scenarios,r1,0.0000,0.0000
Deploy a machine learning host protected against CPU overload scenarios,r2,0.0000,0.0000
Deploy a machine learning host protected against CPU overload scenarios,r3,0.0000,0.0000
Deploy a machine learning host protected against CPU overload scenarios,r4,0.3043,0.0909
Deploy a machine learning host protected against CPU overload scenarios,r5,0.2777,0.0833
Deploy a machine learning host protected against CPU overload scenarios,r6,0.0000,0.0000
Deploy a machine learning host protected against CPU overload scenarios,r7,0.6957,0.2000
Deploy a machine learning host protected against CPU overload scenarios,r8,0.6347,0.1818
Deploy a machine learning host protected against CPU overload scenarios,r9,1.0000,0.3333
Deploy a machine learning host protected against CPU overload scenarios,r10,0.9123,0.3000
Deploy a machine learning host protected against CPU overload scenarios,r11,0.0000,0.0000
Deploy a machine learning host protected against CPU overload scenarios,r12,0.0000,0.0000
Deploy a machine learning host protected against CPU overload scenarios,r13,0.0000,0.0000
Deploy a machine learning host protected against CPU overload scenarios,r14,0.0000,0.0000
Deploy a machine learning host protected against CPU overload scenarios,r15,0.3043,0.0909
Deploy a machine learning host protected against CPU overload scenarios,r16,0.0000,0.0000
Deploy a machine learning host protected against CPU overload scenarios,r17,0.0000,0.0000
Deploy a machine learning host protected against CPU overload scenarios,r18,0.0000,0.0000
Deploy a machine learning host protected against CPU overload scenarios,r19,0.0000,0.0000
Deploy a machine learning host protected against CPU overload scenarios,r20,0.0000,0.0000
Deploy a machine learning host protected against CPU overload scenarios,r21,0.0000,0.0000
Deploy a machine learning host protected against CPU overload scenarios,r22,0.0000,0.0000
Deploy a machine learning host protected against CPU overload scenarios,r23,0.0000,0.0000
Deploy a machine learning host protected against CPU overload scenarios,r24,0.0000,0.0000
Deploy a machine learning host protected against CPU overload scenarios,r25,0.0000,0.0000
Deploy a machine learning host protected against CPU overload scenarios,r26,0.0000,0.0000
Deploy a machine learning host protected against CPU overload scenarios,r27,0.0000,0.0000
Deploy a machine learning host protected against CPU overload scenarios,r28,0.0000,0.0000
Deploy a machine learning host protected against CPU overload scenarios,r29,0.0000,0.0000
Deploy a machine learning host protected against CPU overload scenarios,r30,0.0000,0.0000
Deploy a machine learning host protected against CPU overload scenarios,r31,0.0000,0.0000
Deploy a machine learning host protected against CPU overload scenarios,r32,0.0000,0.0000
Deploy a machine learning host protected against CPU overload scenarios,r33,0.0000,0.0000
Setup a reverse proxy with DPDK buffer protection and IP fragment security,r1,0.0000,0.0000
Setup a reverse proxy with DPDK buffer protection and IP fragment security,r2,0.0000,0.0000
Setup a reverse proxy with DPDK buffer protection and IP fragment security,r3,0.0000,0.0000
Setup a reverse proxy with DPDK buffer protection and IP fragment security,r4,0.0000,0.0000
Setup a reverse proxy with DPDK buffer protection and IP fragment security,r5,0.0000,0.0000
Setup a reverse proxy with DPDK buffer protection and IP fragment security,r6,0.0000,0.0000
Setup a reverse proxy with DPDK buffer protection and IP fragment security,r7,0.0000,0.0000
Setup a reverse proxy with DPDK buffer protection and IP fragment security,r8,0.0000,0.0000
Setup a reverse proxy with DPDK buffer protection and IP fragment security,r9,0.0000,0.0000
Setup a reverse proxy with DPDK buffer protection and IP fragment security,r10,0.0000,0.0000
Setup a reverse proxy with DPDK buffer protection and IP fragment security,r11,0.0000,0.0000
Setup a reverse proxy with DPDK buffer protection and IP fragment security,r12,0.0000,0.0000
Setup a reverse proxy with DPDK buffer protection and IP fragment security,r13,0.0000,0.0000
Setup a reverse proxy with DPDK buffer protection and IP fragment security,r14,0.0000,0.0000
Setup a reverse proxy with DPDK buffer protection and IP fragment security,r15,0.0000,0.0000
Setup a reverse proxy with DPDK buffer protection and IP fragment security,r16,0.0000,0.0000
Setup a reverse proxy with DPDK buffer protection and IP fragment security,r17,0.0000,0.0000
Setup a reverse proxy with DPDK buffer protection and IP fragment security,r18,0.0000,0.0000
Setup a reverse proxy with DPDK buffer protection and IP fragment security,r19,0.0000,0.0000
Setup a reverse proxy with DPDK buffer protection and IP fragment security,r20,0.0000,0.0000
Setup a reverse proxy with DPDK buffer protection and IP fragment security,r21,0.0000,0.0000
Setup a reverse proxy with DPDK buffer protection and IP fragment security,r22,0.0000,0.0000
Setup a reverse proxy with DPDK buffer protection and IP fragment security,r23,0.6261,0.1667
Setup a reverse proxy with DPDK buffer protection and IP fragment security,r24,0.1791,0.0833
Setup a reverse proxy with DPDK buffer protection and IP fragment security,r25,0.5794,0.1538
Setup a reverse proxy with DPDK buffer protection and IP fragment security,r26,1.0000,0.1818
Setup a reverse proxy with DPDK buffer protection and IP fragment security,r27,0.1647,0.0769
Setup a reverse proxy with DPDK buffer protection and IP fragment security,r28,0.1791,0.0833
Setup a reverse proxy with DPDK buffer protection and IP fragment security,r29,0.1647,0.0769
Setup a reverse proxy with DPDK buffer protection and IP fragment security,r30,0.1791,0.0833
Setup a reverse proxy with DPDK buffer protection and IP fragment security,r31,0.1647,0.0769
Setup a reverse proxy with DPDK buffer protection and IP fragment security,r32,0.6810,0.1818
Setup a reverse proxy with DPDK buffer protection and IP fragment security,r33,0.6532,0.1667
Create a Kubernetes master node with network error rate monitoring,r1,0.0000,0.0000
Create a Kubernetes master node with network error rate monitoring,r2,0.0000,0.0000
Create a Kubernetes master node with network error rate monitoring,r3,0.0000,0.0000
Create a Kubernetes master node with network error rate monitoring,r4,0.0000,0.0000
Create a Kubernetes master node with network error rate monitoring,r5,0.0000,0.0000
Create a Kubernetes master node with network error rate monitoring,r6,0.0000,0.0000
Create a Kubernetes master node with network error rate monitoring,r7,0.0000,0.0000
Create a Kubernetes master node with network error rate monitoring,r8,0.0000,0.0000
Create a Kubernetes master node with network error rate monitoring,r9,0.0000,0.0000
Create a Kubernetes master node with network error rate monitoring,r10,0.0000,0.0000
Create a Kubernetes master node with network error rate monitoring,r11,0.0000,0.0000
Create a Kubernetes master node with network error rate monitoring,r12,0.0000,0.0000
Create a Kubernetes master node with network error rate monitoring,r13,0.0000,0.0000
Create a Kubernetes master node with network error rate monitoring,r14,0.0000,0.0000
Create a Kubernetes master node with network error rate monitoring,r15,0.0000,0.0000
Create a Kubernetes master node with network error rate monitoring,r16,0.2155,0.0667
Create a Kubernetes master node with network error rate monitoring,r17,0.2502,0.0769
Create a Kubernetes master node with network error rate monitoring,r18,0.2722,0.0833
Create a Kubernetes master node with network error rate monitoring,r19,1.0000,0.1818
Create a Kubernetes master node with network error rate monitoring,r20,0.2502,0.0769
Create a Kubernetes master node with network error rate monitoring,r21,1.0000,0.1818
Create a Kubernetes master node with network error rate monitoring,r22,0.2502,0.0769
Create a Kubernetes master node with network error rate monitoring,r23,0.2502,0.0769
Create a Kubernetes master node with network error rate monitoring,r24,0.2722,0.0833
Create a Kubernetes master node with network error rate monitoring,r25,0.2316,0.0714
Create a Kubernetes master node with network error rate monitoring,r26,0.2722,0.0833
Create a Kubernetes master node with network error rate monitoring,r27,0.2502,0.0769
Create a Kubernetes master node with network error rate monitoring,r28,1.0000,0.1818
Create a Kubernetes master node with network error rate monitoring,r29,0.2502,0.0769
Create a Kubernetes master node with network error rate monitoring,r30,1.0000,0.1818
Create a Kubernetes master node with network error rate monitoring,r31,0.2502,0.0769
Create a Kubernetes master node with network error rate monitoring,r32,0.0000,0.0000
Create a Kubernetes master node with network error rate monitoring,r33,0.8508,0.1667
Setup a blockchain node with DPDK network safeguards and CPU headroom,r1,0.0000,0.0000
Setup a blockchain node with DPDK network safeguards and CPU headroom,r2,0.0000,0.0000
Setup a blockchain node with DPDK network safeguards and CPU headroom,r3,0.0000,0.0000
Setup a blockchain node with DPDK network safeguards and CPU headroom,r4,0.0000,0.0000
Setup a blockchain node with DPDK network safeguards and CPU headroom,r5,0.0000,0.0000
Setup a blockchain node with DPDK network safeguards and CPU headroom,r6,0.0000,0.0000
Setup a blockchain node with DPDK network safeguards and CPU headroom,r7,1.0000,0.0909
Setup a blockchain node with DPDK network safeguards and CPU headroom,r8,0.9123,0.0833
Setup a blockchain node with DPDK network safeguards and CPU headroom,r9,1.0000,0.0909
Setup a blockchain node with DPDK network safeguards and CPU headroom,r10,0.9123,0.0833
Setup a blockchain node with DPDK network safeguards and CPU headroom,r11,0.0000,0.0000
Setup a blockchain node with DPDK network safeguards and CPU headroom,r12,0.0000,0.0000
Setup a blockchain node with DPDK network safeguards and CPU headroom,r13,0.0000,0.0000
Setup a blockchain node with DPDK network safeguards and CPU headroom,r14,0.0000,0.0000
Setup a blockchain node with DPDK network safeguards and CPU headroom,r15,0.0000,0.0000
Setup a blockchain node with DPDK network safeguards and CPU headroom,r16,0.2363,0.0667
Setup a blockchain node with DPDK network safeguards and CPU headroom,r17,0.2744,0.0769
Setup a blockchain node with DPDK network safeguards and CPU headroom,r18,0.2985,0.0833
Setup a blockchain node with DPDK network safeguards and CPU headroom,r19,0.2985,0.0833
Setup a blockchain node with DPDK network safeguards and CPU headroom,r20,0.2744,0.0769
Setup a blockchain node with DPDK network safeguards and CPU headroom,r21,0.2985,0.0833
Setup a blockchain node with DPDK network safeguards and CPU headroom,r22,0.2744,0.0769
Setup a blockchain node with DPDK network safeguards and CPU headroom,r23,0.5738,0.1667
Setup a blockchain node with DPDK network safeguards and CPU headroom,r24,0.6241,0.1818
Setup a blockchain node with DPDK network safeguards and CPU headroom,r25,0.5310,0.1538
Setup a blockchain node with DPDK network safeguards and CPU headroom,r26,0.6241,0.1818
Setup a blockchain node with DPDK network safeguards and CPU headroom,r27,0.5738,0.1667
Setup a blockchain node with DPDK network safeguards and CPU headroom,r28,0.6241,0.1818
Setup a blockchain node with DPDK network safeguards and CPU headroom,r29,0.5738,0.1667
Setup a blockchain node with DPDK network safeguards and CPU headroom,r30,0.6241,0.1818
Setup a blockchain node with DPDK network safeguards and CPU headroom,r31,0.5738,0.1667
Setup a blockchain node with DPDK network safeguards and CPU headroom,r32,0.3257,0.0833
Setup a blockchain node with DPDK network safeguards and CPU headroom,r33,0.6652,0.1667
Implement a real-time streaming service with RX/TX error prevention,r1,0.0000,0.0000
Implement a real-time streaming service with RX/TX error prevention,r2,0.0000,0.0000
Implement a real-time streaming service with RX/TX error prevention,r3,0.0000,0.0000
Implement a real-time streaming service with RX/TX error prevention,r4,0.0000,0.0000
Implement a real-time streaming service with RX/TX error prevention,r5,0.0000,0.0000
Implement a real-time streaming service with RX/TX error prevention,r6,0.0000,0.0000
Implement a real-time streaming service with RX/TX error prevention,r7,0.0000,0.0000
Implement a real-time streaming service with RX/TX error prevention,r8,0.0000,0.0000
Implement a real-time streaming service with RX/TX error prevention,r9,0.0000,0.0000
Implement a real-time streaming service with RX/TX error prevention,r10,0.0000,0.0000
Implement a real-time streaming service with RX/TX error prevention,r11,0.0000,0.0000
Implement a real-time streaming service with RX/TX error prevention,r12,0.0000,0.0000
Implement a real-time streaming service with RX/TX error prevention,r13,0.0000,0.0000
Implement a real-time streaming service with RX/TX error prevention,r14,0.0000,0.0000
Implement a real-time streaming service with RX/TX error prevention,r15,0.0000,0.0000
Implement a real-time streaming service with RX/TX error prevention,r16,0.0000,0.0000
Implement a real-time streaming service with RX/TX error prevention,r17,0.0000,0.0000
Implement a real-time streaming service with RX/TX error prevention,r18,0.0000,0.0000
Implement a real-time streaming service with RX/TX error prevention,r19,1.0000,0.0909
Implement a real-time streaming service with RX/TX error prevention,r20,0.0000,0.0000
Implement a real-time streaming service with RX/TX error prevention,r21,1.0000,0.0909
Implement a real-time streaming service with RX/TX error prevention,r22,0.0000,0.0000
Implement a real-time streaming service with RX/TX error prevention,r23,0.0000,0.0000
Implement a real-time streaming service with RX/TX error prevention,r24,0.0000,0.0000
Implement a real-time streaming service with RX/TX error prevention,r25,0.0000,0.0000
Implement a real-time streaming service with RX/TX error prevention,r26,0.0000,0.0000
Implement a real-time streaming service with RX/TX error prevention,r27,0.0000,0.0000
Implement a real-time streaming service with RX/TX error prevention,r28,1.0000,0.0909
Implement a real-time streaming service with RX/TX error prevention,r29,0.0000,0.0000
Implement a real-time streaming service with RX/TX error prevention,r30,1.0000,0.0909
Implement a real-time streaming service with RX/TX error prevention,r31,0.0000,0.0000
Implement a real-time streaming service with RX/TX error prevention,r32,0.0000,0.0000
Implement a real-time streaming service with RX/TX error prevention,r33,0.8508,0.0833
Deploy a high-frequency trading system with zero packet drops,r1,0.0000,0.0000
Deploy a high-frequency trading system with zero packet drops,r2,0.0000,0.0000
Deploy a high-frequency trading system with zero packet drops,r3,0.0000,0.0000
Deploy a high-frequency trading system with zero packet drops,r4,0.0000,0.0000
Deploy a high-frequency trading system with zero packet drops,r5,0.0000,0.0000
Deploy a high-frequency trading system with zero packet drops,r6,0.0000,0.0000
Deploy a high-frequency trading system with zero packet drops,r7,0.0000,0.0000
Deploy a high-frequency trading system with zero packet drops,r8,0.0000,0.0000
Deploy a high-frequency trading system with zero packet drops,r9,0.0000,0.0000
Deploy a high-frequency trading system with zero packet drops,r10,0.0000,0.0000
Deploy a high-frequency trading system with zero packet drops,r11,0.0000,0.0000
Deploy a high-frequency trading system with zero packet drops,r12,0.0000,0.0000
Deploy a high-frequency trading system with zero packet drops,r13,0.0000,0.0000
Deploy a high-frequency trading system with zero packet drops,r14,0.0000,0.0000
Deploy a high-frequency trading system with zero packet drops,r15,0.0000,0.0000
Deploy a high-frequency trading system with zero packet drops,r16,0.0000,0.0000
Deploy a high-frequency trading system with zero packet drops,r17,0.0000,0.0000
Deploy a high-frequency trading system with zero packet drops,r18,0.0000,0.0000
Deploy a high-frequency trading system with zero packet drops,r19,0.2168,0.0833
Deploy a high-frequency trading system with zero packet drops,r20,1.0000,0.2727
Deploy a high-frequency trading system with zero packet drops,r21,0.2168,0.0833
Deploy a high-frequency trading system with zero packet drops,r22,0.5404,0.1667
Deploy a high-frequency trading system with zero packet drops,r23,0.0000,0.0000
Deploy a high-frequency trading system with zero packet drops,r24,0.0000,0.0000
Deploy a high-frequency trading system with zero packet drops,r25,0.0000,0.0000
Deploy a high-frequency trading system with zero packet drops,r26,0.0000,0.0000
Deploy a high-frequency trading system with zero packet drops,r27,0.0000,0.0000
Deploy a high-frequency trading system with zero packet drops,r28,0.2168,0.0833
Deploy a high-frequency trading system with zero packet drops,r29,1.0000,0.2727
Deploy a high-frequency trading system with zero packet drops,r30,0.2168,0.0833
Deploy a high-frequency trading system with zero packet drops,r31,0.5404,0.1667
Deploy a high-frequency trading system with zero packet drops,r32,0.0000,0.0000
Deploy a high-frequency trading system with zero packet drops,r33,0.0000,0.0000
Create an AI inference server with memory buffer monitoring,r1,0.0000,0.0000
Create an AI inference server with memory buffer monitoring,r2,0.5115,0.1111
Create an AI inference server with memory buffer monitoring,r3,0.4666,0.1000
Create an AI inference server with memory buffer monitoring,r4,0.5115,0.1111
Create an AI inference server with memory buffer monitoring,r5,0.4666,0.1000
Create an AI inference server with memory buffer monitoring,r6,0.0000,0.0000
Create an AI inference server with memory buffer monitoring,r7,0.0000,0.0000
Create an AI inference server with memory buffer monitoring,r8,0.0000,0.0000
Create an AI inference server with memory buffer monitoring,r9,0.0000,0.0000
Create an AI inference server with memory buffer monitoring,r10,0.0000,0.0000
Create an AI inference server with memory buffer monitoring,r11,0.0000,0.0000
Create an AI inference server with memory buffer monitoring,r12,0.0000,0.0000
Create an AI inference server with memory buffer monitoring,r13,0.0000,0.0000
Create an AI inference server with memory buffer monitoring,r14,0.0000,0.0000
Create an AI inference server with memory buffer monitoring,r15,0.0000,0.0000
Create an AI inference server with memory buffer monitoring,r16,0.0000,0.0000
Create an AI inference server with memory buffer monitoring,r17,0.0000,0.0000
Create an AI inference server with memory buffer monitoring,r18,0.0000,0.0000
Create an AI inference server with memory buffer monitoring,r19,0.0000,0.0000
Create an AI inference server with memory buffer monitoring,r20,0.0000,0.0000
Create an AI inference server with memory buffer monitoring,r21,0.0000,0.0000
Create an AI inference server with memory buffer monitoring,r22,0.0000,0.0000
Create an AI inference server with memory buffer monitoring,r23,0.4904,0.0909
Create an AI inference server with memory buffer monitoring,r24,0.0000,0.0000
Create an AI inference server with memory buffer monitoring,r25,0.4538,0.0833
Create an AI inference server with memory buffer monitoring,r26,0.0000,0.0000
Create an AI inference server with memory buffer monitoring,r27,0.0000,0.0000
Create an AI inference server with memory buffer monitoring,r28,0.0000,0.0000
Create an AI inference server with memory buffer monitoring,r29,0.0000,0.0000
Create an AI inference server with memory buffer monitoring,r30,0.0000,0.0000
Create an AI inference server with memory buffer monitoring,r31,0.0000,0.0000
Create an AI inference server with memory buffer monitoring,r32,1.0000,0.2222
Create an AI inference server with memory buffer monitoring,r33,0.4538,0.0909
Provision a medical imaging with guaranteed CPU availability,r1,0.0000,0.0000
Provision a medical imaging with guaranteed CPU availability,r2,0.0000,0.0000
Provision a medical imaging with guaranteed CPU availability,r3,0.0000,0.0000
Provision a medical imaging with guaranteed CPU availability,r4,0.0000,0.0000
Provision a medical imaging with guaranteed CPU availability,r5,0.0000,0.0000
Provision a medical imaging with guaranteed CPU availability,r6,0.0000,0.0000
Provision a medical imaging with guaranteed CPU availability,r7,1.0000,0.1111
Provision a medical imaging with guaranteed CPU availability,r8,0.9123,0.1000
Provision a medical imaging with guaranteed CPU availability,r9,1.0000,0.1111
Provision a medical imaging with guaranteed CPU availability,r10,0.9123,0.1000
Provision a medical imaging with guaranteed CPU availability,r11,0.0000,0.0000
Provision a medical imaging with guaranteed CPU availability,r12,0.0000,0.0000
Provision a medical imaging with guaranteed CPU availability,r13,0.0000,0.0000
Provision a medical imaging with guaranteed CPU availability,r14,0.0000,0.0000
Provision a medical imaging with guaranteed CPU availability,r15,0.0000,0.0000
Provision a medical imaging with guaranteed CPU availability,r16,0.0000,0.0000
Provision a medical imaging with guaranteed CPU availability,r17,0.0000,0.0000
Provision a medical imaging with guaranteed CPU availability,r18,0.0000,0.0000
Provision a medical imaging with guaranteed CPU availability,r19,0.0000,0.0000
Provision a medical imaging with guaranteed CPU availability,r20,0.0000,0.0000
Provision a medical imaging with guaranteed CPU availability,r21,0.0000,0.0000
Provision a medical imaging with guaranteed CPU availability,r22,0.0000,0.0000
Provision a medical imaging with guaranteed CPU availability,r23,0.0000,0.0000
Provision a medical imaging with guaranteed CPU availability,r24,0.0000,0.0000
Provision a medical imaging with guaranteed CPU availability,r25,0.0000,0.0000
Provision a medical imaging with guaranteed CPU availability,r26,0.0000,0.0000
Provision a medical imaging with guaranteed CPU availability,r27,0.0000,0.0000
Provision a medical imaging with guaranteed CPU availability,r28,0.0000,0.0000
Provision a medical imaging with guaranteed CPU availability,r29,0.0000,0.0000
Provision a medical imaging with guaranteed CPU availability,r30,0.0000,0.0000
Provision a medical imaging with guaranteed CPU availability,r31,0.0000,0.0000
Provision a medical imaging with guaranteed CPU availability,r32,0.0000,0.0000
Provision a medical imaging with guaranteed CPU availability,r33,0.0000,0.0000
Setup a DNS server with ARP consistency and MTU compliance,r1,0.0000,0.0000
Setup a DNS server with ARP consistency and MTU compliance,r2,0.0000,0.0000
Setup a DNS server with ARP consistency and MTU compliance,r3,0.0000,0.0000
Setup a DNS server with ARP consistency and MTU compliance,r4,0.0000,0.0000
Setup a DNS server with ARP consistency and MTU compliance,r5,0.0000,0.0000
Setup a DNS server with ARP consistency and MTU compliance,r6,0.0000,0.0000
Setup a DNS server with ARP consistency and MTU compliance,r7,0.0000,0.0000
Setup a DNS server with ARP consistency and MTU compliance,r8,0.0000,0.0000
Setup a DNS server with ARP consistency and MTU compliance,r9,0.0000,0.0000
Setup a DNS server with ARP consistency and MTU compliance,r10,0.0000,0.0000
Setup a DNS server with ARP consistency and MTU compliance,r11,0.0000,0.0000
Setup a DNS server with ARP consistency and MTU compliance,r12,0.0000,0.0000
Setup a DNS server with ARP consistency and MTU compliance,r13,0.0000,0.0000
Setup a DNS server with ARP consistency and MTU compliance,r14,0.0000,0.0000
Setup a DNS server with ARP consistency and MTU compliance,r15,0.0000,0.0000
Setup a DNS server with ARP consistency and MTU compliance,r16,0.8612,0.0714
Setup a DNS server with ARP consistency and MTU compliance,r17,1.0000,0.0833
Setup a DNS server with ARP consistency and MTU compliance,r18,0.0000,0.0000
Setup a DNS server with ARP consistency and MTU compliance,r19,0.0000,0.0000
Setup a DNS server with ARP consistency and MTU compliance,r20,0.0000,0.0000
Setup a DNS server with ARP consistency and MTU compliance,r21,0.0000,0.0000
Setup a DNS server with ARP consistency and MTU compliance,r22,0.0000,0.0000
Setup a DNS server with ARP consistency and MTU compliance,r23,0.0000,0.0000
Setup a DNS server with ARP consistency and MTU compliance,r24,0.0000,0.0000
Setup a DNS server with ARP consistency and MTU compliance,r25,0.0000,0.0000
Setup a DNS server with ARP consistency and MTU compliance,r26,0.0000,0.0000
Setup a DNS server with ARP consistency and MTU compliance,r27,0.0000,0.0000
Setup a DNS server with ARP consistency and MTU compliance,r28,0.0000,0.0000
Setup a DNS server with ARP consistency and MTU compliance,r29,0.0000,0.0000
Setup a DNS server with ARP consistency and MTU compliance,r30,0.0000,0.0000
Setup a DNS server with ARP consistency and MTU compliance,r31,0.0000,0.0000
Setup a DNS server with ARP consistency and MTU compliance,r32,0.0000,0.0000
Setup a DNS server with ARP consistency and MTU compliance,r33,0.0000,0.0000
I want to deploy a IoT gateway that has at least 16GB of RAM and no packet loss allowed,r1,0.0000,0.0000
I want to deploy a IoT gateway that has at least 16GB of RAM and no packet loss allowed,r2,0.0000,0.0000
I want to deploy a IoT gateway that has at least 16GB of RAM and no packet loss allowed,r3,0.0000,0.0000
I want to deploy a IoT gateway that has at least 16GB of RAM and no packet loss allowed,r4,0.0000,0.0000
I want to deploy a IoT gateway that has at least 16GB of RAM and no packet loss allowed,r5,0.0000,0.0000
I want to deploy a IoT gateway that has at least 16GB of RAM and no packet loss allowed,r6,0.0000,0.0000
I want to deploy a IoT gateway that has at least 16GB of RAM and no packet loss allowed,r7,0.0000,0.0000
I want to deploy a IoT gateway that has at least 16GB of RAM and no packet loss allowed,r8,0.0000,0.0000
I want to deploy a IoT gateway that has at least 16GB of RAM and no packet loss allowed,r9,0.0000,0.0000
I want to deploy a IoT gateway that has at least 16GB of RAM and no packet loss allowed,r10,0.0000,0.0000
I want to deploy a IoT gateway that has at least 16GB of RAM and no packet loss allowed,r11,0.0000,0.0000
I want to deploy a IoT gateway that has at least 16GB of RAM and no packet loss allowed,r12,0.0000,0.0000
I want to deploy a IoT gateway that has at least 16GB of RAM and no packet loss allowed,r13,0.0000,0.0000
I want to deploy a IoT gateway that has at least 16GB of RAM and no packet loss allowed,r14,0.0000,0.0000
I want to deploy a IoT gateway that has at least 16GB of RAM and no packet loss allowed,r15,0.0000,0.0000
I want to deploy a IoT gateway that has at least 16GB of RAM and no packet loss allowed,r16,0.6001,0.0667
I want to deploy a IoT gateway that has at least 16GB of RAM and no packet loss allowed,r17,0.0000,0.0000
I want to deploy a IoT gateway that has at least 16GB of RAM and no packet loss allowed,r18,0.0000,0.0000
I want to deploy a IoT gateway that has at least 16GB of RAM and no packet loss allowed,r19,0.0000,0.0000
I want to deploy a IoT gateway that has at least 16GB of RAM and no packet loss allowed,r20,0.4260,0.0769
I want to deploy a IoT gateway that has at least 16GB of RAM and no packet loss allowed,r21,0.0000,0.0000
I want to deploy a IoT gateway that has at least 16GB of RAM and no packet loss allowed,r22,1.0000,0.1667
I want to deploy a IoT gateway that has at least 16GB of RAM and no packet loss allowed,r23,0.0000,0.0000
I want to deploy a IoT gateway that has at least 16GB of RAM and no packet loss allowed,r24,0.0000,0.0000
I want to deploy a IoT gateway that has at least 16GB of RAM and no packet loss allowed,r25,0.0000,0.0000
I want to deploy a IoT gateway that has at least 16GB of RAM and no packet loss allowed,r26,0.0000,0.0000
I want to deploy a IoT gateway that has at least 16GB of RAM and no packet loss allowed,r27,0.0000,0.0000
I want to deploy a IoT gateway that has at least 16GB of RAM and no packet loss allowed,r28,0.0000,0.0000
I want to deploy a IoT gateway that has at least 16GB of RAM and no packet loss allowed,r29,0.4260,0.0769
I want to deploy a IoT gateway that has at least 16GB of RAM and no packet loss allowed,r30,0.0000,0.0000
I want to deploy a IoT gateway that has at least 16GB of RAM and no packet loss allowed,r31,1.0000,0.1667
I want to deploy a IoT gateway that has at least 16GB of RAM and no packet loss allowed,r32,0.0000,0.0000
I want to deploy a IoT gateway that has at least 16GB of RAM and no packet loss allowed,r33,0.0000,0.0000
Implement a backup server with network flap protection,r1,0.0000,0.0000
Implement a backup server with network flap protection,r2,0.0000,0.0000
Implement a backup server with network flap protection,r3,0.0000,0.0000
Implement a backup server with network flap protection,r4,0.0000,0.0000
Implement a backup server with network flap protection,r5,0.0000,0.0000
Implement a backup server with network flap protection,r6,0.0000,0.0000
Implement a backup server with network flap protection,r7,0.0000,0.0000
Implement a backup server with network flap protection,r8,0.0000,0.0000
Implement a backup server with network flap protection,r9,0.0000,0.0000
Implement a backup server with network flap protection,r10,0.0000,0.0000
Implement a backup server with network flap protection,r11,0.0000,0.0000
Implement a backup server with network flap protection,r12,0.0000,0.0000
Implement a backup server with network flap protection,r13,0.0000,0.0000
Implement a backup server with network flap protection,r14,0.0000,0.0000
Implement a backup server with network flap protection,r15,0.0000,0.0000
Implement a backup server with network flap protection,r16,0.1320,0.0769
Implement a backup server with network flap protection,r17,0.1532,0.0909
Implement a backup server with network flap protection,r18,1.0000,0.2222
Implement a backup server with network flap protection,r19,0.1667,0.1000
Implement a backup server with network flap protection,r20,0.1532,0.0909
Implement a backup server with network flap protection,r21,0.1667,0.1000
Implement a backup server with network flap protection,r22,0.1532,0.0909
Implement a backup server with network flap protection,r23,0.1532,0.0909
Implement a backup server with network flap protection,r24,0.1667,0.1000
Implement a backup server with network flap protection,r25,0.1418,0.0833
Implement a backup server with network flap protection,r26,0.1667,0.1000
Implement a backup server with network flap protection,r27,0.1532,0.0909
Implement a backup server with network flap protection,r28,0.1667,0.1000
Implement a backup server with network flap protection,r29,0.1532,0.0909
Implement a backup server with network flap protection,r30,0.1667,0.1000
Implement a backup server with network flap protection,r31,0.1532,0.0909
Implement a backup server with network flap protection,r32,0.0000,0.0000
Implement a backup server with network flap protection,r33,0.1418,0.0909
Deploy a video rendering farm with thermal controls and memory safeguards,r1,0.0000,0.0000
Deploy a video rendering farm with thermal controls and memory safeguards,r2,1.0000,0.0909
Deploy a video rendering farm with thermal controls and memory safeguards,r3,0.9123,0.0833
Deploy a video rendering farm with thermal controls and memory safeguards,r4,1.0000,0.0909
Deploy a video rendering farm with thermal controls and memory safeguards,r5,0.9123,0.0833
Deploy a video rendering farm with thermal controls and memory safeguards,r6,0.0000,0.0000
Deploy a video rendering farm with thermal controls and memory safeguards,r7,0.0000,0.0000
Deploy a video rendering farm with thermal controls and memory safeguards,r8,0.0000,0.0000
Deploy a video rendering farm with thermal controls and memory safeguards,r9,0.0000,0.0000
Deploy a video rendering farm with thermal controls and memory safeguards,r10,0.0000,0.0000
Deploy a video rendering farm with thermal controls and memory safeguards,r11,0.0000,0.0000
Deploy a video rendering farm with thermal controls and memory safeguards,r12,0.0000,0.0000
Deploy a video rendering farm with thermal controls and memory safeguards,r13,0.0000,0.0000
Deploy a video rendering farm with thermal controls and memory safeguards,r14,0.0000,0.0000
Deploy a video rendering farm with thermal controls and memory safeguards,r15,0.0000,0.0000
Deploy a video rendering farm with thermal controls and memory safeguards,r16,0.0000,0.0000
Deploy a video rendering farm with thermal controls and memory safeguards,r17,0.0000,0.0000
Deploy a video rendering farm with thermal controls and memory safeguards,r18,0.0000,0.0000
Deploy a video rendering farm with thermal controls and memory safeguards,r19,0.0000,0.0000
Deploy a video rendering farm with thermal controls and memory safeguards,r20,0.0000,0.0000
Deploy a video rendering farm with thermal controls and memory safeguards,r21,0.0000,0.0000
Deploy a video rendering farm with thermal controls and memory safeguards,r22,0.0000,0.0000
Deploy a video rendering farm with thermal controls and memory safeguards,r23,0.0000,0.0000
Deploy a video rendering farm with thermal controls and memory safeguards,r24,0.0000,0.0000
Deploy a video rendering farm with thermal controls and memory safeguards,r25,0.0000,0.0000
Deploy a video rendering farm with thermal controls and memory safeguards,r26,0.0000,0.0000
Deploy a video rendering farm with thermal controls and memory safeguards,r27,0.0000,0.0000
Deploy a video rendering farm with thermal controls and memory safeguards,r28,0.0000,0.0000
Deploy a video rendering farm with thermal controls and memory safeguards,r29,0.0000,0.0000
Deploy a video rendering farm with thermal controls and memory safeguards,r30,0.0000,0.0000
Deploy a video rendering farm with thermal controls and memory safeguards,r31,0.0000,0.0000
Deploy a video rendering farm with thermal controls and memory safeguards,r32,0.9123,0.0833
Deploy a video rendering farm with thermal controls and memory safeguards,r33,0.0000,0.0000
Setup a mail server with RX error monitoring and buffer protection,r1,0.0000,0.0000
Setup a mail server with RX error monitoring and buffer protection,r2,0.0000,0.0000
Setup a mail server with RX error monitoring and buffer protection,r3,0.0000,0.0000
Setup a mail server with RX error monitoring and buffer protection,r4,0.0000,0.0000
Setup a mail server with RX error monitoring and buffer protection,r5,0.0000,0.0000
Setup a mail server with RX error monitoring and buffer protection,r6,0.0000,0.0000
Setup a mail server with RX error monitoring and buffer protection,r7,0.0000,0.0000
Setup a mail server with RX error monitoring and buffer protection,r8,0.0000,0.0000
Setup a mail server with RX error monitoring and buffer protection,r9,0.0000,0.0000
Setup a mail server with RX error monitoring and buffer protection,r10,0.0000,0.0000
Setup a mail server with RX error monitoring and buffer protection,r11,0.0000,0.0000
Setup a mail server with RX error monitoring and buffer protection,r12,0.0000,0.0000
Setup a mail server with RX error monitoring and buffer protection,r13,0.0000,0.0000
Setup a mail server with RX error monitoring and buffer protection,r14,0.0000,0.0000
Setup a mail server with RX error monitoring and buffer protection,r15,0.0000,0.0000
Setup a mail server with RX error monitoring and buffer protection,r16,0.0000,0.0000
Setup a mail server with RX error monitoring and buffer protection,r17,0.0000,0.0000
Setup a mail server with RX error monitoring and buffer protection,r18,0.0000,0.0000
Setup a mail server with RX error monitoring and buffer protection,r19,0.5485,0.0909
Setup a mail server with RX error monitoring and buffer protection,r20,0.0000,0.0000
Setup a mail server with RX error monitoring and buffer protection,r21,0.5485,0.0909
Setup a mail server with RX error monitoring and buffer protection,r22,0.0000,0.0000
Setup a mail server with RX error monitoring and buffer protection,r23,0.5763,0.0833
Setup a mail server with RX error monitoring and buffer protection,r24,0.0000,0.0000
Setup a mail server with RX error monitoring and buffer protection,r25,0.5334,0.0769
Setup a mail server with RX error monitoring and buffer protection,r26,0.0000,0.0000
Setup a mail server with RX error monitoring and buffer protection,r27,0.0000,0.0000
Setup a mail server with RX error monitoring and buffer protection,r28,0.5485,0.0909
Setup a mail server with RX error monitoring and buffer protection,r29,0.0000,0.0000
Setup a mail server with RX error monitoring and buffer protection,r30,0.5485,0.0909
Setup a mail server with RX error monitoring and buffer protection,r31,0.0000,0.0000
Setup a mail server with RX error monitoring and buffer protection,r32,0.6269,0.0909
Setup a mail server with RX error monitoring and buffer protection,r33,1.0000,0.1818
Implement a system with CPU utilization guarantees,r1,0.0000,0.0000
Implement a system with CPU utilization guarantees,r2,0.0000,0.0000
Implement a system with CPU utilization guarantees,r3,0.0000,0.0000
Implement a system with CPU utilization guarantees,r4,0.0000,0.0000
Implement a system with CPU utilization guarantees,r5,0.0000,0.0000
Implement a system with CPU utilization guarantees,r6,0.0000,0.0000
Implement a system with CPU utilization guarantees,r7,1.0000,0.1250
Implement a system with CPU utilization guarantees,r8,0.9123,0.1111
Implement a system with CPU utilization guarantees,r9,1.0000,0.1250
Implement a system with CPU utilization guarantees,r10,0.9123,0.1111
Implement a system with CPU utilization guarantees,r11,0.0000,0.0000
Implement a system with CPU utilization guarantees,r12,0.0000,0.0000
Implement a system with CPU utilization guarantees,r13,0.0000,0.0000
Implement a system with CPU utilization guarantees,r14,0.0000,0.0000
Implement a system with CPU utilization guarantees,r15,0.0000,0.0000
Implement a system with CPU utilization guarantees,r16,0.0000,0.0000
Implement a system with CPU utilization guarantees,r17,0.0000,0.0000
Implement a system with CPU utilization guarantees,r18,0.0000,0.0000
Implement a system with CPU utilization guarantees,r19,0.0000,0.0000
Implement a system with CPU utilization guarantees,r20,0.0000,0.0000
Implement a system with CPU utilization guarantees,r21,0.0000,0.0000
Implement a system with CPU utilization guarantees,r22,0.0000,0.0000
Implement a system with CPU utilization guarantees,r23,0.0000,0.0000
Implement a system with CPU utilization guarantees,r24,0.0000,0.0000
Implement a system with CPU utilization guarantees,r25,0.0000,0.0000
Implement a system with CPU utilization guarantees,r26,0.0000,0.0000
Implement a system with CPU utilization guarantees,r27,0.0000,0.0000
Implement a system with CPU utilization guarantees,r28,0.0000,0.0000
Implement a system with CPU utilization guarantees,r29,0.0000,0.0000
Implement a system with CPU utilization guarantees,r30,0.0000,0.0000
Implement a system with CPU utilization guarantees,r31,0.0000,0.0000
Implement a system with CPU utilization guarantees,r32,0.0000,0.0000
Implement a system with CPU utilization guarantees,r33,0.0000,0.0000
Deploy a monitoring server with packet integrity safeguards,r1,0.0000,0.0000
Deploy a monitoring server with packet integrity safeguards,r2,0.0000,0.0000
Deploy a monitoring server with packet integrity safeguards,r3,0.0000,0.0000
Deploy a monitoring server with packet integrity safeguards,r4,0.0000,0.0000
Deploy a monitoring server with packet integrity safeguards,r5,0.0000,0.0000
Deploy a monitoring server with packet integrity safeguards,r6,0.0000,0.0000
Deploy a monitoring server with packet integrity safeguards,r7,0.0000,0.0000
Deploy a monitoring server with packet integrity safeguards,r8,0.0000,0.0000
Deploy a monitoring server with packet integrity safeguards,r9,0.0000,0.0000
Deploy a monitoring server with packet integrity safeguards,r10,0.0000,0.0000
Deploy a monitoring server with packet integrity safeguards,r11,0.0000,0.0000
Deploy a monitoring server with packet integrity safeguards,r12,0.0000,0.0000
Deploy a monitoring server with packet integrity safeguards,r13,0.0000,0.0000
Deploy a monitoring server with packet integrity safeguards,r14,0.0000,0.0000
Deploy a monitoring server with packet integrity safeguards,r15,0.0000,0.0000
Deploy a monitoring server with packet integrity safeguards,r16,0.0000,0.0000
Deploy a monitoring server with packet integrity safeguards,r17,0.0000,0.0000
Deploy a monitoring server with packet integrity safeguards,r18,0.0000,0.0000
Deploy a monitoring server with packet integrity safeguards,r19,0.0000,0.0000
Deploy a monitoring server with packet integrity safeguards,r20,1.0000,0.0909
Deploy a monitoring server with packet integrity safeguards,r21,0.0000,0.0000
Deploy a monitoring server with packet integrity safeguards,r22,1.0000,0.0909
Deploy a monitoring server with packet integrity safeguards,r23,0.0000,0.0000
Deploy a monitoring server with packet integrity safeguards,r24,0.0000,0.0000
Deploy a monitoring server with packet integrity safeguards,r25,0.0000,0.0000
Deploy a monitoring server with packet integrity safeguards,r26,0.0000,0.0000
Deploy a monitoring server with packet integrity safeguards,r27,0.0000,0.0000
Deploy a monitoring server with packet integrity safeguards,r28,0.0000,0.0000
Deploy a monitoring server with packet integrity safeguards,r29,1.0000,0.0909
Deploy a monitoring server with packet integrity safeguards,r30,0.0000,0.0000
Deploy a monitoring server with packet integrity safeguards,r31,1.0000,0.0909
Deploy a monitoring server with packet integrity safeguards,r32,0.0000,0.0000
Deploy a monitoring server with packet integrity safeguards,r33,0.0000,0.0000
Create a low-latency database cluster with network stability,r1,0.0000,0.0000
Create a low-latency database cluster with network stability,r2,0.0000,0.0000
Create a low-latency database cluster with network stability,r3,0.0000,0.0000
Create a low-latency database cluster with network stability,r4,0.0000,0.0000
Create a low-latency database cluster with network stability,r5,0.0000,0.0000
Create a low-latency database cluster with network stability,r6,0.0000,0.0000
Create a low-latency database cluster with network stability,r7,0.0000,0.0000
Create a low-latency database cluster with network stability,r8,0.0000,0.0000
Create a low-latency database cluster with network stability,r9,0.0000,0.0000
Create a low-latency database cluster with network stability,r10,0.0000,0.0000
Create a low-latency database cluster with network stability,r11,0.0000,0.0000
Create a low-latency database cluster with network stability,r12,0.0000,0.0000
Create a low-latency database cluster with network stability,r13,0.0000,0.0000
Create a low-latency database cluster with network stability,r14,0.0000,0.0000
Create a low-latency database cluster with network stability,r15,0.0000,0.0000
Create a low-latency database cluster with network stability,r16,0.1584,0.0714
Create a low-latency database cluster with network stability,r17,0.1839,0.0833
Create a low-latency database cluster with network stability,r18,0.2000,0.0909
Create a low-latency database cluster with network stability,r19,0.2000,0.0909
Create a low-latency database cluster with network stability,r20,0.1839,0.0833
Create a low-latency database cluster with network stability,r21,0.2000,0.0909
Create a low-latency database cluster with network stability,r22,0.1839,0.0833
Create a low-latency database cluster with network stability,r23,0.1839,0.0833
Create a low-latency database cluster with network stability,r24,0.2000,0.0909
Create a low-latency database cluster with network stability,r25,0.1702,0.0769
Create a low-latency database cluster with network stability,r26,0.2000,0.0909
Create a low-latency database cluster with network stability,r27,0.1839,0.0833
Create a low-latency database cluster with network stability,r28,0.2000,0.0909
Create a low-latency database cluster with network stability,r29,0.1839,0.0833
Create a low-latency database cluster with network stability,r30,0.2000,0.0909
Create a low-latency database cluster with network stability,r31,0.1839,0.0833
Create a low-latency database cluster with network stability,r32,1.0000,0.0909
Create a low-latency database cluster with network stability,r33,0.1702,0.0833
Provision a node with DPDK optimizations and error detection,r1,0.0000,0.0000
Provision a node with DPDK optimizations and error detection,r2,0.0000,0.0000
Provision a node with DPDK optimizations and error detection,r3,0.0000,0.0000
Provision a node with DPDK optimizations and error detection,r4,0.0000,0.0000
Provision a node with DPDK optimizations and error detection,r5,0.0000,0.0000
Provision a node with DPDK optimizations and error detection,r6,0.0000,0.0000
Provision a node with DPDK optimizations and error detection,r7,0.0000,0.0000
Provision a node with DPDK optimizations and error detection,r8,0.0000,0.0000
Provision a node with DPDK optimizations and error detection,r9,0.0000,0.0000
Provision a node with DPDK optimizations and error detection,r10,0.0000,0.0000
Provision a node with DPDK optimizations and error detection,r11,0.0000,0.0000
Provision a node with DPDK optimizations and error detection,r12,0.0000,0.0000
Provision a node with DPDK optimizations and error detection,r13,0.0000,0.0000
Provision a node with DPDK optimizations and error detection,r14,0.0000,0.0000
Provision a node with DPDK optimizations and error detection,r15,0.0000,0.0000
Provision a node with DPDK optimizations and error detection,r16,0.0000,0.0000
Provision a node with DPDK optimizations and error detection,r17,0.0000,0.0000
Provision a node with DPDK optimizations and error detection,r18,0.0000,0.0000
Provision a node with DPDK optimizations and error detection,r19,0.7102,0.1000
Provision a node with DPDK optimizations and error detection,r20,0.0000,0.0000
Provision a node with DPDK optimizations and error detection,r21,0.7102,0.1000
Provision a node with DPDK optimizations and error detection,r22,0.0000,0.0000
Provision a node with DPDK optimizations and error detection,r23,0.2664,0.0909
Provision a node with DPDK optimizations and error detection,r24,0.2898,0.1000
Provision a node with DPDK optimizations and error detection,r25,0.2465,0.0833
Provision a node with DPDK optimizations and error detection,r26,0.2898,0.1000
Provision a node with DPDK optimizations and error detection,r27,0.2664,0.0909
Provision a node with DPDK optimizations and error detection,r28,1.0000,0.2222
Provision a node with DPDK optimizations and error detection,r29,0.2664,0.0909
Provision a node with DPDK optimizations and error detection,r30,1.0000,0.2222
Provision a node with DPDK optimizations and error detection,r31,0.2664,0.0909
Provision a node with DPDK optimizations and error detection,r32,0.2898,0.1000
Provision a node with DPDK optimizations and error detection,r33,0.9702,0.2000
Setup a virtualization host with memory buffer guarantees,r1,0.0000,0.0000
Setup a virtualization host with memory buffer guarantees,r2,0.5115,0.1111
Setup a virtualization host with memory buffer guarantees,r3,0.4666,0.1000
Setup a virtualization host with memory buffer guarantees,r4,0.5115,0.1111
Setup a virtualization host with memory buffer guarantees,r5,0.4666,0.1000
Setup a virtualization host with memory buffer guarantees,r6,0.0000,0.0000
Setup a virtualization host with memory buffer guarantees,r7,0.0000,0.0000
Setup a virtualization host with memory buffer guarantees,r8,0.0000,0.0000
Setup a virtualization host with memory buffer guarantees,r9,0.0000,0.0000
Setup a virtualization host with memory buffer guarantees,r10,0.0000,0.0000
Setup a virtualization host with memory buffer guarantees,r11,0.0000,0.0000
Setup a virtualization host with memory buffer guarantees,r12,0.0000,0.0000
Setup a virtualization host with memory buffer guarantees,r13,0.0000,0.0000
Setup a virtualization host with memory buffer guarantees,r14,0.0000,0.0000
Setup a virtualization host with memory buffer guarantees,r15,0.0000,0.0000
Setup a virtualization host with memory buffer guarantees,r16,0.0000,0.0000
Setup a virtualization host with memory buffer guarantees,r17,0.0000,0.0000
Setup a virtualization host with memory buffer guarantees,r18,0.0000,0.0000
Setup a virtualization host with memory buffer guarantees,r19,0.0000,0.0000
Setup a virtualization host with memory buffer guarantees,r20,0.0000,0.0000
Setup a virtualization host with memory buffer guarantees,r21,0.0000,0.0000
Setup a virtualization host with memory buffer guarantees,r22,0.0000,0.0000
Setup a virtualization host with memory buffer guarantees,r23,0.4904,0.0909
Setup a virtualization host with memory buffer guarantees,r24,0.0000,0.0000
Setup a virtualization host with memory buffer guarantees,r25,0.4538,0.0833
Setup a virtualization host with memory buffer guarantees,r26,0.0000,0.0000
Setup a virtualization host with memory buffer guarantees,r27,0.0000,0.0000
Setup a virtualization host with memory buffer guarantees,r28,0.0000,0.0000
Setup a virtualization host with memory buffer guarantees,r29,0.0000,0.0000
Setup a virtualization host with memory buffer guarantees,r30,0.0000,0.0000
Setup a virtualization host with memory buffer guarantees,r31,0.0000,0.0000
Setup a virtualization host with memory buffer guarantees,r32,1.0000,0.2222
Setup a virtualization host with memory buffer guarantees,r33,0.4538,0.0909
Implement a system with temperature fail-safes,r1,0.0000,0.0000
Implement a system with temperature fail-safes,r2,0.0000,0.0000
Implement a system with temperature fail-safes,r3,0.0000,0.0000
Implement a system with temperature fail-safes,r4,0.0000,0.0000
Implement a system with temperature fail-safes,r5,0.0000,0.0000
Implement a system with temperature fail-safes,r6,0.0000,0.0000
Implement a system with temperature fail-safes,r7,0.0000,0.0000
Implement a system with temperature fail-safes,r8,0.0000,0.0000
Implement a system with temperature fail-safes,r9,0.0000,0.0000
Implement a system with temperature fail-safes,r10,0.0000,0.0000
Implement a system with temperature fail-safes,r11,1.0000,0.1111
Implement a system with temperature fail-safes,r12,1.0000,0.1111
Implement a system with temperature fail-safes,r13,0.0000,0.0000
Implement a system with temperature fail-safes,r14,0.0000,0.0000
Implement a system with temperature fail-safes,r15,0.0000,0.0000
Implement a system with temperature fail-safes,r16,0.0000,0.0000
Implement a system with temperature fail-safes,r17,0.0000,0.0000
Implement a system with temperature fail-safes,r18,0.0000,0.0000
Implement a system with temperature fail-safes,r19,0.0000,0.0000
Implement a system with temperature fail-safes,r20,0.0000,0.0000
Implement a system with temperature fail-safes,r21,0.0000,0.0000
Implement a system with temperature fail-safes,r22,0.0000,0.0000
Implement a system with temperature fail-safes,r23,0.0000,0.0000
Implement a system with temperature fail-safes,r24,0.0000,0.0000
Implement a system with temperature fail-safes,r25,0.0000,0.0000
Implement a system with temperature fail-safes,r26,0.0000,0.0000
Implement a system with temperature fail-safes,r27,0.0000,0.0000
Implement a system with temperature fail-safes,r28,0.0000,0.0000
Implement a system with temperature fail-safes,r29,0.0000,0.0000
Implement a system with temperature fail-safes,r30,0.0000,0.0000
Implement a system with temperature fail-safes,r31,0.0000,0.0000
Implement a system with temperature fail-safes,r32,0.0000,0.0000
Implement a system with temperature fail-safes,r33,0.0000,0.0000
Deploy a mobile backend with SSH access monitoring,r1,0.0000,0.0000
Deploy a mobile backend with SSH access monitoring,r2,0.0000,0.0000
Deploy a mobile backend with SSH access monitoring,r3,0.0000,0.0000
Deploy a mobile backend with SSH access monitoring,r4,0.0000,0.0000
Deploy a mobile backend with SSH access monitoring,r5,0.0000,0.0000
Deploy a mobile backend with SSH access monitoring,r6,0.0000,0.0000
Deploy a mobile backend with SSH access monitoring,r7,0.0000,0.0000
Deploy a mobile backend with SSH access monitoring,r8,0.0000,0.0000
Deploy a mobile backend with SSH access monitoring,r9,0.0000,0.0000
Deploy a mobile backend with SSH access monitoring,r10,0.0000,0.0000
Deploy a mobile backend with SSH access monitoring,r11,0.0000,0.0000
Deploy a mobile backend with SSH access monitoring,r12,0.0000,0.0000
Deploy a mobile backend with SSH access monitoring,r13,0.0000,0.0000
Deploy a mobile backend with SSH access monitoring,r14,0.0000,0.0000
Deploy a mobile backend with SSH access monitoring,r15,1.0000,0.2500
Deploy a mobile backend with SSH access monitoring,r16,0.0000,0.0000
Deploy a mobile backend with SSH access monitoring,r17,0.0000,0.0000
Deploy a mobile backend with SSH access monitoring,r18,0.0000,0.0000
Deploy a mobile backend with SSH access monitoring,r19,0.0000,0.0000
Deploy a mobile backend with SSH access monitoring,r20,0.0000,0.0000
Deploy a mobile backend with SSH access monitoring,r21,0.0000,0.0000
Deploy a mobile backend with SSH access monitoring,r22,0.0000,0.0000
Deploy a mobile backend with SSH access monitoring,r23,0.0000,0.0000
Deploy a mobile backend with SSH access monitoring,r24,0.0000,0.0000
Deploy a mobile backend with SSH access monitoring,r25,0.0000,0.0000
Deploy a mobile backend with SSH access monitoring,r26,0.0000,0.0000
Deploy a mobile backend with SSH access monitoring,r27,0.0000,0.0000
Deploy a mobile backend with SSH access monitoring,r28,0.0000,0.0000
Deploy a mobile backend with SSH access monitoring,r29,0.0000,0.0000
Deploy a mobile backend with SSH access monitoring,r30,0.0000,0.0000
Deploy a mobile backend with SSH access monitoring,r31,0.0000,0.0000
Deploy a mobile backend with SSH access monitoring,r32,0.0000,0.0000
Deploy a mobile backend with SSH access monitoring,r33,0.0000,0.0000
Create a distributed cache system with network drop prevention,r1,0.0000,0.0000
Create a distributed cache system with network drop prevention,r2,0.0000,0.0000
Create a distributed cache system with network drop prevention,r3,0.0000,0.0000
Create a distributed cache system with network drop prevention,r4,0.0000,0.0000
Create a distributed cache system with network drop prevention,r5,0.0000,0.0000
Create a distributed cache system with network drop prevention,r6,0.0000,0.0000
Create a distributed cache system with network drop prevention,r7,0.0000,0.0000
Create a distributed cache system with network drop prevention,r8,0.0000,0.0000
Create a distributed cache system with network drop prevention,r9,0.0000,0.0000
Create a distributed cache system with network drop prevention,r10,0.0000,0.0000
Create a distributed cache system with network drop prevention,r11,0.0000,0.0000
Create a distributed cache system with network drop prevention,r12,0.0000,0.0000
Create a distributed cache system with network drop prevention,r13,0.0000,0.0000
Create a distributed cache system with network drop prevention,r14,0.0000,0.0000
Create a distributed cache system with network drop prevention,r15,0.0000,0.0000
Create a distributed cache system with network drop prevention,r16,0.1682,0.0714
Create a distributed cache system with network drop prevention,r17,0.1954,0.0833
Create a distributed cache system with network drop prevention,r18,0.2125,0.0909
Create a distributed cache system with network drop prevention,r19,0.2125,0.0909
Create a distributed cache system with network drop prevention,r20,1.0000,0.1818
Create a distributed cache system with network drop prevention,r21,0.2125,0.0909
Create a distributed cache system with network drop prevention,r22,0.1954,0.0833
Create a distributed cache system with network drop prevention,r23,0.1954,0.0833
Create a distributed cache system with network drop prevention,r24,0.2125,0.0909
Create a distributed cache system with network drop prevention,r25,0.1808,0.0769
Create a distributed cache system with network drop prevention,r26,0.2125,0.0909
Create a distributed cache system with network drop prevention,r27,0.1954,0.0833
Create a distributed cache system with network drop prevention,r28,0.2125,0.0909
Create a distributed cache system with network drop prevention,r29,1.0000,0.1818
Create a distributed cache system with network drop prevention,r30,0.2125,0.0909
Create a distributed cache system with network drop prevention,r31,0.1954,0.0833
Create a distributed cache system with network drop prevention,r32,0.0000,0.0000
Create a distributed cache system with network drop prevention,r33,0.1808,0.0833
Provision a big data analytics node with CPU thermal protection,r1,0.0000,0.0000
Provision a big data analytics node with CPU thermal protection,r2,0.0000,0.0000
Provision a big data analytics node with CPU thermal protection,r3,0.0000,0.0000
Provision a big data analytics node with CPU thermal protection,r4,0.0000,0.0000
Provision a big data analytics node with CPU thermal protection,r5,0.0000,0.0000
Provision a big data analytics node with CPU thermal protection,r6,0.0000,0.0000
Provision a big data analytics node with CPU thermal protection,r7,1.0000,0.0909
Provision a big data analytics node with CPU thermal protection,r8,0.9123,0.0833
Provision a big data analytics node with CPU thermal protection,r9,1.0000,0.0909
Provision a big data analytics node with CPU thermal protection,r10,0.9123,0.0833
Provision a big data analytics node with CPU thermal protection,r11,0.0000,0.0000
Provision a big data analytics node with CPU thermal protection,r12,0.0000,0.0000
Provision a big data analytics node with CPU thermal protection,r13,0.0000,0.0000
Provision a big data analytics node with CPU thermal protection,r14,0.0000,0.0000
Provision a big data analytics node with CPU thermal protection,r15,0.0000,0.0000
Provision a big data analytics node with CPU thermal protection,r16,0.0000,0.0000
Provision a big data analytics node with CPU thermal protection,r17,0.0000,0.0000
Provision a big data analytics node with CPU thermal protection,r18,0.0000,0.0000
Provision a big data analytics node with CPU thermal protection,r19,0.0000,0.0000
Provision a big data analytics node with CPU thermal protection,r20,0.0000,0.0000
Provision a big data analytics node with CPU thermal protection,r21,0.0000,0.0000
Provision a big data analytics node with CPU thermal protection,r22,0.0000,0.0000
Provision a big data analytics node with CPU thermal protection,r23,0.0000,0.0000
Provision a big data analytics node with CPU thermal protection,r24,0.0000,0.0000
Provision a big data analytics node with CPU thermal protection,r25,0.0000,0.0000
Provision a big data analytics node with CPU thermal protection,r26,0.0000,0.0000
Provision a big data analytics node with CPU thermal protection,r27,0.0000,0.0000
Provision a big data analytics node with CPU thermal protection,r28,0.0000,0.0000
Provision a big data analytics node with CPU thermal protection,r29,0.0000,0.0000
Provision a big data analytics node with CPU thermal protection,r30,0.0000,0.0000
Provision a big data analytics node with CPU thermal protection,r31,0.0000,0.0000
Provision a big data analytics node with CPU thermal protection,r32,0.0000,0.0000
Provision a big data analytics node with CPU thermal protection,r33,0.0000,0.0000
Setup a compliance server with memory usage auditing,r1,1.0000,0.1000
Setup a compliance server with memory usage auditing,r2,0.5863,0.1111
Setup a compliance server with memory usage auditing,r3,0.5349,0.1000
Setup a compliance server with memory usage auditing,r4,0.5863,0.1111
Setup a compliance server with memory usage auditing,r5,0.5349,0.1000
Setup a compliance server with memory usage auditing,r6,0.0000,0.0000
Setup a compliance server with memory usage auditing,r7,0.0000,0.0000
Setup a compliance server with memory usage auditing,r8,0.0000,0.0000
Setup a compliance server with memory usage auditing,r9,0.0000,0.0000
Setup a compliance server with memory usage auditing,r10,0.0000,0.0000
Setup a compliance server with memory usage auditing,r11,0.0000,0.0000
Setup a compliance server with memory usage auditing,r12,0.0000,0.0000
Setup a compliance server with memory usage auditing,r13,0.0000,0.0000
Setup a compliance server with memory usage auditing,r14,0.0000,0.0000
Setup a compliance server with memory usage auditing,r15,0.0000,0.0000
Setup a compliance server with memory usage auditing,r16,0.0000,0.0000
Setup a compliance server with memory usage auditing,r17,0.0000,0.0000
Setup a compliance server with memory usage auditing,r18,0.0000,0.0000
Setup a compliance server with memory usage auditing,r19,0.0000,0.0000
Setup a compliance server with memory usage auditing,r20,0.0000,0.0000
Setup a compliance server with memory usage auditing,r21,0.0000,0.0000
Setup a compliance server with memory usage auditing,r22,0.0000,0.0000
Setup a compliance server with memory usage auditing,r23,0.0000,0.0000
Setup a compliance server with memory usage auditing,r24,0.0000,0.0000
Setup a compliance server with memory usage auditing,r25,0.0000,0.0000
Setup a compliance server with memory usage auditing,r26,0.0000,0.0000
Setup a compliance server with memory usage auditing,r27,0.0000,0.0000
Setup a compliance server with memory usage auditing,r28,0.0000,0.0000
Setup a compliance server with memory usage auditing,r29,0.0000,0.0000
Setup a compliance server with memory usage auditing,r30,0.0000,0.0000
Setup a compliance server with memory usage auditing,r31,0.0000,0.0000
Setup a compliance server with memory usage auditing,r32,0.5349,0.1000
Setup a compliance server with memory usage auditing,r33,0.0000,0.0000
Implement a payment gateway with packet integrity checks,r1,0.0000,0.0000
Implement a payment gateway with packet integrity checks,r2,0.0000,0.0000
Implement a payment gateway with packet integrity checks,r3,0.0000,0.0000
Implement a payment gateway with packet integrity checks,r4,0.0000,0.0000
Implement a payment gateway with packet integrity checks,r5,0.0000,0.0000
Implement a payment gateway with packet integrity checks,r6,0.0000,0.0000
Implement a payment gateway with packet integrity checks,r7,0.0000,0.0000
Implement a payment gateway with packet integrity checks,r8,0.0000,0.0000
Implement a payment gateway with packet integrity checks,r9,0.0000,0.0000
Implement a payment gateway with packet integrity checks,r10,0.0000,0.0000
Implement a payment gateway with packet integrity checks,r11,0.0000,0.0000
Implement a payment gateway with packet integrity checks,r12,0.0000,0.0000
Implement a payment gateway with packet integrity checks,r13,0.0000,0.0000
Implement a payment gateway with packet integrity checks,r14,0.0000,0.0000
Implement a payment gateway with packet integrity checks,r15,0.0000,0.0000
Implement a payment gateway with packet integrity checks,r16,1.0000,0.0769
Implement a payment gateway with packet integrity checks,r17,0.0000,0.0000
Implement a payment gateway with packet integrity checks,r18,0.0000,0.0000
Implement a payment gateway with packet integrity checks,r19,0.0000,0.0000
Implement a payment gateway with packet integrity checks,r20,0.7099,0.0909
Implement a payment gateway with packet integrity checks,r21,0.0000,0.0000
Implement a payment gateway with packet integrity checks,r22,0.7099,0.0909
Implement a payment gateway with packet integrity checks,r23,0.0000,0.0000
Implement a payment gateway with packet integrity checks,r24,0.0000,0.0000
Implement a payment gateway with packet integrity checks,r25,0.0000,0.0000
Implement a payment gateway with packet integrity checks,r26,0.0000,0.0000
Implement a payment gateway with packet integrity checks,r27,0.0000,0.0000
Implement a payment gateway with packet integrity checks,r28,0.0000,0.0000
Implement a payment gateway with packet integrity checks,r29,0.7099,0.0909
Implement a payment gateway with packet integrity checks,r30,0.0000,0.0000
Implement a payment gateway with packet integrity checks,r31,0.7099,0.0909
Implement a payment gateway with packet integrity checks,r32,0.0000,0.0000
Implement a payment gateway with packet integrity checks,r33,0.0000,0.0000
Create a federated learning node with network buffer guarantees,r1,0.0000,0.0000
Create a federated learning node with network buffer guarantees,r2,0.0000,0.0000
Create a federated learning node with network buffer guarantees,r3,0.0000,0.0000
Create a federated learning node with network buffer guarantees,r4,0.0000,0.0000
Create a federated learning node with network buffer guarantees,r5,0.0000,0.0000
Create a federated learning node with network buffer guarantees,r6,0.0000,0.0000
Create a federated learning node with network buffer guarantees,r7,0.0000,0.0000
Create a federated learning node with network buffer guarantees,r8,0.0000,0.0000
Create a federated learning node with network buffer guarantees,r9,0.0000,0.0000
Create a federated learning node with network buffer guarantees,r10,0.0000,0.0000
Create a federated learning node with network buffer guarantees,r11,0.0000,0.0000
Create a federated learning node with network buffer guarantees,r12,0.0000,0.0000
Create a federated learning node with network buffer guarantees,r13,0.0000,0.0000
Create a federated learning node with network buffer guarantees,r14,0.0000,0.0000
Create a federated learning node with network buffer guarantees,r15,0.0000,0.0000
Create a federated learning node with network buffer guarantees,r16,0.2123,0.0714
Create a federated learning node with network buffer guarantees,r17,0.2465,0.0833
Create a federated learning node with network buffer guarantees,r18,0.2681,0.0909
Create a federated learning node with network buffer guarantees,r19,0.2681,0.0909
Create a federated learning node with network buffer guarantees,r20,0.2465,0.0833
Create a federated learning node with network buffer guarantees,r21,0.2681,0.0909
Create a federated learning node with network buffer guarantees,r22,0.2465,0.0833
Create a federated learning node with network buffer guarantees,r23,1.0000,0.1818
Create a federated learning node with network buffer guarantees,r24,0.2681,0.0909
Create a federated learning node with network buffer guarantees,r25,0.9254,0.1667
Create a federated learning node with network buffer guarantees,r26,0.2681,0.0909
Create a federated learning node with network buffer guarantees,r27,0.2465,0.0833
Create a federated learning node with network buffer guarantees,r28,0.2681,0.0909
Create a federated learning node with network buffer guarantees,r29,0.2465,0.0833
Create a federated learning node with network buffer guarantees,r30,0.2681,0.0909
Create a federated learning node with network buffer guarantees,r31,0.2465,0.0833
Create a federated learning node with network buffer guarantees,r32,0.8195,0.0909
Create a federated learning node with network buffer guarantees,r33,0.9254,0.1818
Provision a quantum computing interface with stability monitoring,r1,0.0000,0.0000
Provision a quantum computing interface with stability monitoring,r2,0.0000,0.0000
Provision a quantum computing interface with stability monitoring,r3,0.0000,0.0000
Provision a quantum computing interface with stability monitoring,r4,0.0000,0.0000
Provision a quantum computing interface with stability monitoring,r5,0.0000,0.0000
Provision a quantum computing interface with stability monitoring,r6,0.0000,0.0000
Provision a quantum computing interface with stability monitoring,r7,0.0000,0.0000
Provision a quantum computing interface with stability monitoring,r8,0.0000,0.0000
Provision a quantum computing interface with stability monitoring,r9,0.0000,0.0000
Provision a quantum computing interface with stability monitoring,r10,0.0000,0.0000
Provision a quantum computing interface with stability monitoring,r11,0.0000,0.0000
Provision a quantum computing interface with stability monitoring,r12,0.0000,0.0000
Provision a quantum computing interface with stability monitoring,r13,0.0000,0.0000
Provision a quantum computing interface with stability monitoring,r14,0.0000,0.0000
Provision a quantum computing interface with stability monitoring,r15,0.0000,0.0000
Provision a quantum computing interface with stability monitoring,r16,0.0000,0.0000
Provision a quantum computing interface with stability monitoring,r17,0.0000,0.0000
Provision a quantum computing interface with stability monitoring,r18,1.0000,0.1000
Provision a quantum computing interface with stability monitoring,r19,0.0000,0.0000
Provision a quantum computing interface with stability monitoring,r20,0.0000,0.0000
Provision a quantum computing interface with stability monitoring,r21,0.0000,0.0000
Provision a quantum computing interface with stability monitoring,r22,0.0000,0.0000
Provision a quantum computing interface with stability monitoring,r23,0.0000,0.0000
Provision a quantum computing interface with stability monitoring,r24,0.0000,0.0000
Provision a quantum computing interface with stability monitoring,r25,0.0000,0.0000
Provision a quantum computing interface with stability monitoring,r26,0.0000,0.0000
Provision a quantum computing interface with stability monitoring,r27,0.0000,0.0000
Provision a quantum computing interface with stability monitoring,r28,0.0000,0.0000
Provision a quantum computing interface with stability monitoring,r29,0.0000,0.0000
Provision a quantum computing interface with stability monitoring,r30,0.0000,0.0000
Provision a quantum computing interface with stability monitoring,r31,0.0000,0.0000
Provision a quantum computing interface with stability monitoring,r32,0.0000,0.0000
Provision a quantum computing interface with stability monitoring,r33,0.0000,0.0000
Setup a AR/VR rendering farm with memory safeguards,r1,0.0000,0.0000
Setup a AR/VR rendering farm with memory safeguards,r2,1.0000,0.1250
Setup a AR/VR rendering farm with memory safeguards,r3,0.9123,0.1111
Setup a AR/VR rendering farm with memory safeguards,r4,1.0000,0.1250
Setup a AR/VR rendering farm with memory safeguards,r5,0.9123,0.1111
Setup a AR/VR rendering farm with memory safeguards,r6,0.0000,0.0000
Setup a AR/VR rendering farm with memory safeguards,r7,0.0000,0.0000
Setup a AR/VR rendering farm with memory safeguards,r8,0.0000,0.0000
Setup a AR/VR rendering farm with memory safeguards,r9,0.0000,0.0000
Setup a AR/VR rendering farm with memory safeguards,r10,0.0000,0.0000
Setup a AR/VR rendering farm with memory safeguards,r11,0.0000,0.0000
Setup a AR/VR rendering farm with memory safeguards,r12,0.0000,0.0000
Setup a AR/VR rendering farm with memory safeguards,r13,0.0000,0.0000
Setup a AR/VR rendering farm with memory safeguards,r14,0.0000,0.0000
Setup a AR/VR rendering farm with memory safeguards,r15,0.0000,0.0000
Setup a AR/VR rendering farm with memory safeguards,r16,0.0000,0.0000
Setup a AR/VR rendering farm with memory safeguards,r17,0.0000,0.0000
Setup a AR/VR rendering farm with memory safeguards,r18,0.0000,0.0000
Setup a AR/VR rendering farm with memory safeguards,r19,0.0000,0.0000
Setup a AR/VR rendering farm with memory safeguards,r20,0.0000,0.0000
Setup a AR/VR rendering farm with memory safeguards,r21,0.0000,0.0000
Setup a AR/VR rendering farm with memory safeguards,r22,0.0000,0.0000
Setup a AR/VR rendering farm with memory safeguards,r23,0.0000,0.0000
Setup a AR/VR rendering farm with memory safeguards,r24,0.0000,0.0000
Setup a AR/VR rendering farm with memory safeguards,r25,0.0000,0.0000
Setup a AR/VR rendering farm with memory safeguards,r26,0.0000,0.0000
Setup a AR/VR rendering farm with memory safeguards,r27,0.0000,0.0000
Setup a AR/VR rendering farm with memory safeguards,r28,0.0000,0.0000
Setup a AR/VR rendering farm with memory safeguards,r29,0.0000,0.0000
Setup a AR/VR rendering farm with memory safeguards,r30,0.0000,0.0000
Setup a AR/VR rendering farm with memory safeguards,r31,0.0000,0.0000
Setup a AR/VR rendering farm with memory safeguards,r32,0.9123,0.1111
Setup a AR/VR rendering farm with memory safeguards,r33,0.0000,0.0000
Implement a digital twin system with DPDK protections,r1,0.0000,0.0000
Implement a digital twin system with DPDK protections,r2,0.0000,0.0000
Implement a digital twin system with DPDK protections,r3,0.0000,0.0000
Implement a digital twin system with DPDK protections,r4,0.0000,0.0000
Implement a digital twin system with DPDK protections,r5,0.0000,0.0000
Implement a digital twin system with DPDK protections,r6,0.0000,0.0000
Implement a digital twin system with DPDK protections,r7,0.0000,0.0000
Implement a digital twin system with DPDK protections,r8,0.0000,0.0000
Implement a digital twin system with DPDK protections,r9,0.0000,0.0000
Implement a digital twin system with DPDK protections,r10,0.0000,0.0000
Implement a digital twin system with DPDK protections,r11,0.0000,0.0000
Implement a digital twin system with DPDK protections,r12,0.0000,0.0000
Implement a digital twin system with DPDK protections,r13,0.0000,0.0000
Implement a digital twin system with DPDK protections,r14,0.0000,0.0000
Implement a digital twin system with DPDK protections,r15,0.0000,0.0000
Implement a digital twin system with DPDK protections,r16,0.0000,0.0000
Implement a digital twin system with DPDK protections,r17,0.0000,0.0000
Implement a digital twin system with DPDK protections,r18,0.0000,0.0000
Implement a digital twin system with DPDK protections,r19,0.0000,0.0000
Implement a digital twin system with DPDK protections,r20,0.0000,0.0000
Implement a digital twin system with DPDK protections,r21,0.0000,0.0000
Implement a digital twin system with DPDK protections,r22,0.0000,0.0000
Implement a digital twin system with DPDK protections,r23,0.7281,0.0909
Implement a digital twin system with DPDK protections,r24,0.7919,0.1000
Implement a digital twin system with DPDK protections,r25,0.6738,0.0833
Implement a digital twin system with DPDK protections,r26,0.7919,0.1000
Implement a digital twin system with DPDK protections,r27,0.7281,0.0909
Implement a digital twin system with DPDK protections,r28,0.7919,0.1000
Implement a digital twin system with DPDK protections,r29,0.7281,0.0909
Implement a digital twin system with DPDK protections,r30,0.7919,0.1000
Implement a digital twin system with DPDK protections,r31,0.7281,0.0909
Implement a digital twin system with DPDK protections,r32,0.7919,0.1000
Implement a digital twin system with DPDK protections,r33,1.0000,0.0909
Deploy a edge computing node with fan speed monitoring,r1,0.0000,0.0000
Deploy a edge computing node with fan speed monitoring,r2,0.0000,0.0000
Deploy a edge computing node with fan speed monitoring,r3,0.0000,0.0000
Deploy a edge computing node with fan speed monitoring,r4,0.0000,0.0000
Deploy a edge computing node with fan speed monitoring,r5,0.0000,0.0000
Deploy a edge computing node with fan speed monitoring,r6,0.0000,0.0000
Deploy a edge computing node with fan speed monitoring,r7,0.0000,0.0000
Deploy a edge computing node with fan speed monitoring,r8,0.0000,0.0000
Deploy a edge computing node with fan speed monitoring,r9,0.0000,0.0000
Deploy a edge computing node with fan speed monitoring,r10,0.0000,0.0000
Deploy a edge computing node with fan speed monitoring,r11,0.0000,0.0000
Deploy a edge computing node with fan speed monitoring,r12,0.0000,0.0000
Deploy a edge computing node with fan speed monitoring,r13,1.0000,0.2000
Deploy a edge computing node with fan speed monitoring,r14,0.0000,0.0000
Deploy a edge computing node with fan speed monitoring,r15,0.0000,0.0000
Deploy a edge computing node with fan speed monitoring,r16,0.0000,0.0000
Deploy a edge computing node with fan speed monitoring,r17,0.0000,0.0000
Deploy a edge computing node with fan speed monitoring,r18,0.0000,0.0000
Deploy a edge computing node with fan speed monitoring,r19,0.0000,0.0000
Deploy a edge computing node with fan speed monitoring,r20,0.0000,0.0000
Deploy a edge computing node with fan speed monitoring,r21,0.0000,0.0000
Deploy a edge computing node with fan speed monitoring,r22,0.0000,0.0000
Deploy a edge computing node with fan speed monitoring,r23,0.0000,0.0000
Deploy a edge computing node with fan speed monitoring,r24,0.0000,0.0000
Deploy a edge computing node with fan speed monitoring,r25,0.0000,0.0000
Deploy a edge computing node with fan speed monitoring,r26,0.0000,0.0000
Deploy a edge computing node with fan speed monitoring,r27,0.0000,0.0000
Deploy a edge computing node with fan speed monitoring,r28,0.0000,0.0000
Deploy a edge computing node with fan speed monitoring,r29,0.0000,0.0000
Deploy a edge computing node with fan speed monitoring,r30,0.0000,0.0000
Deploy a edge computing node with fan speed monitoring,r31,0.0000,0.0000
Deploy a edge computing node with fan speed monitoring,r32,0.0000,0.0000
Deploy a edge computing node with fan speed monitoring,r33,0.0000,0.0000
Create a smart city IoT hub with network error detection,r1,0.0000,0.0000
Create a smart city IoT hub with network error detection,r2,0.0000,0.0000
Create a smart city IoT hub with network error detection,r3,0.0000,0.0000
Create a smart city IoT hub with network error detection,r4,0.0000,0.0000
Create a smart city IoT hub with network error detection,r5,0.0000,0.0000
Create a smart city IoT hub with network error detection,r6,0.0000,0.0000
Create a smart city IoT hub with network error detection,r7,0.0000,0.0000
Create a smart city IoT hub with network error detection,r8,0.0000,0.0000
Create a smart city IoT hub with network error detection,r9,0.0000,0.0000
Create a smart city IoT hub with network error detection,r10,0.0000,0.0000
Create a smart city IoT hub with network error detection,r11,0.0000,0.0000
Create a smart city IoT hub with network error detection,r12,0.0000,0.0000
Create a smart city IoT hub with network error detection,r13,0.0000,0.0000
Create a smart city IoT hub with network error detection,r14,0.0000,0.0000
Create a smart city IoT hub with network error detection,r15,0.0000,0.0000
Create a smart city IoT hub with network error detection,r16,0.2155,0.0667
Create a smart city IoT hub with network error detection,r17,0.2502,0.0769
Create a smart city IoT hub with network error detection,r18,0.2722,0.0833
Create a smart city IoT hub with network error detection,r19,1.0000,0.1818
Create a smart city IoT hub with network error detection,r20,0.2502,0.0769
Create a smart city IoT hub with network error detection,r21,1.0000,0.1818
Create a smart city IoT hub with network error detection,r22,0.2502,0.0769
Create a smart city IoT hub with network error detection,r23,0.2502,0.0769
Create a smart city IoT hub with network error detection,r24,0.2722,0.0833
Create a smart city IoT hub with network error detection,r25,0.2316,0.0714
Create a smart city IoT hub with network error detection,r26,0.2722,0.0833
Create a smart city IoT hub with network error detection,r27,0.2502,0.0769
Create a smart city IoT hub with network error detection,r28,1.0000,0.1818
Create a smart city IoT hub with network error detection,r29,0.2502,0.0769
Create a smart city IoT hub with network error detection,r30,1.0000,0.1818
Create a smart city IoT hub with network error detection,r31,0.2502,0.0769
Create a smart city IoT hub with network error detection,r32,0.0000,0.0000
Create a smart city IoT hub with network error detection,r33,0.8508,0.1667
Provision a robotics control server with CPU guarantees,r1,0.0000,0.0000
Provision a robotics control server with CPU guarantees,r2,0.0000,0.0000
Provision a robotics control server with CPU guarantees,r3,0.0000,0.0000
Provision a robotics control server with CPU guarantees,r4,0.0000,0.0000
Provision a robotics control server with CPU guarantees,r5,0.0000,0.0000
Provision a robotics control server with CPU guarantees,r6,0.0000,0.0000
Provision a robotics control server with CPU guarantees,r7,1.0000,0.1111
Provision a robotics control server with CPU guarantees,r8,0.9123,0.1000
Provision a robotics control server with CPU guarantees,r9,1.0000,0.1111
Provision a robotics control server with CPU guarantees,r10,0.9123,0.1000
Provision a robotics control server with CPU guarantees,r11,0.0000,0.0000
Provision a robotics control server with CPU guarantees,r12,0.0000,0.0000
Provision a robotics control server with CPU guarantees,r13,0.0000,0.0000
Provision a robotics control server with CPU guarantees,r14,0.0000,0.0000
Provision a robotics control server with CPU guarantees,r15,0.0000,0.0000
Provision a robotics control server with CPU guarantees,r16,0.0000,0.0000
Provision a robotics control server with CPU guarantees,r17,0.0000,0.0000
Provision a robotics control server with CPU guarantees,r18,0.0000,0.0000
Provision a robotics control server with CPU guarantees,r19,0.0000,0.0000
Provision a robotics control server with CPU guarantees,r20,0.0000,0.0000
Provision a robotics control server with CPU guarantees,r21,0.0000,0.0000
Provision a robotics control server with CPU guarantees,r22,0.0000,0.0000
Provision a robotics control server with CPU guarantees,r23,0.0000,0.0000
Provision a robotics control server with CPU guarantees,r24,0.0000,0.0000
Provision a robotics control server with CPU guarantees,r25,0.0000,0.0000
Provision a robotics control server with CPU guarantees,r26,0.0000,0.0000
Provision a robotics control server with CPU guarantees,r27,0.0000,0.0000
Provision a robotics control server with CPU guarantees,r28,0.0000,0.0000
Provision a robotics control server with CPU guarantees,r29,0.0000,0.0000
Provision a robotics control server with CPU guarantees,r30,0.0000,0.0000
Provision a robotics control server with CPU guarantees,r31,0.0000,0.0000
Provision a robotics control server with CPU guarantees,r32,0.0000,0.0000
Provision a robotics control server with CPU guarantees,r33,0.0000,0.0000
Setup a satellite ground station with packet loss prevention,r1,0.0000,0.0000
Setup a satellite ground station with packet loss prevention,r2,0.0000,0.0000
Setup a satellite ground station with packet loss prevention,r3,0.0000,0.0000
Setup a satellite ground station with packet loss prevention,r4,0.0000,0.0000
Setup a satellite ground station with packet loss prevention,r5,0.0000,0.0000
Setup a satellite ground station with packet loss prevention,r6,0.0000,0.0000
Setup a satellite ground station with packet loss prevention,r7,0.0000,0.0000
Setup a satellite ground station with packet loss prevention,r8,0.0000,0.0000
Setup a satellite ground station with packet loss prevention,r9,0.0000,0.0000
Setup a satellite ground station with packet loss prevention,r10,0.0000,0.0000
Setup a satellite ground station with packet loss prevention,r11,0.0000,0.0000
Setup a satellite ground station with packet loss prevention,r12,0.0000,0.0000
Setup a satellite ground station with packet loss prevention,r13,0.0000,0.0000
Setup a satellite ground station with packet loss prevention,r14,0.0000,0.0000
Setup a satellite ground station with packet loss prevention,r15,0.0000,0.0000
Setup a satellite ground station with packet loss prevention,r16,0.0000,0.0000
Setup a satellite ground station with packet loss prevention,r17,0.0000,0.0000
Setup a satellite ground station with packet loss prevention,r18,0.0000,0.0000
Setup a satellite ground station with packet loss prevention,r19,0.0000,0.0000
Setup a satellite ground station with packet loss prevention,r20,0.4260,0.0833
Setup a satellite ground station with packet loss prevention,r21,0.0000,0.0000
Setup a satellite ground station with packet loss prevention,r22,1.0000,0.1818
Setup a satellite ground station with packet loss prevention,r23,0.0000,0.0000
Setup a satellite ground station with packet loss prevention,r24,0.0000,0.0000
Setup a satellite ground station with packet loss prevention,r25,0.0000,0.0000
Setup a satellite ground station with packet loss prevention,r26,0.0000,0.0000
Setup a satellite ground station with packet loss prevention,r27,0.0000,0.0000
Setup a satellite ground station with packet loss prevention,r28,0.0000,0.0000
Setup a satellite ground station with packet loss prevention,r29,0.4260,0.0833
Setup a satellite ground station with packet loss prevention,r30,0.0000,0.0000
Setup a satellite ground station with packet loss prevention,r31,1.0000,0.1818
Setup a satellite ground station with packet loss prevention,r32,0.0000,0.0000
Setup a satellite ground station with packet loss prevention,r33,0.0000,0.0000
Implement a weather modeling cluster with thermal controls,r1,0.0000,0.0000
Implement a weather modeling cluster with thermal controls,r2,0.0000,0.0000
Implement a weather modeling cluster with thermal controls,r3,0.0000,0.0000
Implement a weather modeling cluster with thermal controls,r4,0.0000,0.0000
Implement a weather modeling cluster with thermal controls,r5,0.0000,0.0000
Implement a weather modeling cluster with thermal controls,r6,0.0000,0.0000
Implement a weather modeling cluster with thermal controls,r7,0.0000,0.0000
Implement a weather modeling cluster with thermal controls,r8,0.0000,0.0000
Implement a weather modeling cluster with thermal controls,r9,0.0000,0.0000
Implement a weather modeling cluster with thermal controls,r10,0.0000,0.0000
Implement a weather modeling cluster with thermal controls,r11,0.0000,0.0000
Implement a weather modeling cluster with thermal controls,r12,0.0000,0.0000
Implement a weather modeling cluster with thermal controls,r13,0.0000,0.0000
Implement a weather modeling cluster with thermal controls,r14,0.0000,0.0000
Implement a weather modeling cluster with thermal controls,r15,0.0000,0.0000
Implement a weather modeling cluster with thermal controls,r16,0.0000,0.0000
Implement a weather modeling cluster with thermal controls,r17,0.0000,0.0000
Implement a weather modeling cluster with thermal controls,r18,0.0000,0.0000
Implement a weather modeling cluster with thermal controls,r19,0.0000,0.0000
Implement a weather modeling cluster with thermal controls,r20,0.0000,0.0000
Implement a weather modeling cluster with thermal controls,r21,0.0000,0.0000
Implement a weather modeling cluster with thermal controls,r22,0.0000,0.0000
Implement a weather modeling cluster with thermal controls,r23,0.0000,0.0000
Implement a weather modeling cluster with thermal controls,r24,0.0000,0.0000
Implement a weather modeling cluster with thermal controls,r25,0.0000,0.0000
Implement a weather modeling cluster with thermal controls,r26,0.0000,0.0000
Implement a weather modeling cluster with thermal controls,r27,0.0000,0.0000
Implement a weather modeling cluster with thermal controls,r28,0.0000,0.0000
Implement a weather modeling cluster with thermal controls,r29,0.0000,0.0000
Implement a weather modeling cluster with thermal controls,r30,0.0000,0.0000
Implement a weather modeling cluster with thermal controls,r31,0.0000,0.0000
Implement a weather modeling cluster with thermal controls,r32,0.0000,0.0000
Implement a weather modeling cluster with thermal controls,r33,0.0000,0.0000
Deploy a 5G core network element with DPDK optimizations,r1,0.0000,0.0000
Deploy a 5G core network element with DPDK optimizations,r2,0.0000,0.0000
Deploy a 5G core network element with DPDK optimizations,r3,0.0000,0.0000
Deploy a 5G core network element with DPDK optimizations,r4,0.0000,0.0000
Deploy a 5G core network element with DPDK optimizations,r5,0.0000,0.0000
Deploy a 5G core network element with DPDK optimizations,r6,0.0000,0.0000
Deploy a 5G core network element with DPDK optimizations,r7,0.0000,0.0000
Deploy a 5G core network element with DPDK optimizations,r8,0.0000,0.0000
Deploy a 5G core network element with DPDK optimizations,r9,0.0000,0.0000
Deploy a 5G core network element with DPDK optimizations,r10,0.0000,0.0000
Deploy a 5G core network element with DPDK optimizations,r11,0.0000,0.0000
Deploy a 5G core network element with DPDK optimizations,r12,0.0000,0.0000
Deploy a 5G core network element with DPDK optimizations,r13,0.0000,0.0000
Deploy a 5G core network element with DPDK optimizations,r14,0.0000,0.0000
Deploy a 5G core network element with DPDK optimizations,r15,0.0000,0.0000
Deploy a 5G core network element with DPDK optimizations,r16,0.3553,0.0769
Deploy a 5G core network element with DPDK optimizations,r17,0.4126,0.0909
Deploy a 5G core network element with DPDK optimizations,r18,0.4487,0.1000
Deploy a 5G core network element with DPDK optimizations,r19,0.4487,0.1000
Deploy a 5G core network element with DPDK optimizations,r20,0.4126,0.0909
Deploy a 5G core network element with DPDK optimizations,r21,0.4487,0.1000
Deploy a 5G core network element with DPDK optimizations,r22,0.4126,0.0909
Deploy a 5G core network element with DPDK optimizations,r23,0.8627,0.2000
Deploy a 5G core network element with DPDK optimizations,r24,0.9383,0.2222
Deploy a 5G core network element with DPDK optimizations,r25,0.7983,0.1818
Deploy a 5G core network element with DPDK optimizations,r26,0.9383,0.2222
Deploy a 5G core network element with DPDK optimizations,r27,0.8627,0.2000
Deploy a 5G core network element with DPDK optimizations,r28,0.9383,0.2222
Deploy a 5G core network element with DPDK optimizations,r29,0.8627,0.2000
Deploy a 5G core network element with DPDK optimizations,r30,0.9383,0.2222
Deploy a 5G core network element with DPDK optimizations,r31,0.8627,0.2000
Deploy a 5G core network element with DPDK optimizations,r32,0.4896,0.1000
Deploy a 5G core network element with DPDK optimizations,r33,1.0000,0.2000
Deploy a High-Performance Computing (HPC) Cluster with Thermal and Memory safeguards,r1,0.0000,0.0000
Deploy a High-Performance Computing (HPC) Cluster with Thermal and Memory safeguards,r2,1.0000,0.0833
Deploy a High-Performance Computing (HPC) Cluster with Thermal and Memory safeguards,r3,0.9123,0.0769
Deploy a High-Performance Computing (HPC) Cluster with Thermal and Memory safeguards,r4,1.0000,0.0833
Deploy a High-Performance Computing (HPC) Cluster with Thermal and Memory safeguards,r5,0.9123,0.0769
Deploy a High-Performance Computing (HPC) Cluster with Thermal and Memory safeguards,r6,0.0000,0.0000
Deploy a High-Performance Computing (HPC) Cluster with Thermal and Memory safeguards,r7,0.0000,0.0000
Deploy a High-Performance Computing (HPC) Cluster with Thermal and Memory safeguards,r8,0.0000,0.0000
Deploy a High-Performance Computing (HPC) Cluster with Thermal and Memory safeguards,r9,0.0000,0.0000
Deploy a High-Performance Computing (HPC) Cluster with Thermal and Memory safeguards,r10,0.0000,0.0000
Deploy a High-Performance Computing (HPC) Cluster with Thermal and Memory safeguards,r11,0.0000,0.0000
Deploy a High-Performance Computing (HPC) Cluster with Thermal and Memory safeguards,r12,0.0000,0.0000
Deploy a High-Performance Computing (HPC) Cluster with Thermal and Memory safeguards,r13,0.0000,0.0000
Deploy a High-Performance Computing (HPC) Cluster with Thermal and Memory safeguards,r14,0.0000,0.0000
Deploy a High-Performance Computing (HPC) Cluster with Thermal and Memory safeguards,r15,0.0000,0.0000
Deploy a High-Performance Computing (HPC) Cluster with Thermal and Memory safeguards,r16,0.0000,0.0000
Deploy a High-Performance Computing (HPC) Cluster with Thermal and Memory safeguards,r17,0.0000,0.0000
Deploy a High-Performance Computing (HPC) Cluster with Thermal and Memory safeguards,r18,0.0000,0.0000
Deploy a High-Performance Computing (HPC) Cluster with Thermal and Memory safeguards,r19,0.6092,0.0769
Deploy a High-Performance Computing (HPC) Cluster with Thermal and Memory safeguards,r20,0.5601,0.0714
Deploy a High-Performance Computing (HPC) Cluster with Thermal and Memory safeguards,r21,0.6092,0.0769
Deploy a High-Performance Computing (HPC) Cluster with Thermal and Memory safeguards,r22,0.5601,0.0714
Deploy a High-Performance Computing (HPC) Cluster with Thermal and Memory safeguards,r23,0.0000,0.0000
Deploy a High-Performance Computing (HPC) Cluster with Thermal and Memory safeguards,r24,0.0000,0.0000
Deploy a High-Performance Computing (HPC) Cluster with Thermal and Memory safeguards,r25,0.0000,0.0000
Deploy a High-Performance Computing (HPC) Cluster with Thermal and Memory safeguards,r26,0.0000,0.0000
Deploy a High-Performance Computing (HPC) Cluster with Thermal and Memory safeguards,r27,0.0000,0.0000
Deploy a High-Performance Computing (HPC) Cluster with Thermal and Memory safeguards,r28,0.6092,0.0769
Deploy a High-Performance Computing (HPC) Cluster with Thermal and Memory safeguards,r29,0.5601,0.0714
Deploy a High-Performance Computing (HPC) Cluster with Thermal and Memory safeguards,r30,0.6092,0.0769
Deploy a High-Performance Computing (HPC) Cluster with Thermal and Memory safeguards,r31,0.5601,0.0714
Deploy a High-Performance Computing (HPC) Cluster with Thermal and Memory safeguards,r32,0.9123,0.0769
Deploy a High-Performance Computing (HPC) Cluster with Thermal and Memory safeguards,r33,0.0000,0.0000
Provision a Low-Latency Cloud Gaming Platform with Zero Packet Loss,r1,0.0000,0.0000
Provision a Low-Latency Cloud Gaming Platform with Zero Packet Loss,r2,0.0000,0.0000
Provision a Low-Latency Cloud Gaming Platform with Zero Packet Loss,r3,0.0000,0.0000
Provision a Low-Latency Cloud Gaming Platform with Zero Packet Loss,r4,0.0000,0.0000
Provision a Low-Latency Cloud Gaming Platform with Zero Packet Loss,r5,0.0000,0.0000
Provision a Low-Latency Cloud Gaming Platform with Zero Packet Loss,r6,0.0000,0.0000
Provision a Low-Latency Cloud Gaming Platform with Zero Packet Loss,r7,0.0000,0.0000
Provision a Low-Latency Cloud Gaming Platform with Zero Packet Loss,r8,0.0000,0.0000
Provision a Low-Latency Cloud Gaming Platform with Zero Packet Loss,r9,0.0000,0.0000
Provision a Low-Latency Cloud Gaming Platform with Zero Packet Loss,r10,0.0000,0.0000
Provision a Low-Latency Cloud Gaming Platform with Zero Packet Loss,r11,0.0000,0.0000
Provision a Low-Latency Cloud Gaming Platform with Zero Packet Loss,r12,0.0000,0.0000
Provision a Low-Latency Cloud Gaming Platform with Zero Packet Loss,r13,0.0000,0.0000
Provision a Low-Latency Cloud Gaming Platform with Zero Packet Loss,r14,0.0000,0.0000
Provision a Low-Latency Cloud Gaming Platform with Zero Packet Loss,r15,0.0000,0.0000
Provision a Low-Latency Cloud Gaming Platform with Zero Packet Loss,r16,0.0000,0.0000
Provision a Low-Latency Cloud Gaming Platform with Zero Packet Loss,r17,0.0000,0.0000
Provision a Low-Latency Cloud Gaming Platform with Zero Packet Loss,r18,0.0000,0.0000
Provision a Low-Latency Cloud Gaming Platform with Zero Packet Loss,r19,0.0000,0.0000
Provision a Low-Latency Cloud Gaming Platform with Zero Packet Loss,r20,0.4260,0.0714
Provision a Low-Latency Cloud Gaming Platform with Zero Packet Loss,r21,0.0000,0.0000
Provision a Low-Latency Cloud Gaming Platform with Zero Packet Loss,r22,1.0000,0.1538
Provision a Low-Latency Cloud Gaming Platform with Zero Packet Loss,r23,0.0000,0.0000
Provision a Low-Latency Cloud Gaming Platform with Zero Packet Loss,r24,0.0000,0.0000
Provision a Low-Latency Cloud Gaming Platform with Zero Packet Loss,r25,0.0000,0.0000
Provision a Low-Latency Cloud Gaming Platform with Zero Packet Loss,r26,0.0000,0.0000
Provision a Low-Latency Cloud Gaming Platform with Zero Packet Loss,r27,0.0000,0.0000
Provision a Low-Latency Cloud Gaming Platform with Zero Packet Loss,r28,0.0000,0.0000
Provision a Low-Latency Cloud Gaming Platform with Zero Packet Loss,r29,0.4260,0.0714
Provision a Low-Latency Cloud Gaming Platform with Zero Packet Loss,r30,0.0000,0.0000
Provision a Low-Latency Cloud Gaming Platform with Zero Packet Loss,r31,1.0000,0.1538
Provision a Low-Latency Cloud Gaming Platform with Zero Packet Loss,r32,0.7579,0.0769
Provision a Low-Latency Cloud Gaming Platform with Zero Packet Loss,r33,0.0000,0.0000
Implement an Autonomous Vehicle Control System with Real-Time network Stability,r1,0.0000,0.0000
Implement an Autonomous Vehicle Control System with Real-Time network Stability,r2,0.0000,0.0000
Implement an Autonomous Vehicle Control System with Real-Time network Stability,r3,0.0000,0.0000
Implement an Autonomous Vehicle Control System with Real-Time network Stability,r4,0.0000,0.0000
Implement an Autonomous Vehicle Control System with Real-Time network Stability,r5,0.0000,0.0000
Implement an Autonomous Vehicle Control System with Real-Time network Stability,r6,0.0000,0.0000
Implement an Autonomous Vehicle Control System with Real-Time network Stability,r7,0.0000,0.0000
Implement an Autonomous Vehicle Control System with Real-Time network Stability,r8,0.0000,0.0000
Implement an Autonomous Vehicle Control System with Real-Time network Stability,r9,0.0000,0.0000
Implement an Autonomous Vehicle Control System with Real-Time network Stability,r10,0.0000,0.0000
Implement an Autonomous Vehicle Control System with Real-Time network Stability,r11,0.0000,0.0000
Implement an Autonomous Vehicle Control System with Real-Time network Stability,r12,0.0000,0.0000
Implement an Autonomous Vehicle Control System with Real-Time network Stability,r13,0.0000,0.0000
Implement an Autonomous Vehicle Control System with Real-Time network Stability,r14,0.0000,0.0000
Implement an Autonomous Vehicle Control System with Real-Time network Stability,r15,0.0000,0.0000
Implement an Autonomous Vehicle Control System with Real-Time network Stability,r16,0.7918,0.0625
Implement an Autonomous Vehicle Control System with Real-Time network Stability,r17,0.9194,0.0714
Implement an Autonomous Vehicle Control System with Real-Time network Stability,r18,1.0000,0.0769
Implement an Autonomous Vehicle Control System with Real-Time network Stability,r19,1.0000,0.0769
Implement an Autonomous Vehicle Control System with Real-Time network Stability,r20,0.9194,0.0714
Implement an Autonomous Vehicle Control System with Real-Time network Stability,r21,1.0000,0.0769
Implement an Autonomous Vehicle Control System with Real-Time network Stability,r22,0.9194,0.0714
Implement an Autonomous Vehicle Control System with Real-Time network Stability,r23,0.9194,0.0714
Implement an Autonomous Vehicle Control System with Real-Time network Stability,r24,1.0000,0.0769
Implement an Autonomous Vehicle Control System with Real-Time network Stability,r25,0.8508,0.0667
Implement an Autonomous Vehicle Control System with Real-Time network Stability,r26,1.0000,0.0769
Implement an Autonomous Vehicle Control System with Real-Time network Stability,r27,0.9194,0.0714
Implement an Autonomous Vehicle Control System with Real-Time network Stability,r28,1.0000,0.0769
Implement an Autonomous Vehicle Control System with Real-Time network Stability,r29,0.9194,0.0714
Implement an Autonomous Vehicle Control System with Real-Time network Stability,r30,1.0000,0.0769
Implement an Autonomous Vehicle Control System with Real-Time network Stability,r31,0.9194,0.0714
Implement an Autonomous Vehicle Control System with Real-Time network Stability,r32,0.0000,0.0000
Implement an Autonomous Vehicle Control System with Real-Time network Stability,r33,0.8508,0.0714
Implement a Real-Time Video Surveillance System with Frame Loss Prevention,r1,0.0000,0.0000
Implement a Real-Time Video Surveillance System with Frame Loss Prevention,r2,0.0000,0.0000
Implement a Real-Time Video Surveillance System with Frame Loss Prevention,r3,0.0000,0.0000
Implement a Real-Time Video Surveillance System with Frame Loss Prevention,r4,0.0000,0.0000
Implement a Real-Time Video Surveillance System with Frame Loss Prevention,r5,0.0000,0.0000
Implement a Real-Time Video Surveillance System with Frame Loss Prevention,r6,0.0000,0.0000
Implement a Real-Time Video Surveillance System with Frame Loss Prevention,r7,0.0000,0.0000
Implement a Real-Time Video Surveillance System with Frame Loss Prevention,r8,0.0000,0.0000
Implement a Real-Time Video Surveillance System with Frame Loss Prevention,r9,0.0000,0.0000
Implement a Real-Time Video Surveillance System with Frame Loss Prevention,r10,0.0000,0.0000
Implement a Real-Time Video Surveillance System with Frame Loss Prevention,r11,0.0000,0.0000
Implement a Real-Time Video Surveillance System with Frame Loss Prevention,r12,0.0000,0.0000
Implement a Real-Time Video Surveillance System with Frame Loss Prevention,r13,0.0000,0.0000
Implement a Real-Time Video Surveillance System with Frame Loss Prevention,r14,0.0000,0.0000
Implement a Real-Time Video Surveillance System with Frame Loss Prevention,r15,0.0000,0.0000
Implement a Real-Time Video Surveillance System with Frame Loss Prevention,r16,0.0000,0.0000
Implement a Real-Time Video Surveillance System with Frame Loss Prevention,r17,0.0000,0.0000
Implement a Real-Time Video Surveillance System with Frame Loss Prevention,r18,0.0000,0.0000
Implement a Real-Time Video Surveillance System with Frame Loss Prevention,r19,0.0000,0.0000
Implement a Real-Time Video Surveillance System with Frame Loss Prevention,r20,0.0000,0.0000
Implement a Real-Time Video Surveillance System with Frame Loss Prevention,r21,0.0000,0.0000
Implement a Real-Time Video Surveillance System with Frame Loss Prevention,r22,1.0000,0.0714
Implement a Real-Time Video Surveillance System with Frame Loss Prevention,r23,0.0000,0.0000
Implement a Real-Time Video Surveillance System with Frame Loss Prevention,r24,0.0000,0.0000
Implement a Real-Time Video Surveillance System with Frame Loss Prevention,r25,0.0000,0.0000
Implement a Real-Time Video Surveillance System with Frame Loss Prevention,r26,0.0000,0.0000
Implement a Real-Time Video Surveillance System with Frame Loss Prevention,r27,0.0000,0.0000
Implement a Real-Time Video Surveillance System with Frame Loss Prevention,r28,0.0000,0.0000
Implement a Real-Time Video Surveillance System with Frame Loss Prevention,r29,0.0000,0.0000
Implement a Real-Time Video Surveillance System with Frame Loss Prevention,r30,0.0000,0.0000
Implement a Real-Time Video Surveillance System with Frame Loss Prevention,r31,1.0000,0.0714
Implement a Real-Time Video Surveillance System with Frame Loss Prevention,r32,0.0000,0.0000
Implement a Real-Time Video Surveillance System with Frame Loss Prevention,r33,0.0000,0.0000
Create a Cloud-Based AI Training Cluster with GPU Utilization Monitoring,r1,0.0000,0.0000
Create a Cloud-Based AI Training Cluster with GPU Utilization Monitoring,r2,0.0000,0.0000
Create a Cloud-Based AI Training Cluster with GPU Utilization Monitoring,r3,0.0000,0.0000
Create a Cloud-Based AI Training Cluster with GPU Utilization Monitoring,r4,0.0000,0.0000
Create a Cloud-Based AI Training Cluster with GPU Utilization Monitoring,r5,0.0000,0.0000
Create a Cloud-Based AI Training Cluster with GPU Utilization Monitoring,r6,0.0000,0.0000
Create a Cloud-Based AI Training Cluster with GPU Utilization Monitoring,r7,0.0000,0.0000
Create a Cloud-Based AI Training Cluster with GPU Utilization Monitoring,r8,0.0000,0.0000
Create a Cloud-Based AI Training Cluster with GPU Utilization Monitoring,r9,0.0000,0.0000
Create a Cloud-Based AI Training Cluster with GPU Utilization Monitoring,r10,0.0000,0.0000
Create a Cloud-Based AI Training Cluster with GPU Utilization Monitoring,r11,0.0000,0.0000
Create a Cloud-Based AI Training Cluster with GPU Utilization Monitoring,r12,0.0000,0.0000
Create a Cloud-Based AI Training Cluster with GPU Utilization Monitoring,r13,0.0000,0.0000
Create a Cloud-Based AI Training Cluster with GPU Utilization Monitoring,r14,0.0000,0.0000
Create a Cloud-Based AI Training Cluster with GPU Utilization Monitoring,r15,0.0000,0.0000
Create a Cloud-Based AI Training Cluster with GPU Utilization Monitoring,r16,0.0000,0.0000
Create a Cloud-Based AI Training Cluster with GPU Utilization Monitoring,r17,0.0000,0.0000
Create a Cloud-Based AI Training Cluster with GPU Utilization Monitoring,r18,0.0000,0.0000
Create a Cloud-Based AI Training Cluster with GPU Utilization Monitoring,r19,0.0000,0.0000
Create a Cloud-Based AI Training Cluster with GPU Utilization Monitoring,r20,0.0000,0.0000
Create a Cloud-Based AI Training Cluster with GPU Utilization Monitoring,r21,0.0000,0.0000
Create a Cloud-Based AI Training Cluster with GPU Utilization Monitoring,r22,0.0000,0.0000
Create a Cloud-Based AI Training Cluster with GPU Utilization Monitoring,r23,0.0000,0.0000
Create a Cloud-Based AI Training Cluster with GPU Utilization Monitoring,r24,0.0000,0.0000
Create a Cloud-Based AI Training Cluster with GPU Utilization Monitoring,r25,0.0000,0.0000
Create a Cloud-Based AI Training Cluster with GPU Utilization Monitoring,r26,0.0000,0.0000
Create a Cloud-Based AI Training Cluster with GPU Utilization Monitoring,r27,0.0000,0.0000
Create a Cloud-Based AI Training Cluster with GPU Utilization Monitoring,r28,0.0000,0.0000
Create a Cloud-Based AI Training Cluster with GPU Utilization Monitoring,r29,0.0000,0.0000
Create a Cloud-Based AI Training Cluster with GPU Utilization Monitoring,r30,0.0000,0.0000
Create a Cloud-Based AI Training Cluster with GPU Utilization Monitoring,r31,0.0000,0.0000
Create a Cloud-Based AI Training Cluster with GPU Utilization Monitoring,r32,0.0000,0.0000
Create a Cloud-Based AI Training Cluster with GPU Utilization Monitoring,r33,0.0000,0.0000
Setup a Global Content Delivery Network (CDN) with Packet integrity Assurance,r1,0.0000,0.0000
Setup a Global Content Delivery Network (CDN) with Packet integrity Assurance,r2,0.0000,0.0000
Setup a Global Content Delivery Network (CDN) with Packet integrity Assurance,r3,0.0000,0.0000
Setup a Global Content Delivery Network (CDN) with Packet integrity Assurance,r4,0.0000,0.0000
Setup a Global Content Delivery Network (CDN) with Packet integrity Assurance,r5,0.0000,0.0000
Setup a Global Content Delivery Network (CDN) with Packet integrity Assurance,r6,0.0000,0.0000
Setup a Global Content Delivery Network (CDN) with Packet integrity Assurance,r7,0.0000,0.0000
Setup a Global Content Delivery Network (CDN) with Packet integrity Assurance,r8,0.0000,0.0000
Setup a Global Content Delivery Network (CDN) with Packet integrity Assurance,r9,0.0000,0.0000
Setup a Global Content Delivery Network (CDN) with Packet integrity Assurance,r10,0.0000,0.0000
Setup a Global Content Delivery Network (CDN) with Packet integrity Assurance,r11,0.0000,0.0000
Setup a Global Content Delivery Network (CDN) with Packet integrity Assurance,r12,0.0000,0.0000
Setup a Global Content Delivery Network (CDN) with Packet integrity Assurance,r13,0.0000,0.0000
Setup a Global Content Delivery Network (CDN) with Packet integrity Assurance,r14,0.0000,0.0000
Setup a Global Content Delivery Network (CDN) with Packet integrity Assurance,r15,0.0000,0.0000
Setup a Global Content Delivery Network (CDN) with Packet integrity Assurance,r16,0.2123,0.0625
Setup a Global Content Delivery Network (CDN) with Packet integrity Assurance,r17,0.2465,0.0714
Setup a Global Content Delivery Network (CDN) with Packet integrity Assurance,r18,0.2681,0.0769
Setup a Global Content Delivery Network (CDN) with Packet integrity Assurance,r19,0.2681,0.0769
Setup a Global Content Delivery Network (CDN) with Packet integrity Assurance,r20,1.0000,0.1538
Setup a Global Content Delivery Network (CDN) with Packet integrity Assurance,r21,0.2681,0.0769
Setup a Global Content Delivery Network (CDN) with Packet integrity Assurance,r22,1.0000,0.1538
Setup a Global Content Delivery Network (CDN) with Packet integrity Assurance,r23,0.2465,0.0714
Setup a Global Content Delivery Network (CDN) with Packet integrity Assurance,r24,0.2681,0.0769
Setup a Global Content Delivery Network (CDN) with Packet integrity Assurance,r25,0.2281,0.0667
Setup a Global Content Delivery Network (CDN) with Packet integrity Assurance,r26,0.2681,0.0769
Setup a Global Content Delivery Network (CDN) with Packet integrity Assurance,r27,0.2465,0.0714
Setup a Global Content Delivery Network (CDN) with Packet integrity Assurance,r28,0.2681,0.0769
Setup a Global Content Delivery Network (CDN) with Packet integrity Assurance,r29,1.0000,0.1538
Setup a Global Content Delivery Network (CDN) with Packet integrity Assurance,r30,0.2681,0.0769
Setup a Global Content Delivery Network (CDN) with Packet integrity Assurance,r31,1.0000,0.1538
Setup a Global Content Delivery Network (CDN) with Packet integrity Assurance,r32,0.0000,0.0000
Setup a Global Content Delivery Network (CDN) with Packet integrity Assurance,r33,0.2281,0.0714
Implement a Satellite Communication Hub with Signal Integrity Checks,r1,0.0000,0.0000
Implement a Satellite Communication Hub with Signal Integrity Checks,r2,0.0000,0.0000
Implement a Satellite Communication Hub with Signal Integrity Checks,r3,0.0000,0.0000
Implement a Satellite Communication Hub with Signal Integrity Checks,r4,0.0000,0.0000
Implement a Satellite Communication Hub with Signal Integrity Checks,r5,0.0000,0.0000
Implement a Satellite Communication Hub with Signal Integrity Checks,r6,0.0000,0.0000
Implement a Satellite Communication Hub with Signal Integrity Checks,r7,0.0000,0.0000
Implement a Satellite Communication Hub with Signal Integrity Checks,r8,0.0000,0.0000
Implement a Satellite Communication Hub with Signal Integrity Checks,r9,0.0000,0.0000
Implement a Satellite Communication Hub with Signal Integrity Checks,r10,0.0000,0.0000
Implement a Satellite Communication Hub with Signal Integrity Checks,r11,0.0000,0.0000
Implement a Satellite Communication Hub with Signal Integrity Checks,r12,0.0000,0.0000
Implement a Satellite Communication Hub with Signal Integrity Checks,r13,0.0000,0.0000
Implement a Satellite Communication Hub with Signal Integrity Checks,r14,0.0000,0.0000
Implement a Satellite Communication Hub with Signal Integrity Checks,r15,0.0000,0.0000
Implement a Satellite Communication Hub with Signal Integrity Checks,r16,0.0000,0.0000
Implement a Satellite Communication Hub with Signal Integrity Checks,r17,0.0000,0.0000
Implement a Satellite Communication Hub with Signal Integrity Checks,r18,0.0000,0.0000
Implement a Satellite Communication Hub with Signal Integrity Checks,r19,0.0000,0.0000
Implement a Satellite Communication Hub with Signal Integrity Checks,r20,0.0000,0.0000
Implement a Satellite Communication Hub with Signal Integrity Checks,r21,0.0000,0.0000
Implement a Satellite Communication Hub with Signal Integrity Checks,r22,0.0000,0.0000
Implement a Satellite Communication Hub with Signal Integrity Checks,r23,0.0000,0.0000
Implement a Satellite Communication Hub with Signal Integrity Checks,r24,0.0000,0.0000
Implement a Satellite Communication Hub with Signal Integrity Checks,r25,0.0000,0.0000
Implement a Satellite Communication Hub with Signal Integrity Checks,r26,0.0000,0.0000
Implement a Satellite Communication Hub with Signal Integrity Checks,r27,0.0000,0.0000
Implement a Satellite Communication Hub with Signal Integrity Checks,r28,0.0000,0.0000
Implement a Satellite Communication Hub with Signal Integrity Checks,r29,0.0000,0.0000
Implement a Satellite Communication Hub with Signal Integrity Checks,r30,0.0000,0.0000
Implement a Satellite Communication Hub with Signal Integrity Checks,r31,0.0000,0.0000
Implement a Satellite Communication Hub with Signal Integrity Checks,r32,0.0000,0.0000
Implement a Satellite Communication Hub with Signal Integrity Checks,r33,0.0000,0.0000
Build a Decentralized Blockchain Network with Consensus Stability,r1,0.0000,0.0000
Build a Decentralized Blockchain Network with Consensus Stability,r2,0.0000,0.0000
Build a Decentralized Blockchain Network with Consensus Stability,r3,0.0000,0.0000
Build a Decentralized Blockchain Network with Consensus Stability,r4,0.0000,0.0000
Build a Decentralized Blockchain Network with Consensus Stability,r5,0.0000,0.0000
Build a Decentralized Blockchain Network with Consensus Stability,r6,0.0000,0.0000
Build a Decentralized Blockchain Network with Consensus Stability,r7,0.0000,0.0000
Build a Decentralized Blockchain Network with Consensus Stability,r8,0.0000,0.0000
Build a Decentralized Blockchain Network with Consensus Stability,r9,0.0000,0.0000
Build a Decentralized Blockchain Network with Consensus Stability,r10,0.0000,0.0000
Build a Decentralized Blockchain Network with Consensus Stability,r11,0.0000,0.0000
Build a Decentralized Blockchain Network with Consensus Stability,r12,0.0000,0.0000
Build a Decentralized Blockchain Network with Consensus Stability,r13,0.0000,0.0000
Build a Decentralized Blockchain Network with Consensus Stability,r14,0.0000,0.0000
Build a Decentralized Blockchain Network with Consensus Stability,r15,0.0000,0.0000
Build a Decentralized Blockchain Network with Consensus Stability,r16,0.7918,0.0769
Build a Decentralized Blockchain Network with Consensus Stability,r17,0.9194,0.0909
Build a Decentralized Blockchain Network with Consensus Stability,r18,1.0000,0.1000
Build a Decentralized Blockchain Network with Consensus Stability,r19,1.0000,0.1000
Build a Decentralized Blockchain Network with Consensus Stability,r20,0.9194,0.0909
Build a Decentralized Blockchain Network with Consensus Stability,r21,1.0000,0.1000
Build a Decentralized Blockchain Network with Consensus Stability,r22,0.9194,0.0909
Build a Decentralized Blockchain Network with Consensus Stability,r23,0.9194,0.0909
Build a Decentralized Blockchain Network with Consensus Stability,r24,1.0000,0.1000
Build a Decentralized Blockchain Network with Consensus Stability,r25,0.8508,0.0833
Build a Decentralized Blockchain Network with Consensus Stability,r26,1.0000,0.1000
Build a Decentralized Blockchain Network with Consensus Stability,r27,0.9194,0.0909
Build a Decentralized Blockchain Network with Consensus Stability,r28,1.0000,0.1000
Build a Decentralized Blockchain Network with Consensus Stability,r29,0.9194,0.0909
Build a Decentralized Blockchain Network with Consensus Stability,r30,1.0000,0.1000
Build a Decentralized Blockchain Network with Consensus Stability,r31,0.9194,0.0909
Build a Decentralized Blockchain Network with Consensus Stability,r32,0.0000,0.0000
Build a Decentralized Blockchain Network with Consensus Stability,r33,0.8508,0.0909
Setup an Edge AI Inference Node with Thermal and Memory Safeguards,r1,0.0000,0.0000
Setup an Edge AI Inference Node with Thermal and Memory Safeguards,r2,1.0000,0.1000
Setup an Edge AI Inference Node with Thermal and Memory Safeguards,r3,0.9123,0.0909
Setup an Edge AI Inference Node with Thermal and Memory Safeguards,r4,1.0000,0.1000
Setup an Edge AI Inference Node with Thermal and Memory Safeguards,r5,0.9123,0.0909
Setup an Edge AI Inference Node with Thermal and Memory Safeguards,r6,0.0000,0.0000
Setup an Edge AI Inference Node with Thermal and Memory Safeguards,r7,0.0000,0.0000
Setup an Edge AI Inference Node with Thermal and Memory Safeguards,r8,0.0000,0.0000
Setup an Edge AI Inference Node with Thermal and Memory Safeguards,r9,0.0000,0.0000
Setup an Edge AI Inference Node with Thermal and Memory Safeguards,r10,0.0000,0.0000
Setup an Edge AI Inference Node with Thermal and Memory Safeguards,r11,0.0000,0.0000
Setup an Edge AI Inference Node with Thermal and Memory Safeguards,r12,0.0000,0.0000
Setup an Edge AI Inference Node with Thermal and Memory Safeguards,r13,0.0000,0.0000
Setup an Edge AI Inference Node with Thermal and Memory Safeguards,r14,0.0000,0.0000
Setup an Edge AI Inference Node with Thermal and Memory Safeguards,r15,0.0000,0.0000
Setup an Edge AI Inference Node with Thermal and Memory Safeguards,r16,0.0000,0.0000
Setup an Edge AI Inference Node with Thermal and Memory Safeguards,r17,0.0000,0.0000
Setup an Edge AI Inference Node with Thermal and Memory Safeguards,r18,0.0000,0.0000
Setup an Edge AI Inference Node with Thermal and Memory Safeguards,r19,0.0000,0.0000
Setup an Edge AI Inference Node with Thermal and Memory Safeguards,r20,0.0000,0.0000
Setup an Edge AI Inference Node with Thermal and Memory Safeguards,r21,0.0000,0.0000
Setup an Edge AI Inference Node with Thermal and Memory Safeguards,r22,0.0000,0.0000
Setup an Edge AI Inference Node with Thermal and Memory Safeguards,r23,0.0000,0.0000
Setup an Edge AI Inference Node with Thermal and Memory Safeguards,r24,0.0000,0.0000
Setup an Edge AI Inference Node with Thermal and Memory Safeguards,r25,0.0000,0.0000
Setup an Edge AI Inference Node with Thermal and Memory Safeguards,r26,0.0000,0.0000
Setup an Edge AI Inference Node with Thermal and Memory Safeguards,r27,0.0000,0.0000
Setup an Edge AI Inference Node with Thermal and Memory Safeguards,r28,0.0000,0.0000
Setup an Edge AI Inference Node with Thermal and Memory Safeguards,r29,0.0000,0.0000
Setup an Edge AI Inference Node with Thermal and Memory Safeguards,r30,0.0000,0.0000
Setup an Edge AI Inference Node with Thermal and Memory Safeguards,r31,0.0000,0.0000
Setup an Edge AI Inference Node with Thermal and Memory Safeguards,r32,0.9123,0.0909
Setup an Edge AI Inference Node with Thermal and Memory Safeguards,r33,0.0000,0.0000
Deploy a Backup Server with SSH Access and Network Stability,r1,0.0000,0.0000
Deploy a Backup Server with SSH Access and Network Stability,r2,0.0000,0.0000
Deploy a Backup Server with SSH Access and Network Stability,r3,0.0000,0.0000
Deploy a Backup Server with SSH Access and Network Stability,r4,0.0000,0.0000
Deploy a Backup Server with SSH Access and Network Stability,r5,0.0000,0.0000
Deploy a Backup Server with SSH Access and Network Stability,r6,0.0000,0.0000
Deploy a Backup Server with SSH Access and Network Stability,r7,0.0000,0.0000
Deploy a Backup Server with SSH Access and Network Stability,r8,0.0000,0.0000
Deploy a Backup Server with SSH Access and Network Stability,r9,0.0000,0.0000
Deploy a Backup Server with SSH Access and Network Stability,r10,0.0000,0.0000
Deploy a Backup Server with SSH Access and Network Stability,r11,0.0000,0.0000
Deploy a Backup Server with SSH Access and Network Stability,r12,0.0000,0.0000
Deploy a Backup Server with SSH Access and Network Stability,r13,0.0000,0.0000
Deploy a Backup Server with SSH Access and Network Stability,r14,0.0000,0.0000
Deploy a Backup Server with SSH Access and Network Stability,r15,1.0000,0.2222
Deploy a Backup Server with SSH Access and Network Stability,r16,0.0722,0.0714
Deploy a Backup Server with SSH Access and Network Stability,r17,0.0839,0.0833
Deploy a Backup Server with SSH Access and Network Stability,r18,0.0912,0.0909
Deploy a Backup Server with SSH Access and Network Stability,r19,0.0912,0.0909
Deploy a Backup Server with SSH Access and Network Stability,r20,0.0839,0.0833
Deploy a Backup Server with SSH Access and Network Stability,r21,0.0912,0.0909
Deploy a Backup Server with SSH Access and Network Stability,r22,0.0839,0.0833
Deploy a Backup Server with SSH Access and Network Stability,r23,0.0839,0.0833
Deploy a Backup Server with SSH Access and Network Stability,r24,0.0912,0.0909
Deploy a Backup Server with SSH Access and Network Stability,r25,0.0776,0.0769
Deploy a Backup Server with SSH Access and Network Stability,r26,0.0912,0.0909
Deploy a Backup Server with SSH Access and Network Stability,r27,0.0839,0.0833
Deploy a Backup Server with SSH Access and Network Stability,r28,0.0912,0.0909
Deploy a Backup Server with SSH Access and Network Stability,r29,0.0839,0.0833
Deploy a Backup Server with SSH Access and Network Stability,r30,0.0912,0.0909
Deploy a Backup Server with SSH Access and Network Stability,r31,0.0839,0.0833
Deploy a Backup Server with SSH Access and Network Stability,r32,0.0000,0.0000
Deploy a Backup Server with SSH Access and Network Stability,r33,0.0776,0.0833
Create an IoT Temperature Sensor Node with Thermal Thresholds,r1,0.0000,0.0000
Create an IoT Temperature Sensor Node with Thermal Thresholds,r2,0.0000,0.0000
Create an IoT Temperature Sensor Node with Thermal Thresholds,r3,0.0000,0.0000
Create an IoT Temperature Sensor Node with Thermal Thresholds,r4,0.0000,0.0000
Create an IoT Temperature Sensor Node with Thermal Thresholds,r5,0.0000,0.0000
Create an IoT Temperature Sensor Node with Thermal Thresholds,r6,0.0000,0.0000
Create an IoT Temperature Sensor Node with Thermal Thresholds,r7,0.0000,0.0000
Create an IoT Temperature Sensor Node with Thermal Thresholds,r8,0.0000,0.0000
Create an IoT Temperature Sensor Node with Thermal Thresholds,r9,0.0000,0.0000
Create an IoT Temperature Sensor Node with Thermal Thresholds,r10,0.0000,0.0000
Create an IoT Temperature Sensor Node with Thermal Thresholds,r11,1.0000,0.0909
Create an IoT Temperature Sensor Node with Thermal Thresholds,r12,1.0000,0.0909
Create an IoT Temperature Sensor Node with Thermal Thresholds,r13,0.0000,0.0000
Create an IoT Temperature Sensor Node with Thermal Thresholds,r14,0.0000,0.0000
Create an IoT Temperature Sensor Node with Thermal Thresholds,r15,0.0000,0.0000
Create an IoT Temperature Sensor Node with Thermal Thresholds,r16,0.0000,0.0000
Create an IoT Temperature Sensor Node with Thermal Thresholds,r17,0.0000,0.0000
Create an IoT Temperature Sensor Node with Thermal Thresholds,r18,0.0000,0.0000
Create an IoT Temperature Sensor Node with Thermal Thresholds,r19,0.0000,0.0000
Create an IoT Temperature Sensor Node with Thermal Thresholds,r20,0.0000,0.0000
Create an IoT Temperature Sensor Node with Thermal Thresholds,r21,0.0000,0.0000
Create an IoT Temperature Sensor Node with Thermal Thresholds,r22,0.0000,0.0000
Create an IoT Temperature Sensor Node with Thermal Thresholds,r23,0.0000,0.0000
Create an IoT Temperature Sensor Node with Thermal Thresholds,r24,0.0000,0.0000
Create an IoT Temperature Sensor Node with Thermal Thresholds,r25,0.0000,0.0000
Create an IoT Temperature Sensor Node with Thermal Thresholds,r26,0.0000,0.0000
Create an IoT Temperature Sensor Node with Thermal Thresholds,r27,0.0000,0.0000
Create an IoT Temperature Sensor Node with Thermal Thresholds,r28,0.0000,0.0000
Create an IoT Temperature Sensor Node with Thermal Thresholds,r29,0.0000,0.0000
Create an IoT Temperature Sensor Node with Thermal Thresholds,r30,0.0000,0.0000
Create an IoT Temperature Sensor Node with Thermal Thresholds,r31,0.0000,0.0000
Create an IoT Temperature Sensor Node with Thermal Thresholds,r32,0.0000,0.0000
Create an IoT Temperature Sensor Node with Thermal Thresholds,r33,0.0000,0.0000
Deploy a Static Web Server with MTU and Packet Loss Monitoring,r1,0.0000,0.0000
Deploy a Static Web Server with MTU and Packet Loss Monitoring,r2,0.0000,0.0000
Deploy a Static Web Server with MTU and Packet Loss Monitoring,r3,0.0000,0.0000
Deploy a Static Web Server with MTU and Packet Loss Monitoring,r4,0.0000,0.0000
Deploy a Static Web Server with MTU and Packet Loss Monitoring,r5,0.0000,0.0000
Deploy a Static Web Server with MTU and Packet Loss Monitoring,r6,0.0000,0.0000
Deploy a Static Web Server with MTU and Packet Loss Monitoring,r7,0.0000,0.0000
Deploy a Static Web Server with MTU and Packet Loss Monitoring,r8,0.0000,0.0000
Deploy a Static Web Server with MTU and Packet Loss Monitoring,r9,0.0000,0.0000
Deploy a Static Web Server with MTU and Packet Loss Monitoring,r10,0.0000,0.0000
Deploy a Static Web Server with MTU and Packet Loss Monitoring,r11,0.0000,0.0000
Deploy a Static Web Server with MTU and Packet Loss Monitoring,r12,0.0000,0.0000
Deploy a Static Web Server with MTU and Packet Loss Monitoring,r13,0.0000,0.0000
Deploy a Static Web Server with MTU and Packet Loss Monitoring,r14,0.0000,0.0000
Deploy a Static Web Server with MTU and Packet Loss Monitoring,r15,0.0000,0.0000
Deploy a Static Web Server with MTU and Packet Loss Monitoring,r16,0.0000,0.0000
Deploy a Static Web Server with MTU and Packet Loss Monitoring,r17,0.6968,0.0769
Deploy a Static Web Server with MTU and Packet Loss Monitoring,r18,0.0000,0.0000
Deploy a Static Web Server with MTU and Packet Loss Monitoring,r19,0.0000,0.0000
Deploy a Static Web Server with MTU and Packet Loss Monitoring,r20,0.4260,0.0769
Deploy a Static Web Server with MTU and Packet Loss Monitoring,r21,0.0000,0.0000
Deploy a Static Web Server with MTU and Packet Loss Monitoring,r22,1.0000,0.1667
Deploy a Static Web Server with MTU and Packet Loss Monitoring,r23,0.0000,0.0000
Deploy a Static Web Server with MTU and Packet Loss Monitoring,r24,0.0000,0.0000
Deploy a Static Web Server with MTU and Packet Loss Monitoring,r25,0.0000,0.0000
Deploy a Static Web Server with MTU and Packet Loss Monitoring,r26,0.0000,0.0000
Deploy a Static Web Server with MTU and Packet Loss Monitoring,r27,0.0000,0.0000
Deploy a Static Web Server with MTU and Packet Loss Monitoring,r28,0.0000,0.0000
Deploy a Static Web Server with MTU and Packet Loss Monitoring,r29,0.4260,0.0769
Deploy a Static Web Server with MTU and Packet Loss Monitoring,r30,0.0000,0.0000
Deploy a Static Web Server with MTU and Packet Loss Monitoring,r31,1.0000,0.1667
Deploy a Static Web Server with MTU and Packet Loss Monitoring,r32,0.0000,0.0000
Deploy a Static Web Server with MTU and Packet Loss Monitoring,r33,0.0000,0.0000
Setup a Digital Signage System with Fan Speed Safeguards,r1,0.0000,0.0000
Setup a Digital Signage System with Fan Speed Safeguards,r2,0.0000,0.0000
Setup a Digital Signage System with Fan Speed Safeguards,r3,0.0000,0.0000
Setup a Digital Signage System with Fan Speed Safeguards,r4,0.0000,0.0000
Setup a Digital Signage System with Fan Speed Safeguards,r5,0.0000,0.0000
Setup a Digital Signage System with Fan Speed Safeguards,r6,0.0000,0.0000
Setup a Digital Signage System with Fan Speed Safeguards,r7,0.0000,0.0000
Setup a Digital Signage System with Fan Speed Safeguards,r8,0.0000,0.0000
Setup a Digital Signage System with Fan Speed Safeguards,r9,0.0000,0.0000
Setup a Digital Signage System with Fan Speed Safeguards,r10,0.0000,0.0000
Setup a Digital Signage System with Fan Speed Safeguards,r11,0.0000,0.0000
Setup a Digital Signage System with Fan Speed Safeguards,r12,0.0000,0.0000
Setup a Digital Signage System with Fan Speed Safeguards,r13,1.0000,0.2000
Setup a Digital Signage System with Fan Speed Safeguards,r14,0.0000,0.0000
Setup a Digital Signage System with Fan Speed Safeguards,r15,0.0000,0.0000
Setup a Digital Signage System with Fan Speed Safeguards,r16,0.0000,0.0000
Setup a Digital Signage System with Fan Speed Safeguards,r17,0.0000,0.0000
Setup a Digital Signage System with Fan Speed Safeguards,r18,0.0000,0.0000
Setup a Digital Signage System with Fan Speed Safeguards,r19,0.0000,0.0000
Setup a Digital Signage System with Fan Speed Safeguards,r20,0.0000,0.0000
Setup a Digital Signage System with Fan Speed Safeguards,r21,0.0000,0.0000
Setup a Digital Signage System with Fan Speed Safeguards,r22,0.0000,0.0000
Setup a Digital Signage System with Fan Speed Safeguards,r23,0.0000,0.0000
Setup a Digital Signage System with Fan Speed Safeguards,r24,0.0000,0.0000
Setup a Digital Signage System with Fan Speed Safeguards,r25,0.0000,0.0000
Setup a Digital Signage System with Fan Speed Safeguards,r26,0.0000,0.0000
Setup a Digital Signage System with Fan Speed Safeguards,r27,0.0000,0.0000
Setup a Digital Signage System with Fan Speed Safeguards,r28,0.0000,0.0000
Setup a Digital Signage System with Fan Speed Safeguards,r29,0.0000,0.0000
Setup a Digital Signage System with Fan Speed Safeguards,r30,0.0000,0.0000
Setup a Digital Signage System with Fan Speed Safeguards,r31,0.0000,0.0000
Setup a Digital Signage System with Fan Speed Safeguards,r32,0.0000,0.0000
Setup a Digital Signage System with Fan Speed Safeguards,r33,0.0000,0.0000
Create a Home Automation Hub with Stable SSH and Low CPU Load,r1,0.0000,0.0000
Create a Home Automation Hub with Stable SSH and Low CPU Load,r2,0.0000,0.0000
Create a Home Automation Hub with Stable SSH and Low CPU Load,r3,0.0000,0.0000
Create a Home Automation Hub with Stable SSH and Low CPU Load,r4,0.0000,0.0000
Create a Home Automation Hub with Stable SSH and Low CPU Load,r5,0.0000,0.0000
Create a Home Automation Hub with Stable SSH and Low CPU Load,r6,0.0000,0.0000
Create a Home Automation Hub with Stable SSH and Low CPU Load,r7,0.6113,0.0833
Create a Home Automation Hub with Stable SSH and Low CPU Load,r8,0.5577,0.0769
Create a Home Automation Hub with Stable SSH and Low CPU Load,r9,0.6113,0.0833
Create a Home Automation Hub with Stable SSH and Low CPU Load,r10,0.5577,0.0769
Create a Home Automation Hub with Stable SSH and Low CPU Load,r11,0.0000,0.0000
Create a Home Automation Hub with Stable SSH and Low CPU Load,r12,0.0000,0.0000
Create a Home Automation Hub with Stable SSH and Low CPU Load,r13,0.0000,0.0000
Create a Home Automation Hub with Stable SSH and Low CPU Load,r14,0.0000,0.0000
Create a Home Automation Hub with Stable SSH and Low CPU Load,r15,1.0000,0.0833
Create a Home Automation Hub with Stable SSH and Low CPU Load,r16,0.0000,0.0000
Create a Home Automation Hub with Stable SSH and Low CPU Load,r17,0.0000,0.0000
Create a Home Automation Hub with Stable SSH and Low CPU Load,r18,0.0000,0.0000
Create a Home Automation Hub with Stable SSH and Low CPU Load,r19,0.0000,0.0000
Create a Home Automation Hub with Stable SSH and Low CPU Load,r20,0.0000,0.0000
Create a Home Automation Hub with Stable SSH and Low CPU Load,r21,0.0000,0.0000
Create a Home Automation Hub with Stable SSH and Low CPU Load,r22,0.0000,0.0000
Create a Home Automation Hub with Stable SSH and Low CPU Load,r23,0.0000,0.0000
Create a Home Automation Hub with Stable SSH and Low CPU Load,r24,0.0000,0.0000
Create a Home Automation Hub with Stable SSH and Low CPU Load,r25,0.0000,0.0000
Create a Home Automation Hub with Stable SSH and Low CPU Load,r26,0.0000,0.0000
Create a Home Automation Hub with Stable SSH and Low CPU Load,r27,0.0000,0.0000
Create a Home Automation Hub with Stable SSH and Low CPU Load,r28,0.0000,0.0000
Create a Home Automation Hub with Stable SSH and Low CPU Load,r29,0.0000,0.0000
Create a Home Automation Hub with Stable SSH and Low CPU Load,r30,0.0000,0.0000
Create a Home Automation Hub with Stable SSH and Low CPU Load,r31,0.0000,0.0000
Create a Home Automation Hub with Stable SSH and Low CPU Load,r32,0.9123,0.0769
Create a Home Automation Hub with Stable SSH and Low CPU Load,r33,0.0000,0.0000
Provision a File Storage Server with Memory and MTU compliance,r1,0.0000,0.0000
Provision a File Storage Server with Memory and MTU compliance,r2,0.6377,0.1000
Provision a File Storage Server with Memory and MTU compliance,r3,0.5818,0.0909
Provision a File Storage Server with Memory and MTU compliance,r4,0.6377,0.1000
Provision a File Storage Server with Memory and MTU compliance,r5,0.5818,0.0909
Provision a File Storage Server with Memory and MTU compliance,r6,0.0000,0.0000
Provision a File Storage Server with Memory and MTU compliance,r7,0.0000,0.0000
Provision a File Storage Server with Memory and MTU compliance,r8,0.0000,0.0000
Provision a File Storage Server with Memory and MTU compliance,r9,0.0000,0.0000
Provision a File Storage Server with Memory and MTU compliance,r10,0.0000,0.0000
Provision a File Storage Server with Memory and MTU compliance,r11,0.0000,0.0000
Provision a File Storage Server with Memory and MTU compliance,r12,0.0000,0.0000
Provision a File Storage Server with Memory and MTU compliance,r13,0.0000,0.0000
Provision a File Storage Server with Memory and MTU compliance,r14,0.0000,0.0000
Provision a File Storage Server with Memory and MTU compliance,r15,0.0000,0.0000
Provision a File Storage Server with Memory and MTU compliance,r16,0.0000,0.0000
Provision a File Storage Server with Memory and MTU compliance,r17,1.0000,0.0833
Provision a File Storage Server with Memory and MTU compliance,r18,0.0000,0.0000
Provision a File Storage Server with Memory and MTU compliance,r19,0.0000,0.0000
Provision a File Storage Server with Memory and MTU compliance,r20,0.0000,0.0000
Provision a File Storage Server with Memory and MTU compliance,r21,0.0000,0.0000
Provision a File Storage Server with Memory and MTU compliance,r22,0.0000,0.0000
Provision a File Storage Server with Memory and MTU compliance,r23,0.0000,0.0000
Provision a File Storage Server with Memory and MTU compliance,r24,0.0000,0.0000
Provision a File Storage Server with Memory and MTU compliance,r25,0.0000,0.0000
Provision a File Storage Server with Memory and MTU compliance,r26,0.0000,0.0000
Provision a File Storage Server with Memory and MTU compliance,r27,0.0000,0.0000
Provision a File Storage Server with Memory and MTU compliance,r28,0.0000,0.0000
Provision a File Storage Server with Memory and MTU compliance,r29,0.0000,0.0000
Provision a File Storage Server with Memory and MTU compliance,r30,0.0000,0.0000
Provision a File Storage Server with Memory and MTU compliance,r31,0.0000,0.0000
Provision a File Storage Server with Memory and MTU compliance,r32,0.5818,0.0909
Provision a File Storage Server with Memory and MTU compliance,r33,0.0000,0.0000
Setup a Maritime Navigation System with Network Stability,r1,0.0000,0.0000
Setup a Maritime Navigation System with Network Stability,r2,0.0000,0.0000
Setup a Maritime Navigation System with Network Stability,r3,0.0000,0.0000
Setup a Maritime Navigation System with Network Stability,r4,0.0000,0.0000
Setup a Maritime Navigation System with Network Stability,r5,0.0000,0.0000
Setup a Maritime Navigation System with Network Stability,r6,0.0000,0.0000
Setup a Maritime Navigation System with Network Stability,r7,0.0000,0.0000
Setup a Maritime Navigation System with Network Stability,r8,0.0000,0.0000
Setup a Maritime Navigation System with Network Stability,r9,0.0000,0.0000
Setup a Maritime Navigation System with Network Stability,r10,0.0000,0.0000
Setup a Maritime Navigation System with Network Stability,r11,0.0000,0.0000
Setup a Maritime Navigation System with Network Stability,r12,0.0000,0.0000
Setup a Maritime Navigation System with Network Stability,r13,0.0000,0.0000
Setup a Maritime Navigation System with Network Stability,r14,0.0000,0.0000
Setup a Maritime Navigation System with Network Stability,r15,0.0000,0.0000
Setup a Maritime Navigation System with Network Stability,r16,0.7918,0.0769
Setup a Maritime Navigation System with Network Stability,r17,0.9194,0.0909
Setup a Maritime Navigation System with Network Stability,r18,1.0000,0.1000
Setup a Maritime Navigation System with Network Stability,r19,1.0000,0.1000
Setup a Maritime Navigation System with Network Stability,r20,0.9194,0.0909
Setup a Maritime Navigation System with Network Stability,r21,1.0000,0.1000
Setup a Maritime Navigation System with Network Stability,r22,0.9194,0.0909
Setup a Maritime Navigation System with Network Stability,r23,0.9194,0.0909
Setup a Maritime Navigation System with Network Stability,r24,1.0000,0.1000
Setup a Maritime Navigation System with Network Stability,r25,0.8508,0.0833
Setup a Maritime Navigation System with Network Stability,r26,1.0000,0.1000
Setup a Maritime Navigation System with Network Stability,r27,0.9194,0.0909
Setup a Maritime Navigation System with Network Stability,r28,1.0000,0.1000
Setup a Maritime Navigation System with Network Stability,r29,0.9194,0.0909
Setup a Maritime Navigation System with Network Stability,r30,1.0000,0.1000
Setup a Maritime Navigation System with Network Stability,r31,0.9194,0.0909
Setup a Maritime Navigation System with Network Stability,r32,0.0000,0.0000
Setup a Maritime Navigation System with Network Stability,r33,0.8508,0.0909
Provision a Smart Agriculture IoT Node with Thermal Controls,r1,0.0000,0.0000
Provision a Smart Agriculture IoT Node with Thermal Controls,r2,0.0000,0.0000
Provision a Smart Agriculture IoT Node with Thermal Controls,r3,0.0000,0.0000
Provision a Smart Agriculture IoT Node with Thermal Controls,r4,0.0000,0.0000
Provision a Smart Agriculture IoT Node with Thermal Controls,r5,0.0000,0.0000
Provision a Smart Agriculture IoT Node with Thermal Controls,r6,0.0000,0.0000
Provision a Smart Agriculture IoT Node with Thermal Controls,r7,0.0000,0.0000
Provision a Smart Agriculture IoT Node with Thermal Controls,r8,0.0000,0.0000
Provision a Smart Agriculture IoT Node with Thermal Controls,r9,0.0000,0.0000
Provision a Smart Agriculture IoT Node with Thermal Controls,r10,0.0000,0.0000
Provision a Smart Agriculture IoT Node with Thermal Controls,r11,0.0000,0.0000
Provision a Smart Agriculture IoT Node with Thermal Controls,r12,0.0000,0.0000
Provision a Smart Agriculture IoT Node with Thermal Controls,r13,0.0000,0.0000
Provision a Smart Agriculture IoT Node with Thermal Controls,r14,0.0000,0.0000
Provision a Smart Agriculture IoT Node with Thermal Controls,r15,0.0000,0.0000
Provision a Smart Agriculture IoT Node with Thermal Controls,r16,0.0000,0.0000
Provision a Smart Agriculture IoT Node with Thermal Controls,r17,0.0000,0.0000
Provision a Smart Agriculture IoT Node with Thermal Controls,r18,0.0000,0.0000
Provision a Smart Agriculture IoT Node with Thermal Controls,r19,0.0000,0.0000
Provision a Smart Agriculture IoT Node with Thermal Controls,r20,0.0000,0.0000
Provision a Smart Agriculture IoT Node with Thermal Controls,r21,0.0000,0.0000
Provision a Smart Agriculture IoT Node with Thermal Controls,r22,0.0000,0.0000
Provision a Smart Agriculture IoT Node with Thermal Controls,r23,0.0000,0.0000
Provision a Smart Agriculture IoT Node with Thermal Controls,r24,0.0000,0.0000
Provision a Smart Agriculture IoT Node with Thermal Controls,r25,0.0000,0.0000
Provision a Smart Agriculture IoT Node with Thermal Controls,r26,0.0000,0.0000
Provision a Smart Agriculture IoT Node with Thermal Controls,r27,0.0000,0.0000
Provision a Smart Agriculture IoT Node with Thermal Controls,r28,0.0000,0.0000
Provision a Smart Agriculture IoT Node with Thermal Controls,r29,0.0000,0.0000
Provision a Smart Agriculture IoT Node with Thermal Controls,r30,0.0000,0.0000
Provision a Smart Agriculture IoT Node with Thermal Controls,r31,0.0000,0.0000
Provision a Smart Agriculture IoT Node with Thermal Controls,r32,0.0000,0.0000
Provision a Smart Agriculture IoT Node with Thermal Controls,r33,0.0000,0.0000
Create a Disaster Recovery Site with Minimal Packet Loss,r1,0.0000,0.0000
Create a Disaster Recovery Site with Minimal Packet Loss,r2,0.0000,0.0000
Create a Disaster Recovery Site with Minimal Packet Loss,r3,0.0000,0.0000
Create a Disaster Recovery Site with Minimal Packet Loss,r4,0.0000,0.0000
Create a Disaster Recovery Site with Minimal Packet Loss,r5,0.0000,0.0000
Create a Disaster Recovery Site with Minimal Packet Loss,r6,0.0000,0.0000
Create a Disaster Recovery Site with Minimal Packet Loss,r7,0.0000,0.0000
Create a Disaster Recovery Site with Minimal Packet Loss,r8,0.0000,0.0000
Create a Disaster Recovery Site with Minimal Packet Loss,r9,0.0000,0.0000
Create a Disaster Recovery Site with Minimal Packet Loss,r10,0.0000,0.0000
Create a Disaster Recovery Site with Minimal Packet Loss,r11,0.0000,0.0000
Create a Disaster Recovery Site with Minimal Packet Loss,r12,0.0000,0.0000
Create a Disaster Recovery Site with Minimal Packet Loss,r13,0.0000,0.0000
Create a Disaster Recovery Site with Minimal Packet Loss,r14,0.0000,0.0000
Create a Disaster Recovery Site with Minimal Packet Loss,r15,0.0000,0.0000
Create a Disaster Recovery Site with Minimal Packet Loss,r16,0.0000,0.0000
Create a Disaster Recovery Site with Minimal Packet Loss,r17,0.0000,0.0000
Create a Disaster Recovery Site with Minimal Packet Loss,r18,0.0000,0.0000
Create a Disaster Recovery Site with Minimal Packet Loss,r19,0.0000,0.0000
Create a Disaster Recovery Site with Minimal Packet Loss,r20,0.4260,0.0833
Create a Disaster Recovery Site with Minimal Packet Loss,r21,0.0000,0.0000
Create a Disaster Recovery Site with Minimal Packet Loss,r22,1.0000,0.1818
Create a Disaster Recovery Site with Minimal Packet Loss,r23,0.0000,0.0000
Create a Disaster Recovery Site with Minimal Packet Loss,r24,0.0000,0.0000
Create a Disaster Recovery Site with Minimal Packet Loss,r25,0.0000,0.0000
Create a Disaster Recovery Site with Minimal Packet Loss,r26,0.0000,0.0000
Create a Disaster Recovery Site with Minimal Packet Loss,r27,0.0000,0.0000
Create a Disaster Recovery Site with Minimal Packet Loss,r28,0.0000,0.0000
Create a Disaster Recovery Site with Minimal Packet Loss,r29,0.4260,0.0833
Create a Disaster Recovery Site with Minimal Packet Loss,r30,0.0000,0.0000
Create a Disaster Recovery Site with Minimal Packet Loss,r31,1.0000,0.1818
Create a Disaster Recovery Site with Minimal Packet Loss,r32,0.0000,0.0000
Create a Disaster Recovery Site with Minimal Packet Loss,r33,0.0000,0.0000
Deploy a Public Transit Scheduling System with ARP Checks,r1,0.0000,0.0000
Deploy a Public Transit Scheduling System with ARP Checks,r2,0.0000,0.0000
Deploy a Public Transit Scheduling System with ARP Checks,r3,0.0000,0.0000
Deploy a Public Transit Scheduling System with ARP Checks,r4,0.0000,0.0000
Deploy a Public Transit Scheduling System with ARP Checks,r5,0.0000,0.0000
Deploy a Public Transit Scheduling System with ARP Checks,r6,0.0000,0.0000
Deploy a Public Transit Scheduling System with ARP Checks,r7,0.0000,0.0000
Deploy a Public Transit Scheduling System with ARP Checks,r8,0.0000,0.0000
Deploy a Public Transit Scheduling System with ARP Checks,r9,0.0000,0.0000
Deploy a Public Transit Scheduling System with ARP Checks,r10,0.0000,0.0000
Deploy a Public Transit Scheduling System with ARP Checks,r11,0.0000,0.0000
Deploy a Public Transit Scheduling System with ARP Checks,r12,0.0000,0.0000
Deploy a Public Transit Scheduling System with ARP Checks,r13,0.0000,0.0000
Deploy a Public Transit Scheduling System with ARP Checks,r14,0.0000,0.0000
Deploy a Public Transit Scheduling System with ARP Checks,r15,0.0000,0.0000
Deploy a Public Transit Scheduling System with ARP Checks,r16,1.0000,0.0714
Deploy a Public Transit Scheduling System with ARP Checks,r17,0.0000,0.0000
Deploy a Public Transit Scheduling System with ARP Checks,r18,0.0000,0.0000
Deploy a Public Transit Scheduling System with ARP Checks,r19,0.0000,0.0000
Deploy a Public Transit Scheduling System with ARP Checks,r20,0.0000,0.0000
Deploy a Public Transit Scheduling System with ARP Checks,r21,0.0000,0.0000
Deploy a Public Transit Scheduling System with ARP Checks,r22,0.0000,0.0000
Deploy a Public Transit Scheduling System with ARP Checks,r23,0.0000,0.0000
Deploy a Public Transit Scheduling System with ARP Checks,r24,0.0000,0.0000
Deploy a Public Transit Scheduling System with ARP Checks,r25,0.0000,0.0000
Deploy a Public Transit Scheduling System with ARP Checks,r26,0.0000,0.0000
Deploy a Public Transit Scheduling System with ARP Checks,r27,0.0000,0.0000
Deploy a Public Transit Scheduling System with ARP Checks,r28,0.0000,0.0000
Deploy a Public Transit Scheduling System with ARP Checks,r29,0.0000,0.0000
Deploy a Public Transit Scheduling System with ARP Checks,r30,0.0000,0.0000
Deploy a Public Transit Scheduling System with ARP Checks,r31,0.0000,0.0000
Deploy a Public Transit Scheduling System with ARP Checks,r32,0.0000,0.0000
Deploy a Public Transit Scheduling System with ARP Checks,r33,0.0000,0.0000
Build a Digital Twin for Industrial Machinery with buffer Monitoring,r1,0.0000,0.0000
Build a Digital Twin for Industrial Machinery with buffer Monitoring,r2,0.0000,0.0000
Build a Digital Twin for Industrial Machinery with buffer Monitoring,r3,0.0000,0.0000
Build a Digital Twin for Industrial Machinery with buffer Monitoring,r4,0.0000,0.0000
Build a Digital Twin for Industrial Machinery with buffer Monitoring,r5,0.0000,0.0000
Build a Digital Twin for Industrial Machinery with buffer Monitoring,r6,0.0000,0.0000
Build a Digital Twin for Industrial Machinery with buffer Monitoring,r7,0.0000,0.0000
Build a Digital Twin for Industrial Machinery with buffer Monitoring,r8,0.0000,0.0000
Build a Digital Twin for Industrial Machinery with buffer Monitoring,r9,0.0000,0.0000
Build a Digital Twin for Industrial Machinery with buffer Monitoring,r10,0.0000,0.0000
Build a Digital Twin for Industrial Machinery with buffer Monitoring,r11,0.0000,0.0000
Build a Digital Twin for Industrial Machinery with buffer Monitoring,r12,0.0000,0.0000
Build a Digital Twin for Industrial Machinery with buffer Monitoring,r13,0.0000,0.0000
Build a Digital Twin for Industrial Machinery with buffer Monitoring,r14,0.0000,0.0000
Build a Digital Twin for Industrial Machinery with buffer Monitoring,r15,0.0000,0.0000
Build a Digital Twin for Industrial Machinery with buffer Monitoring,r16,0.0000,0.0000
Build a Digital Twin for Industrial Machinery with buffer Monitoring,r17,0.0000,0.0000
Build a Digital Twin for Industrial Machinery with buffer Monitoring,r18,0.0000,0.0000
Build a Digital Twin for Industrial Machinery with buffer Monitoring,r19,0.0000,0.0000
Build a Digital Twin for Industrial Machinery with buffer Monitoring,r20,0.0000,0.0000
Build a Digital Twin for Industrial Machinery with buffer Monitoring,r21,0.0000,0.0000
Build a Digital Twin for Industrial Machinery with buffer Monitoring,r22,0.0000,0.0000
Build a Digital Twin for Industrial Machinery with buffer Monitoring,r23,0.9194,0.0833
Build a Digital Twin for Industrial Machinery with buffer Monitoring,r24,0.0000,0.0000
Build a Digital Twin for Industrial Machinery with buffer Monitoring,r25,0.8508,0.0769
Build a Digital Twin for Industrial Machinery with buffer Monitoring,r26,0.0000,0.0000
Build a Digital Twin for Industrial Machinery with buffer Monitoring,r27,0.0000,0.0000
Build a Digital Twin for Industrial Machinery with buffer Monitoring,r28,0.0000,0.0000
Build a Digital Twin for Industrial Machinery with buffer Monitoring,r29,0.0000,0.0000
Build a Digital Twin for Industrial Machinery with buffer Monitoring,r30,0.0000,0.0000
Build a Digital Twin for Industrial Machinery with buffer Monitoring,r31,0.0000,0.0000
Build a Digital Twin for Industrial Machinery with buffer Monitoring,r32,1.0000,0.0909
Build a Digital Twin for Industrial Machinery with buffer Monitoring,r33,0.8508,0.0833
Setup a Cryptocurrency Mining Rig with Thermal Safeguards,r1,0.0000,0.0000
Setup a Cryptocurrency Mining Rig with Thermal Safeguards,r2,0.0000,0.0000
Setup a Cryptocurrency Mining Rig with Thermal Safeguards,r3,0.0000,0.0000
Setup a Cryptocurrency Mining Rig with Thermal Safeguards,r4,0.0000,0.0000
Setup a Cryptocurrency Mining Rig with Thermal Safeguards,r5,0.0000,0.0000
Setup a Cryptocurrency Mining Rig with Thermal Safeguards,r6,0.0000,0.0000
Setup a Cryptocurrency Mining Rig with Thermal Safeguards,r7,0.0000,0.0000
Setup a Cryptocurrency Mining Rig with Thermal Safeguards,r8,0.0000,0.0000
Setup a Cryptocurrency Mining Rig with Thermal Safeguards,r9,0.0000,0.0000
Setup a Cryptocurrency Mining Rig with Thermal Safeguards,r10,0.0000,0.0000
Setup a Cryptocurrency Mining Rig with Thermal Safeguards,r11,0.0000,0.0000
Setup a Cryptocurrency Mining Rig with Thermal Safeguards,r12,0.0000,0.0000
Setup a Cryptocurrency Mining Rig with Thermal Safeguards,r13,0.0000,0.0000
Setup a Cryptocurrency Mining Rig with Thermal Safeguards,r14,0.0000,0.0000
Setup a Cryptocurrency Mining Rig with Thermal Safeguards,r15,0.0000,0.0000
Setup a Cryptocurrency Mining Rig with Thermal Safeguards,r16,0.0000,0.0000
Setup a Cryptocurrency Mining Rig with Thermal Safeguards,r17,0.0000,0.0000
Setup a Cryptocurrency Mining Rig with Thermal Safeguards,r18,0.0000,0.0000
Setup a Cryptocurrency Mining Rig with Thermal Safeguards,r19,0.0000,0.0000
Setup a Cryptocurrency Mining Rig with Thermal Safeguards,r20,0.0000,0.0000
Setup a Cryptocurrency Mining Rig with Thermal Safeguards,r21,0.0000,0.0000
Setup a Cryptocurrency Mining Rig with Thermal Safeguards,r22,0.0000,0.0000
Setup a Cryptocurrency Mining Rig with Thermal Safeguards,r23,0.0000,0.0000
Setup a Cryptocurrency Mining Rig with Thermal Safeguards,r24,0.0000,0.0000
Setup a Cryptocurrency Mining Rig with Thermal Safeguards,r25,0.0000,0.0000
Setup a Cryptocurrency Mining Rig with Thermal Safeguards,r26,0.0000,0.0000
Setup a Cryptocurrency Mining Rig with Thermal Safeguards,r27,0.0000,0.0000
Setup a Cryptocurrency Mining Rig with Thermal Safeguards,r28,0.0000,0.0000
Setup a Cryptocurrency Mining Rig with Thermal Safeguards,r29,0.0000,0.0000
Setup a Cryptocurrency Mining Rig with Thermal Safeguards,r30,0.0000,0.0000
Setup a Cryptocurrency Mining Rig with Thermal Safeguards,r31,0.0000,0.0000
Setup a Cryptocurrency Mining Rig with Thermal Safeguards,r32,0.0000,0.0000
Setup a Cryptocurrency Mining Rig with Thermal Safeguards,r33,0.0000,0.0000
Create a Wildlife Tracking System with Network Error Detection,r1,0.0000,0.0000
Create a Wildlife Tracking System with Network Error Detection,r2,0.0000,0.0000
Create a Wildlife Tracking System with Network Error Detection,r3,0.0000,0.0000
Create a Wildlife Tracking System with Network Error Detection,r4,0.0000,0.0000
Create a Wildlife Tracking System with Network Error Detection,r5,0.0000,0.0000
Create a Wildlife Tracking System with Network Error Detection,r6,0.0000,0.0000
Create a Wildlife Tracking System with Network Error Detection,r7,0.0000,0.0000
Create a Wildlife Tracking System with Network Error Detection,r8,0.0000,0.0000
Create a Wildlife Tracking System with Network Error Detection,r9,0.0000,0.0000
Create a Wildlife Tracking System with Network Error Detection,r10,0.0000,0.0000
Create a Wildlife Tracking System with Network Error Detection,r11,0.0000,0.0000
Create a Wildlife Tracking System with Network Error Detection,r12,0.0000,0.0000
Create a Wildlife Tracking System with Network Error Detection,r13,0.0000,0.0000
Create a Wildlife Tracking System with Network Error Detection,r14,0.0000,0.0000
Create a Wildlife Tracking System with Network Error Detection,r15,0.0000,0.0000
Create a Wildlife Tracking System with Network Error Detection,r16,0.2155,0.0714
Create a Wildlife Tracking System with Network Error Detection,r17,0.2502,0.0833
Create a Wildlife Tracking System with Network Error Detection,r18,0.2722,0.0909
Create a Wildlife Tracking System with Network Error Detection,r19,1.0000,0.2000
Create a Wildlife Tracking System with Network Error Detection,r20,0.2502,0.0833
Create a Wildlife Tracking System with Network Error Detection,r21,1.0000,0.2000
Create a Wildlife Tracking System with Network Error Detection,r22,0.2502,0.0833
Create a Wildlife Tracking System with Network Error Detection,r23,0.2502,0.0833
Create a Wildlife Tracking System with Network Error Detection,r24,0.2722,0.0909
Create a Wildlife Tracking System with Network Error Detection,r25,0.2316,0.0769
Create a Wildlife Tracking System with Network Error Detection,r26,0.2722,0.0909
Create a Wildlife Tracking System with Network Error Detection,r27,0.2502,0.0833
Create a Wildlife Tracking System with Network Error Detection,r28,1.0000,0.2000
Create a Wildlife Tracking System with Network Error Detection,r29,0.2502,0.0833
Create a Wildlife Tracking System with Network Error Detection,r30,1.0000,0.2000
Create a Wildlife Tracking System with Network Error Detection,r31,0.2502,0.0833
Create a Wildlife Tracking System with Network Error Detection,r32,0.0000,0.0000
Create a Wildlife Tracking System with Network Error Detection,r33,0.8508,0.1818
Provision a Voice-over-IP (VoIP) Gateway with Packet Integrity,r1,0.0000,0.0000
Provision a Voice-over-IP (VoIP) Gateway with Packet Integrity,r2,0.0000,0.0000
Provision a Voice-over-IP (VoIP) Gateway with Packet Integrity,r3,0.0000,0.0000
Provision a Voice-over-IP (VoIP) Gateway with Packet Integrity,r4,0.0000,0.0000
Provision a Voice-over-IP (VoIP) Gateway with Packet Integrity,r5,0.0000,0.0000
Provision a Voice-over-IP (VoIP) Gateway with Packet Integrity,r6,0.0000,0.0000
Provision a Voice-over-IP (VoIP) Gateway with Packet Integrity,r7,0.0000,0.0000
Provision a Voice-over-IP (VoIP) Gateway with Packet Integrity,r8,0.0000,0.0000
Provision a Voice-over-IP (VoIP) Gateway with Packet Integrity,r9,0.0000,0.0000
Provision a Voice-over-IP (VoIP) Gateway with Packet Integrity,r10,0.0000,0.0000
Provision a Voice-over-IP (VoIP) Gateway with Packet Integrity,r11,0.0000,0.0000
Provision a Voice-over-IP (VoIP) Gateway with Packet Integrity,r12,0.0000,0.0000
Provision a Voice-over-IP (VoIP) Gateway with Packet Integrity,r13,0.0000,0.0000
Provision a Voice-over-IP (VoIP) Gateway with Packet Integrity,r14,0.0000,0.0000
Provision a Voice-over-IP (VoIP) Gateway with Packet Integrity,r15,0.0000,0.0000
Provision a Voice-over-IP (VoIP) Gateway with Packet Integrity,r16,1.0000,0.0769
Provision a Voice-over-IP (VoIP) Gateway with Packet Integrity,r17,0.0000,0.0000
Provision a Voice-over-IP (VoIP) Gateway with Packet Integrity,r18,0.0000,0.0000
Provision a Voice-over-IP (VoIP) Gateway with Packet Integrity,r19,0.0000,0.0000
Provision a Voice-over-IP (VoIP) Gateway with Packet Integrity,r20,0.7099,0.0909
Provision a Voice-over-IP (VoIP) Gateway with Packet Integrity,r21,0.0000,0.0000
Provision a Voice-over-IP (VoIP) Gateway with Packet Integrity,r22,0.7099,0.0909
Provision a Voice-over-IP (VoIP) Gateway with Packet Integrity,r23,0.0000,0.0000
Provision a Voice-over-IP (VoIP) Gateway with Packet Integrity,r24,0.0000,0.0000
Provision a Voice-over-IP (VoIP) Gateway with Packet Integrity,r25,0.0000,0.0000
Provision a Voice-over-IP (VoIP) Gateway with Packet Integrity,r26,0.0000,0.0000
Provision a Voice-over-IP (VoIP) Gateway with Packet Integrity,r27,0.0000,0.0000
Provision a Voice-over-IP (VoIP) Gateway with Packet Integrity,r28,0.0000,0.0000
Provision a Voice-over-IP (VoIP) Gateway with Packet Integrity,r29,0.7099,0.0909
Provision a Voice-over-IP (VoIP) Gateway with Packet Integrity,r30,0.0000,0.0000
Provision a Voice-over-IP (VoIP) Gateway with Packet Integrity,r31,0.7099,0.0909
Provision a Voice-over-IP (VoIP) Gateway with Packet Integrity,r32,0.0000,0.0000
Provision a Voice-over-IP (VoIP) Gateway with Packet Integrity,r33,0.0000,0.0000
Implement a Smart Metering Hub with Memory Stability,r1,0.0000,0.0000
Implement a Smart Metering Hub with Memory Stability,r2,1.0000,0.1111
Implement a Smart Metering Hub with Memory Stability,r3,0.9123,0.1000
Implement a Smart Metering Hub with Memory Stability,r4,1.0000,0.1111
Implement a Smart Metering Hub with Memory Stability,r5,0.9123,0.1000
Implement a Smart Metering Hub with Memory Stability,r6,0.0000,0.0000
Implement a Smart Metering Hub with Memory Stability,r7,0.0000,0.0000
Implement a Smart Metering Hub with Memory Stability,r8,0.0000,0.0000
Implement a Smart Metering Hub with Memory Stability,r9,0.0000,0.0000
Implement a Smart Metering Hub with Memory Stability,r10,0.0000,0.0000
Implement a Smart Metering Hub with Memory Stability,r11,0.0000,0.0000
Implement a Smart Metering Hub with Memory Stability,r12,0.0000,0.0000
Implement a Smart Metering Hub with Memory Stability,r13,0.0000,0.0000
Implement a Smart Metering Hub with Memory Stability,r14,0.0000,0.0000
Implement a Smart Metering Hub with Memory Stability,r15,0.0000,0.0000
Implement a Smart Metering Hub with Memory Stability,r16,0.0000,0.0000
Implement a Smart Metering Hub with Memory Stability,r17,0.0000,0.0000
Implement a Smart Metering Hub with Memory Stability,r18,0.0000,0.0000
Implement a Smart Metering Hub with Memory Stability,r19,0.0000,0.0000
Implement a Smart Metering Hub with Memory Stability,r20,0.0000,0.0000
Implement a Smart Metering Hub with Memory Stability,r21,0.0000,0.0000
Implement a Smart Metering Hub with Memory Stability,r22,0.0000,0.0000
Implement a Smart Metering Hub with Memory Stability,r23,0.0000,0.0000
Implement a Smart Metering Hub with Memory Stability,r24,0.0000,0.0000
Implement a Smart Metering Hub with Memory Stability,r25,0.0000,0.0000
Implement a Smart Metering Hub with Memory Stability,r26,0.0000,0.0000
Implement a Smart Metering Hub with Memory Stability,r27,0.0000,0.0000
Implement a Smart Metering Hub with Memory Stability,r28,0.0000,0.0000
Implement a Smart Metering Hub with Memory Stability,r29,0.0000,0.0000
Implement a Smart Metering Hub with Memory Stability,r30,0.0000,0.0000
Implement a Smart Metering Hub with Memory Stability,r31,0.0000,0.0000
Implement a Smart Metering Hub with Memory Stability,r32,0.9123,0.1000
Implement a Smart Metering Hub with Memory Stability,r33,0.0000,0.0000
Deploy a Quantum Computing Interface with Fan Speed Alerts,r1,0.0000,0.0000
Deploy a Quantum Computing Interface with Fan Speed Alerts,r2,0.0000,0.0000
Deploy a Quantum Computing Interface with Fan Speed Alerts,r3,0.0000,0.0000
Deploy a Quantum Computing Interface with Fan Speed Alerts,r4,0.0000,0.0000
Deploy a Quantum Computing Interface with Fan Speed Alerts,r5,0.0000,0.0000
Deploy a Quantum Computing Interface with Fan Speed Alerts,r6,0.0000,0.0000
Deploy a Quantum Computing Interface with Fan Speed Alerts,r7,0.0000,0.0000
Deploy a Quantum Computing Interface with Fan Speed Alerts,r8,0.0000,0.0000
Deploy a Quantum Computing Interface with Fan Speed Alerts,r9,0.0000,0.0000
Deploy a Quantum Computing Interface with Fan Speed Alerts,r10,0.0000,0.0000
Deploy a Quantum Computing Interface with Fan Speed Alerts,r11,0.0000,0.0000
Deploy a Quantum Computing Interface with Fan Speed Alerts,r12,0.5000,0.0909
Deploy a Quantum Computing Interface with Fan Speed Alerts,r13,1.0000,0.2000
Deploy a Quantum Computing Interface with Fan Speed Alerts,r14,0.0000,0.0000
Deploy a Quantum Computing Interface with Fan Speed Alerts,r15,0.0000,0.0000
Deploy a Quantum Computing Interface with Fan Speed Alerts,r16,0.0000,0.0000
Deploy a Quantum Computing Interface with Fan Speed Alerts,r17,0.0000,0.0000
Deploy a Quantum Computing Interface with Fan Speed Alerts,r18,0.5000,0.0909
Deploy a Quantum Computing Interface with Fan Speed Alerts,r19,0.0000,0.0000
Deploy a Quantum Computing Interface with Fan Speed Alerts,r20,0.0000,0.0000
Deploy a Quantum Computing Interface with Fan Speed Alerts,r21,0.0000,0.0000
Deploy a Quantum Computing Interface with Fan Speed Alerts,r22,0.0000,0.0000
Deploy a Quantum Computing Interface with Fan Speed Alerts,r23,0.0000,0.0000
Deploy a Quantum Computing Interface with Fan Speed Alerts,r24,0.0000,0.0000
Deploy a Quantum Computing Interface with Fan Speed Alerts,r25,0.0000,0.0000
Deploy a Quantum Computing Interface with Fan Speed Alerts,r26,0.0000,0.0000
Deploy a Quantum Computing Interface with Fan Speed Alerts,r27,0.0000,0.0000
Deploy a Quantum Computing Interface with Fan Speed Alerts,r28,0.0000,0.0000
Deploy a Quantum Computing Interface with Fan Speed Alerts,r29,0.0000,0.0000
Deploy a Quantum Computing Interface with Fan Speed Alerts,r30,0.0000,0.0000
Deploy a Quantum Computing Interface with Fan Speed Alerts,r31,0.0000,0.0000
Deploy a Quantum Computing Interface with Fan Speed Alerts,r32,0.0000,0.0000
Deploy a Quantum Computing Interface with Fan Speed Alerts,r33,0.0000,0.0000
Build a Satellite IoT Gateway with MTU Compliance,r1,0.0000,0.0000
Build a Satellite IoT Gateway with MTU Compliance,r2,0.0000,0.0000
Build a Satellite IoT Gateway with MTU Compliance,r3,0.0000,0.0000
Build a Satellite IoT Gateway with MTU Compliance,r4,0.0000,0.0000
Build a Satellite IoT Gateway with MTU Compliance,r5,0.0000,0.0000
Build a Satellite IoT Gateway with MTU Compliance,r6,0.0000,0.0000
Build a Satellite IoT Gateway with MTU Compliance,r7,0.0000,0.0000
Build a Satellite IoT Gateway with MTU Compliance,r8,0.0000,0.0000
Build a Satellite IoT Gateway with MTU Compliance,r9,0.0000,0.0000
Build a Satellite IoT Gateway with MTU Compliance,r10,0.0000,0.0000
Build a Satellite IoT Gateway with MTU Compliance,r11,0.0000,0.0000
Build a Satellite IoT Gateway with MTU Compliance,r12,0.0000,0.0000
Build a Satellite IoT Gateway with MTU Compliance,r13,0.0000,0.0000
Build a Satellite IoT Gateway with MTU Compliance,r14,0.0000,0.0000
Build a Satellite IoT Gateway with MTU Compliance,r15,0.0000,0.0000
Build a Satellite IoT Gateway with MTU Compliance,r16,0.8612,0.0769
Build a Satellite IoT Gateway with MTU Compliance,r17,1.0000,0.0909
Build a Satellite IoT Gateway with MTU Compliance,r18,0.0000,0.0000
Build a Satellite IoT Gateway with MTU Compliance,r19,0.0000,0.0000
Build a Satellite IoT Gateway with MTU Compliance,r20,0.0000,0.0000
Build a Satellite IoT Gateway with MTU Compliance,r21,0.0000,0.0000
Build a Satellite IoT Gateway with MTU Compliance,r22,0.0000,0.0000
Build a Satellite IoT Gateway with MTU Compliance,r23,0.0000,0.0000
Build a Satellite IoT Gateway with MTU Compliance,r24,0.0000,0.0000
Build a Satellite IoT Gateway with MTU Compliance,r25,0.0000,0.0000
Build a Satellite IoT Gateway with MTU Compliance,r26,0.0000,0.0000
Build a Satellite IoT Gateway with MTU Compliance,r27,0.0000,0.0000
Build a Satellite IoT Gateway with MTU Compliance,r28,0.0000,0.0000
Build a Satellite IoT Gateway with MTU Compliance,r29,0.0000,0.0000
Build a Satellite IoT Gateway with MTU Compliance,r30,0.0000,0.0000
Build a Satellite IoT Gateway with MTU Compliance,r31,0.0000,0.0000
Build a Satellite IoT Gateway with MTU Compliance,r32,0.0000,0.0000
Build a Satellite IoT Gateway with MTU Compliance,r33,0.0000,0.0000
Setup a Telemetry Server for Drones with Low Latency,r1,0.0000,0.0000
Setup a Telemetry Server for Drones with Low Latency,r2,0.0000,0.0000
Setup a Telemetry Server for Drones with Low Latency,r3,0.0000,0.0000
Setup a Telemetry Server for Drones with Low Latency,r4,0.0000,0.0000
Setup a Telemetry Server for Drones with Low Latency,r5,0.0000,0.0000
Setup a Telemetry Server for Drones with Low Latency,r6,0.0000,0.0000
Setup a Telemetry Server for Drones with Low Latency,r7,0.0000,0.0000
Setup a Telemetry Server for Drones with Low Latency,r8,0.0000,0.0000
Setup a Telemetry Server for Drones with Low Latency,r9,0.0000,0.0000
Setup a Telemetry Server for Drones with Low Latency,r10,0.0000,0.0000
Setup a Telemetry Server for Drones with Low Latency,r11,0.0000,0.0000
Setup a Telemetry Server for Drones with Low Latency,r12,0.0000,0.0000
Setup a Telemetry Server for Drones with Low Latency,r13,0.0000,0.0000
Setup a Telemetry Server for Drones with Low Latency,r14,0.0000,0.0000
Setup a Telemetry Server for Drones with Low Latency,r15,0.0000,0.0000
Setup a Telemetry Server for Drones with Low Latency,r16,0.0000,0.0000
Setup a Telemetry Server for Drones with Low Latency,r17,0.0000,0.0000
Setup a Telemetry Server for Drones with Low Latency,r18,0.0000,0.0000
Setup a Telemetry Server for Drones with Low Latency,r19,0.0000,0.0000
Setup a Telemetry Server for Drones with Low Latency,r20,0.0000,0.0000
Setup a Telemetry Server for Drones with Low Latency,r21,0.0000,0.0000
Setup a Telemetry Server for Drones with Low Latency,r22,0.0000,0.0000
Setup a Telemetry Server for Drones with Low Latency,r23,0.0000,0.0000
Setup a Telemetry Server for Drones with Low Latency,r24,0.0000,0.0000
Setup a Telemetry Server for Drones with Low Latency,r25,0.0000,0.0000
Setup a Telemetry Server for Drones with Low Latency,r26,0.0000,0.0000
Setup a Telemetry Server for Drones with Low Latency,r27,0.0000,0.0000
Setup a Telemetry Server for Drones with Low Latency,r28,0.0000,0.0000
Setup a Telemetry Server for Drones with Low Latency,r29,0.0000,0.0000
Setup a Telemetry Server for Drones with Low Latency,r30,0.0000,0.0000
Setup a Telemetry Server for Drones with Low Latency,r31,0.0000,0.0000
Setup a Telemetry Server for Drones with Low Latency,r32,1.0000,0.1000
Setup a Telemetry Server for Drones with Low Latency,r33,0.0000,0.0000
Create a Biometric Authentication System with SSH access,r1,0.0000,0.0000
Create a Biometric Authentication System with SSH access,r2,0.0000,0.0000
Create a Biometric Authentication System with SSH access,r3,0.0000,0.0000
Create a Biometric Authentication System with SSH access,r4,0.0000,0.0000
Create a Biometric Authentication System with SSH access,r5,0.0000,0.0000
Create a Biometric Authentication System with SSH access,r6,0.0000,0.0000
Create a Biometric Authentication System with SSH access,r7,0.0000,0.0000
Create a Biometric Authentication System with SSH access,r8,0.0000,0.0000
Create a Biometric Authentication System with SSH access,r9,0.0000,0.0000
Create a Biometric Authentication System with SSH access,r10,0.0000,0.0000
Create a Biometric Authentication System with SSH access,r11,0.0000,0.0000
Create a Biometric Authentication System with SSH access,r12,0.0000,0.0000
Create a Biometric Authentication System with SSH access,r13,0.0000,0.0000
Create a Biometric Authentication System with SSH access,r14,0.0000,0.0000
Create a Biometric Authentication System with SSH access,r15,1.0000,0.2500
Create a Biometric Authentication System with SSH access,r16,0.0000,0.0000
Create a Biometric Authentication System with SSH access,r17,0.0000,0.0000
Create a Biometric Authentication System with SSH access,r18,0.0000,0.0000
Create a Biometric Authentication System with SSH access,r19,0.0000,0.0000
Create a Biometric Authentication System with SSH access,r20,0.0000,0.0000
Create a Biometric Authentication System with SSH access,r21,0.0000,0.0000
Create a Biometric Authentication System with SSH access,r22,0.0000,0.0000
Create a Biometric Authentication System with SSH access,r23,0.0000,0.0000
Create a Biometric Authentication System with SSH access,r24,0.0000,0.0000
Create a Biometric Authentication System with SSH access,r25,0.0000,0.0000
Create a Biometric Authentication System with SSH access,r26,0.0000,0.0000
Create a Biometric Authentication System with SSH access,r27,0.0000,0.0000
Create a Biometric Authentication System with SSH access,r28,0.0000,0.0000
Create a Biometric Authentication System with SSH access,r29,0.0000,0.0000
Create a Biometric Authentication System with SSH access,r30,0.0000,0.0000
Create a Biometric Authentication System with SSH access,r31,0.0000,0.0000
Create a Biometric Authentication System with SSH access,r32,0.0000,0.0000
Create a Biometric Authentication System with SSH access,r33,0.0000,0.0000
Provision a Genomics Data Processing with CPU Headroom,r1,0.0000,0.0000
Provision a Genomics Data Processing with CPU Headroom,r2,0.0000,0.0000
Provision a Genomics Data Processing with CPU Headroom,r3,0.0000,0.0000
Provision a Genomics Data Processing with CPU Headroom,r4,0.0000,0.0000
Provision a Genomics Data Processing with CPU Headroom,r5,0.0000,0.0000
Provision a Genomics Data Processing with CPU Headroom,r6,0.0000,0.0000
Provision a Genomics Data Processing with CPU Headroom,r7,1.0000,0.1111
Provision a Genomics Data Processing with CPU Headroom,r8,0.9123,0.1000
Provision a Genomics Data Processing with CPU Headroom,r9,1.0000,0.1111
Provision a Genomics Data Processing with CPU Headroom,r10,0.9123,0.1000
Provision a Genomics Data Processing with CPU Headroom,r11,0.0000,0.0000
Provision a Genomics Data Processing with CPU Headroom,r12,0.0000,0.0000
Provision a Genomics Data Processing with CPU Headroom,r13,0.0000,0.0000
Provision a Genomics Data Processing with CPU Headroom,r14,0.0000,0.0000
Provision a Genomics Data Processing with CPU Headroom,r15,0.0000,0.0000
Provision a Genomics Data Processing with CPU Headroom,r16,0.0000,0.0000
Provision a Genomics Data Processing with CPU Headroom,r17,0.0000,0.0000
Provision a Genomics Data Processing with CPU Headroom,r18,0.0000,0.0000
Provision a Genomics Data Processing with CPU Headroom,r19,0.0000,0.0000
Provision a Genomics Data Processing with CPU Headroom,r20,0.0000,0.0000
Provision a Genomics Data Processing with CPU Headroom,r21,0.0000,0.0000
Provision a Genomics Data Processing with CPU Headroom,r22,0.0000,0.0000
Provision a Genomics Data Processing with CPU Headroom,r23,0.0000,0.0000
Provision a Genomics Data Processing with CPU Headroom,r24,0.0000,0.0000
Provision a Genomics Data Processing with CPU Headroom,r25,0.0000,0.0000
Provision a Genomics Data Processing with CPU Headroom,r26,0.0000,0.0000
Provision a Genomics Data Processing with CPU Headroom,r27,0.0000,0.0000
Provision a Genomics Data Processing with CPU Headroom,r28,0.0000,0.0000
Provision a Genomics Data Processing with CPU Headroom,r29,0.0000,0.0000
Provision a Genomics Data Processing with CPU Headroom,r30,0.0000,0.0000
Provision a Genomics Data Processing with CPU Headroom,r31,0.0000,0.0000
Provision a Genomics Data Processing with CPU Headroom,r32,0.0000,0.0000
Provision a Genomics Data Processing with CPU Headroom,r33,0.0000,0.0000
Deploy a Fleet Management System with No Rx Errors,r1,0.0000,0.0000
Deploy a Fleet Management System with No Rx Errors,r2,0.0000,0.0000
Deploy a Fleet Management System with No Rx Errors,r3,0.0000,0.0000
Deploy a Fleet Management System with No Rx Errors,r4,0.0000,0.0000
Deploy a Fleet Management System with No Rx Errors,r5,0.0000,0.0000
Deploy a Fleet Management System with No Rx Errors,r6,0.0000,0.0000
Deploy a Fleet Management System with No Rx Errors,r7,0.0000,0.0000
Deploy a Fleet Management System with No Rx Errors,r8,0.0000,0.0000
Deploy a Fleet Management System with No Rx Errors,r9,0.0000,0.0000
Deploy a Fleet Management System with No Rx Errors,r10,0.0000,0.0000
Deploy a Fleet Management System with No Rx Errors,r11,0.0000,0.0000
Deploy a Fleet Management System with No Rx Errors,r12,0.0000,0.0000
Deploy a Fleet Management System with No Rx Errors,r13,0.0000,0.0000
Deploy a Fleet Management System with No Rx Errors,r14,0.0000,0.0000
Deploy a Fleet Management System with No Rx Errors,r15,0.0000,0.0000
Deploy a Fleet Management System with No Rx Errors,r16,0.0000,0.0000
Deploy a Fleet Management System with No Rx Errors,r17,0.0000,0.0000
Deploy a Fleet Management System with No Rx Errors,r18,0.0000,0.0000
Deploy a Fleet Management System with No Rx Errors,r19,1.0000,0.1111
Deploy a Fleet Management System with No Rx Errors,r20,0.0000,0.0000
Deploy a Fleet Management System with No Rx Errors,r21,1.0000,0.1111
Deploy a Fleet Management System with No Rx Errors,r22,0.0000,0.0000
Deploy a Fleet Management System with No Rx Errors,r23,0.0000,0.0000
Deploy a Fleet Management System with No Rx Errors,r24,0.0000,0.0000
Deploy a Fleet Management System with No Rx Errors,r25,0.0000,0.0000
Deploy a Fleet Management System with No Rx Errors,r26,0.0000,0.0000
Deploy a Fleet Management System with No Rx Errors,r27,0.0000,0.0000
Deploy a Fleet Management System with No Rx Errors,r28,1.0000,0.1111
Deploy a Fleet Management System with No Rx Errors,r29,0.0000,0.0000
Deploy a Fleet Management System with No Rx Errors,r30,1.0000,0.1111
Deploy a Fleet Management System with No Rx Errors,r31,0.0000,0.0000
Deploy a Fleet Management System with No Rx Errors,r32,0.0000,0.0000
Deploy a Fleet Management System with No Rx Errors,r33,0.8508,0.1000
Implement a Smart Lighting Controller with Thermal Limits,r1,0.0000,0.0000
Implement a Smart Lighting Controller with Thermal Limits,r2,0.0000,0.0000
Implement a Smart Lighting Controller with Thermal Limits,r3,0.0000,0.0000
Implement a Smart Lighting Controller with Thermal Limits,r4,0.0000,0.0000
Implement a Smart Lighting Controller with Thermal Limits,r5,0.0000,0.0000
Implement a Smart Lighting Controller with Thermal Limits,r6,0.0000,0.0000
Implement a Smart Lighting Controller with Thermal Limits,r7,0.0000,0.0000
Implement a Smart Lighting Controller with Thermal Limits,r8,0.0000,0.0000
Implement a Smart Lighting Controller with Thermal Limits,r9,0.0000,0.0000
Implement a Smart Lighting Controller with Thermal Limits,r10,0.0000,0.0000
Implement a Smart Lighting Controller with Thermal Limits,r11,1.0000,0.1000
Implement a Smart Lighting Controller with Thermal Limits,r12,0.0000,0.0000
Implement a Smart Lighting Controller with Thermal Limits,r13,0.0000,0.0000
Implement a Smart Lighting Controller with Thermal Limits,r14,0.0000,0.0000
Implement a Smart Lighting Controller with Thermal Limits,r15,0.0000,0.0000
Implement a Smart Lighting Controller with Thermal Limits,r16,0.0000,0.0000
Implement a Smart Lighting Controller with Thermal Limits,r17,0.0000,0.0000
Implement a Smart Lighting Controller with Thermal Limits,r18,0.0000,0.0000
Implement a Smart Lighting Controller with Thermal Limits,r19,0.0000,0.0000
Implement a Smart Lighting Controller with Thermal Limits,r20,0.0000,0.0000
Implement a Smart Lighting Controller with Thermal Limits,r21,0.0000,0.0000
Implement a Smart Lighting Controller with Thermal Limits,r22,0.0000,0.0000
Implement a Smart Lighting Controller with Thermal Limits,r23,0.0000,0.0000
Implement a Smart Lighting Controller with Thermal Limits,r24,0.0000,0.0000
Implement a Smart Lighting Controller with Thermal Limits,r25,0.0000,0.0000
Implement a Smart Lighting Controller with Thermal Limits,r26,0.0000,0.0000
Implement a Smart Lighting Controller with Thermal Limits,r27,0.0000,0.0000
Implement a Smart Lighting Controller with Thermal Limits,r28,0.0000,0.0000
Implement a Smart Lighting Controller with Thermal Limits,r29,0.0000,0.0000
Implement a Smart Lighting Controller with Thermal Limits,r30,0.0000,0.0000
Implement a Smart Lighting Controller with Thermal Limits,r31,0.0000,0.0000
Implement a Smart Lighting Controller with Thermal Limits,r32,0.0000,0.0000
Implement a Smart Lighting Controller with Thermal Limits,r33,0.0000,0.0000
Build a Hydroponics Monitoring Node with Network Stability,r1,0.0000,0.0000
Build a Hydroponics Monitoring Node with Network Stability,r2,0.0000,0.0000
Build a Hydroponics Monitoring Node with Network Stability,r3,0.0000,0.0000
Build a Hydroponics Monitoring Node with Network Stability,r4,0.0000,0.0000
Build a Hydroponics Monitoring Node with Network Stability,r5,0.0000,0.0000
Build a Hydroponics Monitoring Node with Network Stability,r6,0.0000,0.0000
Build a Hydroponics Monitoring Node with Network Stability,r7,0.0000,0.0000
Build a Hydroponics Monitoring Node with Network Stability,r8,0.0000,0.0000
Build a Hydroponics Monitoring Node with Network Stability,r9,0.0000,0.0000
Build a Hydroponics Monitoring Node with Network Stability,r10,0.0000,0.0000
Build a Hydroponics Monitoring Node with Network Stability,r11,0.0000,0.0000
Build a Hydroponics Monitoring Node with Network Stability,r12,0.0000,0.0000
Build a Hydroponics Monitoring Node with Network Stability,r13,0.0000,0.0000
Build a Hydroponics Monitoring Node with Network Stability,r14,0.0000,0.0000
Build a Hydroponics Monitoring Node with Network Stability,r15,0.0000,0.0000
Build a Hydroponics Monitoring Node with Network Stability,r16,0.7918,0.0769
Build a Hydroponics Monitoring Node with Network Stability,r17,0.9194,0.0909
Build a Hydroponics Monitoring Node with Network Stability,r18,1.0000,0.1000
Build a Hydroponics Monitoring Node with Network Stability,r19,1.0000,0.1000
Build a Hydroponics Monitoring Node with Network Stability,r20,0.9194,0.0909
Build a Hydroponics Monitoring Node with Network Stability,r21,1.0000,0.1000
Build a Hydroponics Monitoring Node with Network Stability,r22,0.9194,0.0909
Build a Hydroponics Monitoring Node with Network Stability,r23,0.9194,0.0909
Build a Hydroponics Monitoring Node with Network Stability,r24,1.0000,0.1000
Build a Hydroponics Monitoring Node with Network Stability,r25,0.8508,0.0833
Build a Hydroponics Monitoring Node with Network Stability,r26,1.0000,0.1000
Build a Hydroponics Monitoring Node with Network Stability,r27,0.9194,0.0909
Build a Hydroponics Monitoring Node with Network Stability,r28,1.0000,0.1000
Build a Hydroponics Monitoring Node with Network Stability,r29,0.9194,0.0909
Build a Hydroponics Monitoring Node with Network Stability,r30,1.0000,0.1000
Build a Hydroponics Monitoring Node with Network Stability,r31,0.9194,0.0909
Build a Hydroponics Monitoring Node with Network Stability,r32,0.0000,0.0000
Build a Hydroponics Monitoring Node with Network Stability,r33,0.8508,0.0909
Setup a E-Commerce API Gateway with MTU Enforcement,r1,0.0000,0.0000
Setup a E-Commerce API Gateway with MTU Enforcement,r2,0.0000,0.0000
Setup a E-Commerce API Gateway with MTU Enforcement,r3,0.0000,0.0000
Setup a E-Commerce API Gateway with MTU Enforcement,r4,0.0000,0.0000
Setup a E-Commerce API Gateway with MTU Enforcement,r5,0.0000,0.0000
Setup a E-Commerce API Gateway with MTU Enforcement,r6,0.0000,0.0000
Setup a E-Commerce API Gateway with MTU Enforcement,r7,0.0000,0.0000
Setup a E-Commerce API Gateway with MTU Enforcement,r8,0.0000,0.0000
Setup a E-Commerce API Gateway with MTU Enforcement,r9,0.0000,0.0000
Setup a E-Commerce API Gateway with MTU Enforcement,r10,0.0000,0.0000
Setup a E-Commerce API Gateway with MTU Enforcement,r11,0.0000,0.0000
Setup a E-Commerce API Gateway with MTU Enforcement,r12,0.0000,0.0000
Setup a E-Commerce API Gateway with MTU Enforcement,r13,0.0000,0.0000
Setup a E-Commerce API Gateway with MTU Enforcement,r14,0.0000,0.0000
Setup a E-Commerce API Gateway with MTU Enforcement,r15,0.0000,0.0000
Setup a E-Commerce API Gateway with MTU Enforcement,r16,0.8612,0.0769
Setup a E-Commerce API Gateway with MTU Enforcement,r17,1.0000,0.0909
Setup a E-Commerce API Gateway with MTU Enforcement,r18,0.0000,0.0000
Setup a E-Commerce API Gateway with MTU Enforcement,r19,0.0000,0.0000
Setup a E-Commerce API Gateway with MTU Enforcement,r20,0.0000,0.0000
Setup a E-Commerce API Gateway with MTU Enforcement,r21,0.0000,0.0000
Setup a E-Commerce API Gateway with MTU Enforcement,r22,0.0000,0.0000
Setup a E-Commerce API Gateway with MTU Enforcement,r23,0.0000,0.0000
Setup a E-Commerce API Gateway with MTU Enforcement,r24,0.0000,0.0000
Setup a E-Commerce API Gateway with MTU Enforcement,r25,0.0000,0.0000
Setup a E-Commerce API Gateway with MTU Enforcement,r26,0.0000,0.0000
Setup a E-Commerce API Gateway with MTU Enforcement,r27,0.0000,0.0000
Setup a E-Commerce API Gateway with MTU Enforcement,r28,0.0000,0.0000
Setup a E-Commerce API Gateway with MTU Enforcement,r29,0.0000,0.0000
Setup a E-Commerce API Gateway with MTU Enforcement,r30,0.0000,0.0000
Setup a E-Commerce API Gateway with MTU Enforcement,r31,0.0000,0.0000
Setup a E-Commerce API Gateway with MTU Enforcement,r32,0.0000,0.0000
Setup a E-Commerce API Gateway with MTU Enforcement,r33,0.0000,0.0000
Create a Robotics Simulation with memory Guarantees,r1,0.0000,0.0000
Create a Robotics Simulation with memory Guarantees,r2,1.0000,0.1250
Create a Robotics Simulation with memory Guarantees,r3,0.9123,0.1111
Create a Robotics Simulation with memory Guarantees,r4,1.0000,0.1250
Create a Robotics Simulation with memory Guarantees,r5,0.9123,0.1111
Create a Robotics Simulation with memory Guarantees,r6,0.0000,0.0000
Create a Robotics Simulation with memory Guarantees,r7,0.0000,0.0000
Create a Robotics Simulation with memory Guarantees,r8,0.0000,0.0000
Create a Robotics Simulation with memory Guarantees,r9,0.0000,0.0000
Create a Robotics Simulation with memory Guarantees,r10,0.0000,0.0000
Create a Robotics Simulation with memory Guarantees,r11,0.0000,0.0000
Create a Robotics Simulation with memory Guarantees,r12,0.0000,0.0000
Create a Robotics Simulation with memory Guarantees,r13,0.0000,0.0000
Create a Robotics Simulation with memory Guarantees,r14,0.0000,0.0000
Create a Robotics Simulation with memory Guarantees,r15,0.0000,0.0000
Create a Robotics Simulation with memory Guarantees,r16,0.0000,0.0000
Create a Robotics Simulation with memory Guarantees,r17,0.0000,0.0000
Create a Robotics Simulation with memory Guarantees,r18,0.0000,0.0000
Create a Robotics Simulation with memory Guarantees,r19,0.0000,0.0000
Create a Robotics Simulation with memory Guarantees,r20,0.0000,0.0000
Create a Robotics Simulation with memory Guarantees,r21,0.0000,0.0000
Create a Robotics Simulation with memory Guarantees,r22,0.0000,0.0000
Create a Robotics Simulation with memory Guarantees,r23,0.0000,0.0000
Create a Robotics Simulation with memory Guarantees,r24,0.0000,0.0000
Create a Robotics Simulation with memory Guarantees,r25,0.0000,0.0000
Create a Robotics Simulation with memory Guarantees,r26,0.0000,0.0000
Create a Robotics Simulation with memory Guarantees,r27,0.0000,0.0000
Create a Robotics Simulation with memory Guarantees,r28,0.0000,0.0000
Create a Robotics Simulation with memory Guarantees,r29,0.0000,0.0000
Create a Robotics Simulation with memory Guarantees,r30,0.0000,0.0000
Create a Robotics Simulation with memory Guarantees,r31,0.0000,0.0000
Create a Robotics Simulation with memory Guarantees,r32,0.9123,0.1111
Create a Robotics Simulation with memory Guarantees,r33,0.0000,0.0000
Provision a Spacecraft Telemetry Relay with DPDK Buffers,r1,0.0000,0.0000
Provision a Spacecraft Telemetry Relay with DPDK Buffers,r2,0.0000,0.0000
Provision a Spacecraft Telemetry Relay with DPDK Buffers,r3,0.0000,0.0000
Provision a Spacecraft Telemetry Relay with DPDK Buffers,r4,0.0000,0.0000
Provision a Spacecraft Telemetry Relay with DPDK Buffers,r5,0.0000,0.0000
Provision a Spacecraft Telemetry Relay with DPDK Buffers,r6,0.0000,0.0000
Provision a Spacecraft Telemetry Relay with DPDK Buffers,r7,0.0000,0.0000
Provision a Spacecraft Telemetry Relay with DPDK Buffers,r8,0.0000,0.0000
Provision a Spacecraft Telemetry Relay with DPDK Buffers,r9,0.0000,0.0000
Provision a Spacecraft Telemetry Relay with DPDK Buffers,r10,0.0000,0.0000
Provision a Spacecraft Telemetry Relay with DPDK Buffers,r11,0.0000,0.0000
Provision a Spacecraft Telemetry Relay with DPDK Buffers,r12,0.0000,0.0000
Provision a Spacecraft Telemetry Relay with DPDK Buffers,r13,0.0000,0.0000
Provision a Spacecraft Telemetry Relay with DPDK Buffers,r14,0.0000,0.0000
Provision a Spacecraft Telemetry Relay with DPDK Buffers,r15,0.0000,0.0000
Provision a Spacecraft Telemetry Relay with DPDK Buffers,r16,0.0000,0.0000
Provision a Spacecraft Telemetry Relay with DPDK Buffers,r17,0.0000,0.0000
Provision a Spacecraft Telemetry Relay with DPDK Buffers,r18,0.0000,0.0000
Provision a Spacecraft Telemetry Relay with DPDK Buffers,r19,0.0000,0.0000
Provision a Spacecraft Telemetry Relay with DPDK Buffers,r20,0.0000,0.0000
Provision a Spacecraft Telemetry Relay with DPDK Buffers,r21,0.0000,0.0000
Provision a Spacecraft Telemetry Relay with DPDK Buffers,r22,0.0000,0.0000
Provision a Spacecraft Telemetry Relay with DPDK Buffers,r23,0.9194,0.2000
Provision a Spacecraft Telemetry Relay with DPDK Buffers,r24,0.2631,0.1000
Provision a Spacecraft Telemetry Relay with DPDK Buffers,r25,0.8508,0.1818
Provision a Spacecraft Telemetry Relay with DPDK Buffers,r26,0.2631,0.1000
Provision a Spacecraft Telemetry Relay with DPDK Buffers,r27,0.2418,0.0909
Provision a Spacecraft Telemetry Relay with DPDK Buffers,r28,0.2631,0.1000
Provision a Spacecraft Telemetry Relay with DPDK Buffers,r29,0.2418,0.0909
Provision a Spacecraft Telemetry Relay with DPDK Buffers,r30,0.2631,0.1000
Provision a Spacecraft Telemetry Relay with DPDK Buffers,r31,0.2418,0.0909
Provision a Spacecraft Telemetry Relay with DPDK Buffers,r32,1.0000,0.2222
Provision a Spacecraft Telemetry Relay with DPDK Buffers,r33,0.9592,0.2000
Deploy a Waste Management IoT Sensor with Fan Alerts,r1,0.0000,0.0000
Deploy a Waste Management IoT Sensor with Fan Alerts,r2,0.0000,0.0000
Deploy a Waste Management IoT Sensor with Fan Alerts,r3,0.0000,0.0000
Deploy a Waste Management IoT Sensor with Fan Alerts,r4,0.0000,0.0000
Deploy a Waste Management IoT Sensor with Fan Alerts,r5,0.0000,0.0000
Deploy a Waste Management IoT Sensor with Fan Alerts,r6,0.0000,0.0000
Deploy a Waste Management IoT Sensor with Fan Alerts,r7,0.0000,0.0000
Deploy a Waste Management IoT Sensor with Fan Alerts,r8,0.0000,0.0000
Deploy a Waste Management IoT Sensor with Fan Alerts,r9,0.0000,0.0000
Deploy a Waste Management IoT Sensor with Fan Alerts,r10,0.0000,0.0000
Deploy a Waste Management IoT Sensor with Fan Alerts,r11,0.0000,0.0000
Deploy a Waste Management IoT Sensor with Fan Alerts,r12,1.0000,0.0909
Deploy a Waste Management IoT Sensor with Fan Alerts,r13,1.0000,0.0909
Deploy a Waste Management IoT Sensor with Fan Alerts,r14,0.0000,0.0000
Deploy a Waste Management IoT Sensor with Fan Alerts,r15,0.0000,0.0000
Deploy a Waste Management IoT Sensor with Fan Alerts,r16,0.0000,0.0000
Deploy a Waste Management IoT Sensor with Fan Alerts,r17,0.0000,0.0000
Deploy a Waste Management IoT Sensor with Fan Alerts,r18,0.0000,0.0000
Deploy a Waste Management IoT Sensor with Fan Alerts,r19,0.0000,0.0000
Deploy a Waste Management IoT Sensor with Fan Alerts,r20,0.0000,0.0000
Deploy a Waste Management IoT Sensor with Fan Alerts,r21,0.0000,0.0000
Deploy a Waste Management IoT Sensor with Fan Alerts,r22,0.0000,0.0000
Deploy a Waste Management IoT Sensor with Fan Alerts,r23,0.0000,0.0000
Deploy a Waste Management IoT Sensor with Fan Alerts,r24,0.0000,0.0000
Deploy a Waste Management IoT Sensor with Fan Alerts,r25,0.0000,0.0000
Deploy a Waste Management IoT Sensor with Fan Alerts,r26,0.0000,0.0000
Deploy a Waste Management IoT Sensor with Fan Alerts,r27,0.0000,0.0000
Deploy a Waste Management IoT Sensor with Fan Alerts,r28,0.0000,0.0000
Deploy a Waste Management IoT Sensor with Fan Alerts,r29,0.0000,0.0000
Deploy a Waste Management IoT Sensor with Fan Alerts,r30,0.0000,0.0000
Deploy a Waste Management IoT Sensor with Fan Alerts,r31,0.0000,0.0000
Deploy a Waste Management IoT Sensor with Fan Alerts,r32,0.0000,0.0000
Deploy a Waste Management IoT Sensor with Fan Alerts,r33,0.0000,0.0000
Implement a Air Traffic Control Backup System with ARP Checks,r1,0.0000,0.0000
Implement a Air Traffic Control Backup System with ARP Checks,r2,0.0000,0.0000
Implement a Air Traffic Control Backup System with ARP Checks,r3,0.0000,0.0000
Implement a Air Traffic Control Backup System with ARP Checks,r4,0.0000,0.0000
Implement a Air Traffic Control Backup System with ARP Checks,r5,0.0000,0.0000
Implement a Air Traffic Control Backup System with ARP Checks,r6,0.0000,0.0000
Implement a Air Traffic Control Backup System with ARP Checks,r7,0.0000,0.0000
Implement a Air Traffic Control Backup System with ARP Checks,r8,0.0000,0.0000
Implement a Air Traffic Control Backup System with ARP Checks,r9,0.0000,0.0000
Implement a Air Traffic Control Backup System with ARP Checks,r10,0.0000,0.0000
Implement a Air Traffic Control Backup System with ARP Checks,r11,0.0000,0.0000
Implement a Air Traffic Control Backup System with ARP Checks,r12,0.0000,0.0000
Implement a Air Traffic Control Backup System with ARP Checks,r13,0.0000,0.0000
Implement a Air Traffic Control Backup System with ARP Checks,r14,0.0000,0.0000
Implement a Air Traffic Control Backup System with ARP Checks,r15,0.0000,0.0000
Implement a Air Traffic Control Backup System with ARP Checks,r16,1.0000,0.0667
Implement a Air Traffic Control Backup System with ARP Checks,r17,0.0000,0.0000
Implement a Air Traffic Control Backup System with ARP Checks,r18,0.0000,0.0000
Implement a Air Traffic Control Backup System with ARP Checks,r19,0.0000,0.0000
Implement a Air Traffic Control Backup System with ARP Checks,r20,0.0000,0.0000
Implement a Air Traffic Control Backup System with ARP Checks,r21,0.0000,0.0000
Implement a Air Traffic Control Backup System with ARP Checks,r22,0.0000,0.0000
Implement a Air Traffic Control Backup System with ARP Checks,r23,0.0000,0.0000
Implement a Air Traffic Control Backup System with ARP Checks,r24,0.0000,0.0000
Implement a Air Traffic Control Backup System with ARP Checks,r25,0.0000,0.0000
Implement a Air Traffic Control Backup System with ARP Checks,r26,0.0000,0.0000
Implement a Air Traffic Control Backup System with ARP Checks,r27,0.0000,0.0000
Implement a Air Traffic Control Backup System with ARP Checks,r28,0.0000,0.0000
Implement a Air Traffic Control Backup System with ARP Checks,r29,0.0000,0.0000
Implement a Air Traffic Control Backup System with ARP Checks,r30,0.0000,0.0000
Implement a Air Traffic Control Backup System with ARP Checks,r31,0.0000,0.0000
Implement a Air Traffic Control Backup System with ARP Checks,r32,0.0000,0.0000
Implement a Air Traffic Control Backup System with ARP Checks,r33,0.0000,0.0000
Build a Nuclear Plant Sensor Network with Zero Packet Loss,r1,0.0000,0.0000
Build a Nuclear Plant Sensor Network with Zero Packet Loss,r2,0.0000,0.0000
Build a Nuclear Plant Sensor Network with Zero Packet Loss,r3,0.0000,0.0000
Build a Nuclear Plant Sensor Network with Zero Packet Loss,r4,0.0000,0.0000
Build a Nuclear Plant Sensor Network with Zero Packet Loss,r5,0.0000,0.0000
Build a Nuclear Plant Sensor Network with Zero Packet Loss,r6,0.0000,0.0000
Build a Nuclear Plant Sensor Network with Zero Packet Loss,r7,0.0000,0.0000
Build a Nuclear Plant Sensor Network with Zero Packet Loss,r8,0.0000,0.0000
Build a Nuclear Plant Sensor Network with Zero Packet Loss,r9,0.0000,0.0000
Build a Nuclear Plant Sensor Network with Zero Packet Loss,r10,0.0000,0.0000
Build a Nuclear Plant Sensor Network with Zero Packet Loss,r11,0.0000,0.0000
Build a Nuclear Plant Sensor Network with Zero Packet Loss,r12,0.0000,0.0000
Build a Nuclear Plant Sensor Network with Zero Packet Loss,r13,0.0000,0.0000
Build a Nuclear Plant Sensor Network with Zero Packet Loss,r14,0.0000,0.0000
Build a Nuclear Plant Sensor Network with Zero Packet Loss,r15,0.0000,0.0000
Build a Nuclear Plant Sensor Network with Zero Packet Loss,r16,0.1053,0.0667
Build a Nuclear Plant Sensor Network with Zero Packet Loss,r17,0.1223,0.0769
Build a Nuclear Plant Sensor Network with Zero Packet Loss,r18,0.1330,0.0833
Build a Nuclear Plant Sensor Network with Zero Packet Loss,r19,0.1330,0.0833
Build a Nuclear Plant Sensor Network with Zero Packet Loss,r20,0.4962,0.1667
Build a Nuclear Plant Sensor Network with Zero Packet Loss,r21,0.1330,0.0833
Build a Nuclear Plant Sensor Network with Zero Packet Loss,r22,1.0000,0.2727
Build a Nuclear Plant Sensor Network with Zero Packet Loss,r23,0.1223,0.0769
Build a Nuclear Plant Sensor Network with Zero Packet Loss,r24,0.1330,0.0833
Build a Nuclear Plant Sensor Network with Zero Packet Loss,r25,0.1132,0.0714
Build a Nuclear Plant Sensor Network with Zero Packet Loss,r26,0.1330,0.0833
Build a Nuclear Plant Sensor Network with Zero Packet Loss,r27,0.1223,0.0769
Build a Nuclear Plant Sensor Network with Zero Packet Loss,r28,0.1330,0.0833
Build a Nuclear Plant Sensor Network with Zero Packet Loss,r29,0.4962,0.1667
Build a Nuclear Plant Sensor Network with Zero Packet Loss,r30,0.1330,0.0833
Build a Nuclear Plant Sensor Network with Zero Packet Loss,r31,1.0000,0.2727
Build a Nuclear Plant Sensor Network with Zero Packet Loss,r32,0.0000,0.0000
Build a Nuclear Plant Sensor Network with Zero Packet Loss,r33,0.1132,0.0769
Setup a Railway Signaling System with CPU Stability,r1,0.0000,0.0000
Setup a Railway Signaling System with CPU Stability,r2,0.0000,0.0000
Setup a Railway Signaling System with CPU Stability,r3,0.0000,0.0000
Setup a Railway Signaling System with CPU Stability,r4,0.0000,0.0000
Setup a Railway Signaling System with CPU Stability,r5,0.0000,0.0000
Setup a Railway Signaling System with CPU Stability,r6,0.0000,0.0000
Setup a Railway Signaling System with CPU Stability,r7,1.0000,0.1111
Setup a Railway Signaling System with CPU Stability,r8,0.9123,0.1000
Setup a Railway Signaling System with CPU Stability,r9,1.0000,0.1111
Setup a Railway Signaling System with CPU Stability,r10,0.9123,0.1000
Setup a Railway Signaling System with CPU Stability,r11,0.0000,0.0000
Setup a Railway Signaling System with CPU Stability,r12,0.0000,0.0000
Setup a Railway Signaling System with CPU Stability,r13,0.0000,0.0000
Setup a Railway Signaling System with CPU Stability,r14,0.0000,0.0000
Setup a Railway Signaling System with CPU Stability,r15,0.0000,0.0000
Setup a Railway Signaling System with CPU Stability,r16,0.0000,0.0000
Setup a Railway Signaling System with CPU Stability,r17,0.0000,0.0000
Setup a Railway Signaling System with CPU Stability,r18,0.0000,0.0000
Setup a Railway Signaling System with CPU Stability,r19,0.0000,0.0000
Setup a Railway Signaling System with CPU Stability,r20,0.0000,0.0000
Setup a Railway Signaling System with CPU Stability,r21,0.0000,0.0000
Setup a Railway Signaling System with CPU Stability,r22,0.0000,0.0000
Setup a Railway Signaling System with CPU Stability,r23,0.0000,0.0000
Setup a Railway Signaling System with CPU Stability,r24,0.0000,0.0000
Setup a Railway Signaling System with CPU Stability,r25,0.0000,0.0000
Setup a Railway Signaling System with CPU Stability,r26,0.0000,0.0000
Setup a Railway Signaling System with CPU Stability,r27,0.0000,0.0000
Setup a Railway Signaling System with CPU Stability,r28,0.0000,0.0000
Setup a Railway Signaling System with CPU Stability,r29,0.0000,0.0000
Setup a Railway Signaling System with CPU Stability,r30,0.0000,0.0000
Setup a Railway Signaling System with CPU Stability,r31,0.0000,0.0000
Setup a Railway Signaling System with CPU Stability,r32,0.0000,0.0000
Setup a Railway Signaling System with CPU Stability,r33,0.0000,0.0000
Create a Augmented Reality Classroom with SSH Access,r1,0.0000,0.0000
Create a Augmented Reality Classroom with SSH Access,r2,0.0000,0.0000
Create a Augmented Reality Classroom with SSH Access,r3,0.0000,0.0000
Create a Augmented Reality Classroom with SSH Access,r4,0.0000,0.0000
Create a Augmented Reality Classroom with SSH Access,r5,0.0000,0.0000
Create a Augmented Reality Classroom with SSH Access,r6,0.0000,0.0000
Create a Augmented Reality Classroom with SSH Access,r7,0.0000,0.0000
Create a Augmented Reality Classroom with SSH Access,r8,0.0000,0.0000
Create a Augmented Reality Classroom with SSH Access,r9,0.0000,0.0000
Create a Augmented Reality Classroom with SSH Access,r10,0.0000,0.0000
Create a Augmented Reality Classroom with SSH Access,r11,0.0000,0.0000
Create a Augmented Reality Classroom with SSH Access,r12,0.0000,0.0000
Create a Augmented Reality Classroom with SSH Access,r13,0.0000,0.0000
Create a Augmented Reality Classroom with SSH Access,r14,0.0000,0.0000
Create a Augmented Reality Classroom with SSH Access,r15,1.0000,0.2500
Create a Augmented Reality Classroom with SSH Access,r16,0.0000,0.0000
Create a Augmented Reality Classroom with SSH Access,r17,0.0000,0.0000
Create a Augmented Reality Classroom with SSH Access,r18,0.0000,0.0000
Create a Augmented Reality Classroom with SSH Access,r19,0.0000,0.0000
Create a Augmented Reality Classroom with SSH Access,r20,0.0000,0.0000
Create a Augmented Reality Classroom with SSH Access,r21,0.0000,0.0000
Create a Augmented Reality Classroom with SSH Access,r22,0.0000,0.0000
Create a Augmented Reality Classroom with SSH Access,r23,0.0000,0.0000
Create a Augmented Reality Classroom with SSH Access,r24,0.0000,0.0000
Create a Augmented Reality Classroom with SSH Access,r25,0.0000,0.0000
Create a Augmented Reality Classroom with SSH Access,r26,0.0000,0.0000
Create a Augmented Reality Classroom with SSH Access,r27,0.0000,0.0000
Create a Augmented Reality Classroom with SSH Access,r28,0.0000,0.0000
Create a Augmented Reality Classroom with SSH Access,r29,0.0000,0.0000
Create a Augmented Reality Classroom with SSH Access,r30,0.0000,0.0000
Create a Augmented Reality Classroom with SSH Access,r31,0.0000,0.0000
Create a Augmented Reality Classroom with SSH Access,r32,0.0000,0.0000
Create a Augmented Reality Classroom with SSH Access,r33,0.0000,0.0000
Provision a Wind Turbine Monitoring Node with Thermal Controls,r1,0.0000,0.0000
Provision a Wind Turbine Monitoring Node with Thermal Controls,r2,0.0000,0.0000
Provision a Wind Turbine Monitoring Node with Thermal Controls,r3,0.0000,0.0000
Provision a Wind Turbine Monitoring Node with Thermal Controls,r4,0.0000,0.0000
Provision a Wind Turbine Monitoring Node with Thermal Controls,r5,0.0000,0.0000
Provision a Wind Turbine Monitoring Node with Thermal Controls,r6,0.0000,0.0000
Provision a Wind Turbine Monitoring Node with Thermal Controls,r7,0.0000,0.0000
Provision a Wind Turbine Monitoring Node with Thermal Controls,r8,0.0000,0.0000
Provision a Wind Turbine Monitoring Node with Thermal Controls,r9,0.0000,0.0000
Provision a Wind Turbine Monitoring Node with Thermal Controls,r10,0.0000,0.0000
Provision a Wind Turbine Monitoring Node with Thermal Controls,r11,0.0000,0.0000
Provision a Wind Turbine Monitoring Node with Thermal Controls,r12,0.0000,0.0000
Provision a Wind Turbine Monitoring Node with Thermal Controls,r13,0.0000,0.0000
Provision a Wind Turbine Monitoring Node with Thermal Controls,r14,0.0000,0.0000
Provision a Wind Turbine Monitoring Node with Thermal Controls,r15,0.0000,0.0000
Provision a Wind Turbine Monitoring Node with Thermal Controls,r16,0.0000,0.0000
Provision a Wind Turbine Monitoring Node with Thermal Controls,r17,0.0000,0.0000
Provision a Wind Turbine Monitoring Node with Thermal Controls,r18,0.0000,0.0000
Provision a Wind Turbine Monitoring Node with Thermal Controls,r19,0.0000,0.0000
Provision a Wind Turbine Monitoring Node with Thermal Controls,r20,0.0000,0.0000
Provision a Wind Turbine Monitoring Node with Thermal Controls,r21,0.0000,0.0000
Provision a Wind Turbine Monitoring Node with Thermal Controls,r22,0.0000,0.0000
Provision a Wind Turbine Monitoring Node with Thermal Controls,r23,0.0000,0.0000
Provision a Wind Turbine Monitoring Node with Thermal Controls,r24,0.0000,0.0000
Provision a Wind Turbine Monitoring Node with Thermal Controls,r25,0.0000,0.0000
Provision a Wind Turbine Monitoring Node with Thermal Controls,r26,0.0000,0.0000
Provision a Wind Turbine Monitoring Node with Thermal Controls,r27,0.0000,0.0000
Provision a Wind Turbine Monitoring Node with Thermal Controls,r28,0.0000,0.0000
Provision a Wind Turbine Monitoring Node with Thermal Controls,r29,0.0000,0.0000
Provision a Wind Turbine Monitoring Node with Thermal Controls,r30,0.0000,0.0000
Provision a Wind Turbine Monitoring Node with Thermal Controls,r31,0.0000,0.0000
Provision a Wind Turbine Monitoring Node with Thermal Controls,r32,0.0000,0.0000
Provision a Wind Turbine Monitoring Node with Thermal Controls,r33,0.0000,0.0000
Deploy a Underwater Data Acoustic Link with Buffer Protection,r1,0.0000,0.0000
Deploy a Underwater Data Acoustic Link with Buffer Protection,r2,0.0000,0.0000
Deploy a Underwater Data Acoustic Link with Buffer Protection,r3,0.0000,0.0000
Deploy a Underwater Data Acoustic Link with Buffer Protection,r4,0.0000,0.0000
Deploy a Underwater Data Acoustic Link with Buffer Protection,r5,0.0000,0.0000
Deploy a Underwater Data Acoustic Link with Buffer Protection,r6,0.0000,0.0000
Deploy a Underwater Data Acoustic Link with Buffer Protection,r7,0.0000,0.0000
Deploy a Underwater Data Acoustic Link with Buffer Protection,r8,0.0000,0.0000
Deploy a Underwater Data Acoustic Link with Buffer Protection,r9,0.0000,0.0000
Deploy a Underwater Data Acoustic Link with Buffer Protection,r10,0.0000,0.0000
Deploy a Underwater Data Acoustic Link with Buffer Protection,r11,0.0000,0.0000
Deploy a Underwater Data Acoustic Link with Buffer Protection,r12,0.0000,0.0000
Deploy a Underwater Data Acoustic Link with Buffer Protection,r13,0.0000,0.0000
Deploy a Underwater Data Acoustic Link with Buffer Protection,r14,0.0000,0.0000
Deploy a Underwater Data Acoustic Link with Buffer Protection,r15,0.0000,0.0000
Deploy a Underwater Data Acoustic Link with Buffer Protection,r16,0.0000,0.0000
Deploy a Underwater Data Acoustic Link with Buffer Protection,r17,0.0000,0.0000
Deploy a Underwater Data Acoustic Link with Buffer Protection,r18,0.0000,0.0000
Deploy a Underwater Data Acoustic Link with Buffer Protection,r19,0.0000,0.0000
Deploy a Underwater Data Acoustic Link with Buffer Protection,r20,0.0000,0.0000
Deploy a Underwater Data Acoustic Link with Buffer Protection,r21,0.0000,0.0000
Deploy a Underwater Data Acoustic Link with Buffer Protection,r22,0.0000,0.0000
Deploy a Underwater Data Acoustic Link with Buffer Protection,r23,0.9194,0.0833
Deploy a Underwater Data Acoustic Link with Buffer Protection,r24,0.0000,0.0000
Deploy a Underwater Data Acoustic Link with Buffer Protection,r25,0.8508,0.0769
Deploy a Underwater Data Acoustic Link with Buffer Protection,r26,0.0000,0.0000
Deploy a Underwater Data Acoustic Link with Buffer Protection,r27,0.0000,0.0000
Deploy a Underwater Data Acoustic Link with Buffer Protection,r28,0.0000,0.0000
Deploy a Underwater Data Acoustic Link with Buffer Protection,r29,0.0000,0.0000
Deploy a Underwater Data Acoustic Link with Buffer Protection,r30,0.0000,0.0000
Deploy a Underwater Data Acoustic Link with Buffer Protection,r31,0.0000,0.0000
Deploy a Underwater Data Acoustic Link with Buffer Protection,r32,1.0000,0.0909
Deploy a Underwater Data Acoustic Link with Buffer Protection,r33,0.8508,0.0833
Build a Lunar Rover Communication Hub with DPDK Optimizations,r1,0.0000,0.0000
Build a Lunar Rover Communication Hub with DPDK Optimizations,r2,0.0000,0.0000
Build a Lunar Rover Communication Hub with DPDK Optimizations,r3,0.0000,0.0000
Build a Lunar Rover Communication Hub with DPDK Optimizations,r4,0.0000,0.0000
Build a Lunar Rover Communication Hub with DPDK Optimizations,r5,0.0000,0.0000
Build a Lunar Rover Communication Hub with DPDK Optimizations,r6,0.0000,0.0000
Build a Lunar Rover Communication Hub with DPDK Optimizations,r7,0.0000,0.0000
Build a Lunar Rover Communication Hub with DPDK Optimizations,r8,0.0000,0.0000
Build a Lunar Rover Communication Hub with DPDK Optimizations,r9,0.0000,0.0000
Build a Lunar Rover Communication Hub with DPDK Optimizations,r10,0.0000,0.0000
Build a Lunar Rover Communication Hub with DPDK Optimizations,r11,0.0000,0.0000
Build a Lunar Rover Communication Hub with DPDK Optimizations,r12,0.0000,0.0000
Build a Lunar Rover Communication Hub with DPDK Optimizations,r13,0.0000,0.0000
Build a Lunar Rover Communication Hub with DPDK Optimizations,r14,0.0000,0.0000
Build a Lunar Rover Communication Hub with DPDK Optimizations,r15,0.0000,0.0000
Build a Lunar Rover Communication Hub with DPDK Optimizations,r16,0.0000,0.0000
Build a Lunar Rover Communication Hub with DPDK Optimizations,r17,0.0000,0.0000
Build a Lunar Rover Communication Hub with DPDK Optimizations,r18,0.0000,0.0000
Build a Lunar Rover Communication Hub with DPDK Optimizations,r19,0.0000,0.0000
Build a Lunar Rover Communication Hub with DPDK Optimizations,r20,0.0000,0.0000
Build a Lunar Rover Communication Hub with DPDK Optimizations,r21,0.0000,0.0000
Build a Lunar Rover Communication Hub with DPDK Optimizations,r22,0.0000,0.0000
Build a Lunar Rover Communication Hub with DPDK Optimizations,r23,0.7281,0.0833
Build a Lunar Rover Communication Hub with DPDK Optimizations,r24,0.7919,0.0909
Build a Lunar Rover Communication Hub with DPDK Optimizations,r25,0.6738,0.0769
Build a Lunar Rover Communication Hub with DPDK Optimizations,r26,0.7919,0.0909
Build a Lunar Rover Communication Hub with DPDK Optimizations,r27,0.7281,0.0833
Build a Lunar Rover Communication Hub with DPDK Optimizations,r28,0.7919,0.0909
Build a Lunar Rover Communication Hub with DPDK Optimizations,r29,0.7281,0.0833
Build a Lunar Rover Communication Hub with DPDK Optimizations,r30,0.7919,0.0909
Build a Lunar Rover Communication Hub with DPDK Optimizations,r31,0.7281,0.0833
Build a Lunar Rover Communication Hub with DPDK Optimizations,r32,0.7919,0.0909
Build a Lunar Rover Communication Hub with DPDK Optimizations,r33,1.0000,0.0833
Deploy a load balancer with 3GHz of processing capabilites,r1,0.0000,0.0000
Deploy a load balancer with 3GHz of processing capabilites,r2,0.0000,0.0000
Deploy a load balancer with 3GHz of processing capabilites,r3,0.0000,0.0000
Deploy a load balancer with 3GHz of processing capabilites,r4,0.0000,0.0000
Deploy a load balancer with 3GHz of processing capabilites,r5,0.0000,0.0000
Deploy a load balancer with 3GHz of processing capabilites,r6,0.0000,0.0000
Deploy a load balancer with 3GHz of processing capabilites,r7,0.0000,0.0000
Deploy a load balancer with 3GHz of processing capabilites,r8,0.0000,0.0000
Deploy a load balancer with 3GHz of processing capabilites,r9,0.0000,0.0000
Deploy a load balancer with 3GHz of processing capabilites,r10,0.0000,0.0000
Deploy a load balancer with 3GHz of processing capabilites,r11,0.0000,0.0000
Deploy a load balancer with 3GHz of processing capabilites,r12,0.0000,0.0000
Deploy a load balancer with 3GHz of processing capabilites,r13,0.0000,0.0000
Deploy a load balancer with 3GHz of processing capabilites,r14,0.0000,0.0000
Deploy a load balancer with 3GHz of processing capabilites,r15,0.0000,0.0000
Deploy a load balancer with 3GHz of processing capabilites,r16,0.0000,0.0000
Deploy a load balancer with 3GHz of processing capabilites,r17,0.0000,0.0000
Deploy a load balancer with 3GHz of processing capabilites,r18,0.0000,0.0000
Deploy a load balancer with 3GHz of processing capabilites,r19,0.0000,0.0000
Deploy a load balancer with 3GHz of processing capabilites,r20,0.0000,0.0000
Deploy a load balancer with 3GHz of processing capabilites,r21,0.0000,0.0000
Deploy a load balancer with 3GHz of processing capabilites,r22,0.0000,0.0000
Deploy a load balancer with 3GHz of processing capabilites,r23,0.0000,0.0000
Deploy a load balancer with 3GHz of processing capabilites,r24,0.0000,0.0000
Deploy a load balancer with 3GHz of processing capabilites,r25,0.0000,0.0000
Deploy a load balancer with 3GHz of processing capabilites,r26,0.0000,0.0000
Deploy a load balancer with 3GHz of processing capabilites,r27,0.0000,0.0000
Deploy a load balancer with 3GHz of processing capabilites,r28,0.0000,0.0000
Deploy a load balancer with 3GHz of processing capabilites,r29,0.0000,0.0000
Deploy a load balancer with 3GHz of processing capabilites,r30,0.0000,0.0000
Deploy a load balancer with 3GHz of processing capabilites,r31,0.0000,0.0000
Deploy a load balancer with 3GHz of processing capabilites,r32,0.0000,0.0000
Deploy a load balancer with 3GHz of processing capabilites,r33,0.0000,0.0000
