query,rule_id,similarity_score,ollama_score
I need a web server with guaranteed CPU availability and no network packet loss,r1,0.2759,0.0
I need a web server with guaranteed CPU availability and no network packet loss,r2,0.3613,0.3
I need a web server with guaranteed CPU availability and no network packet loss,r3,0.3076,0.5
I need a web server with guaranteed CPU availability and no network packet loss,r4,0.4367,0.3
I need a web server with guaranteed CPU availability and no network packet loss,r5,0.4796,0.5
I need a web server with guaranteed CPU availability and no network packet loss,r6,0.0694,0.0
I need a web server with guaranteed CPU availability and no network packet loss,r7,0.4654,0.8
I need a web server with guaranteed CPU availability and no network packet loss,r8,0.3224,0.9
I need a web server with guaranteed CPU availability and no network packet loss,r9,0.4789,0.8
I need a web server with guaranteed CPU availability and no network packet loss,r10,0.4494,0.9
I need a web server with guaranteed CPU availability and no network packet loss,r11,0.0948,0.0
I need a web server with guaranteed CPU availability and no network packet loss,r12,0.0251,0.0
I need a web server with guaranteed CPU availability and no network packet loss,r13,0.2793,0.0
I need a web server with guaranteed CPU availability and no network packet loss,r14,0.1185,0.0
I need a web server with guaranteed CPU availability and no network packet loss,r15,0.3733,0.0
I need a web server with guaranteed CPU availability and no network packet loss,r16,0.4387,0.7
I need a web server with guaranteed CPU availability and no network packet loss,r17,0.2258,0.0
I need a web server with guaranteed CPU availability and no network packet loss,r18,0.3555,0.7
I need a web server with guaranteed CPU availability and no network packet loss,r19,0.4143,0.7
I need a web server with guaranteed CPU availability and no network packet loss,r20,0.459,0.7
I need a web server with guaranteed CPU availability and no network packet loss,r21,0.4143,0.7
I need a web server with guaranteed CPU availability and no network packet loss,r22,0.4974,0.7
I need a web server with guaranteed CPU availability and no network packet loss,r23,0.5108,0.0
I need a web server with guaranteed CPU availability and no network packet loss,r24,0.4924,0.0
I need a web server with guaranteed CPU availability and no network packet loss,r25,0.5224,0.0
I need a web server with guaranteed CPU availability and no network packet loss,r26,0.551,0.0
I need a web server with guaranteed CPU availability and no network packet loss,r27,0.5294,0.0
I need a web server with guaranteed CPU availability and no network packet loss,r28,0.5408,0.7
I need a web server with guaranteed CPU availability and no network packet loss,r29,0.6137,0.7
I need a web server with guaranteed CPU availability and no network packet loss,r30,0.5408,0.7
I need a web server with guaranteed CPU availability and no network packet loss,r31,0.6201,0.7
I need a web server with guaranteed CPU availability and no network packet loss,r32,0.5405,0.0
I need a web server with guaranteed CPU availability and no network packet loss,r33,0.584,0.0
Deploy a database server that must maintain memory above 50% free at all times,r1,0.6315,0.0
Deploy a database server that must maintain memory above 50% free at all times,r2,0.6151,0.9
Deploy a database server that must maintain memory above 50% free at all times,r3,0.5144,0.7
Deploy a database server that must maintain memory above 50% free at all times,r4,0.6465,0.9
Deploy a database server that must maintain memory above 50% free at all times,r5,0.5672,0.7
Deploy a database server that must maintain memory above 50% free at all times,r6,0.1759,0.0
Deploy a database server that must maintain memory above 50% free at all times,r7,0.3554,0.0
Deploy a database server that must maintain memory above 50% free at all times,r8,0.2366,0.0
Deploy a database server that must maintain memory above 50% free at all times,r9,0.3782,0.0
Deploy a database server that must maintain memory above 50% free at all times,r10,0.2993,0.0
Deploy a database server that must maintain memory above 50% free at all times,r11,0.0983,0.0
Deploy a database server that must maintain memory above 50% free at all times,r12,0.0216,0.0
Deploy a database server that must maintain memory above 50% free at all times,r13,0.1948,0.0
Deploy a database server that must maintain memory above 50% free at all times,r14,0.1362,0.0
Deploy a database server that must maintain memory above 50% free at all times,r15,0.3649,0.0
Deploy a database server that must maintain memory above 50% free at all times,r16,0.2057,0.0
Deploy a database server that must maintain memory above 50% free at all times,r17,0.203,0.0
Deploy a database server that must maintain memory above 50% free at all times,r18,0.2132,0.0
Deploy a database server that must maintain memory above 50% free at all times,r19,0.1815,0.0
Deploy a database server that must maintain memory above 50% free at all times,r20,0.2154,0.0
Deploy a database server that must maintain memory above 50% free at all times,r21,0.1815,0.0
Deploy a database server that must maintain memory above 50% free at all times,r22,0.2052,0.0
Deploy a database server that must maintain memory above 50% free at all times,r23,0.394,0.0
Deploy a database server that must maintain memory above 50% free at all times,r24,0.4151,0.0
Deploy a database server that must maintain memory above 50% free at all times,r25,0.3828,0.0
Deploy a database server that must maintain memory above 50% free at all times,r26,0.356,0.0
Deploy a database server that must maintain memory above 50% free at all times,r27,0.346,0.0
Deploy a database server that must maintain memory above 50% free at all times,r28,0.2764,0.0
Deploy a database server that must maintain memory above 50% free at all times,r29,0.3198,0.0
Deploy a database server that must maintain memory above 50% free at all times,r30,0.2764,0.0
Deploy a database server that must maintain memory above 50% free at all times,r31,0.293,0.0
Deploy a database server that must maintain memory above 50% free at all times,r32,0.6288,0.0
Deploy a database server that must maintain memory above 50% free at all times,r33,0.5883,0.0
Create a video streaming VM with protection against overheating and fan failures,r1,0.207,0.05
Create a video streaming VM with protection against overheating and fan failures,r2,0.2528,0.6
Create a video streaming VM with protection against overheating and fan failures,r3,0.2482,0.8
Create a video streaming VM with protection against overheating and fan failures,r4,0.3617,0.6
Create a video streaming VM with protection against overheating and fan failures,r5,0.3881,0.8
Create a video streaming VM with protection against overheating and fan failures,r6,0.1564,0.05
Create a video streaming VM with protection against overheating and fan failures,r7,0.3252,0.3
Create a video streaming VM with protection against overheating and fan failures,r8,0.3812,0.5
Create a video streaming VM with protection against overheating and fan failures,r9,0.3552,0.3
Create a video streaming VM with protection against overheating and fan failures,r10,0.4107,0.5
Create a video streaming VM with protection against overheating and fan failures,r11,0.1265,0.9
Create a video streaming VM with protection against overheating and fan failures,r12,0.2861,0.0
Create a video streaming VM with protection against overheating and fan failures,r13,0.4543,0.9
Create a video streaming VM with protection against overheating and fan failures,r14,0.2024,0.1
Create a video streaming VM with protection against overheating and fan failures,r15,0.2245,0.2
Create a video streaming VM with protection against overheating and fan failures,r16,0.3611,0.1
Create a video streaming VM with protection against overheating and fan failures,r17,0.1097,0.1
Create a video streaming VM with protection against overheating and fan failures,r18,0.204,0.1
Create a video streaming VM with protection against overheating and fan failures,r19,0.2806,0.1
Create a video streaming VM with protection against overheating and fan failures,r20,0.2158,0.1
Create a video streaming VM with protection against overheating and fan failures,r21,0.2806,0.1
Create a video streaming VM with protection against overheating and fan failures,r22,0.2314,0.1
Create a video streaming VM with protection against overheating and fan failures,r23,0.3813,0.05
Create a video streaming VM with protection against overheating and fan failures,r24,0.2447,0.05
Create a video streaming VM with protection against overheating and fan failures,r25,0.2067,0.05
Create a video streaming VM with protection against overheating and fan failures,r26,0.2202,0.05
Create a video streaming VM with protection against overheating and fan failures,r27,0.1644,0.05
Create a video streaming VM with protection against overheating and fan failures,r28,0.2647,0.1
Create a video streaming VM with protection against overheating and fan failures,r29,0.2258,0.1
Create a video streaming VM with protection against overheating and fan failures,r30,0.2647,0.1
Create a video streaming VM with protection against overheating and fan failures,r31,0.2341,0.1
Create a video streaming VM with protection against overheating and fan failures,r32,0.1869,0.1
Create a video streaming VM with protection against overheating and fan failures,r33,0.242,0.05
Set up a game server with zero network latency spikes and stable SSH access,r1,0.3195,0.05
Set up a game server with zero network latency spikes and stable SSH access,r2,0.3544,0.1
Set up a game server with zero network latency spikes and stable SSH access,r3,0.2911,0.1
Set up a game server with zero network latency spikes and stable SSH access,r4,0.4416,0.1
Set up a game server with zero network latency spikes and stable SSH access,r5,0.4349,0.1
Set up a game server with zero network latency spikes and stable SSH access,r6,0.1841,0.0
Set up a game server with zero network latency spikes and stable SSH access,r7,0.3972,0.1
Set up a game server with zero network latency spikes and stable SSH access,r8,0.34,0.1
Set up a game server with zero network latency spikes and stable SSH access,r9,0.3961,0.1
Set up a game server with zero network latency spikes and stable SSH access,r10,0.3874,0.1
Set up a game server with zero network latency spikes and stable SSH access,r11,0.2174,0.0
Set up a game server with zero network latency spikes and stable SSH access,r12,0.22,0.0
Set up a game server with zero network latency spikes and stable SSH access,r13,0.4886,0.0
Set up a game server with zero network latency spikes and stable SSH access,r14,0.2239,0.0
Set up a game server with zero network latency spikes and stable SSH access,r15,0.5043,0.7
Set up a game server with zero network latency spikes and stable SSH access,r16,0.4421,0.8
Set up a game server with zero network latency spikes and stable SSH access,r17,0.3896,0.8
Set up a game server with zero network latency spikes and stable SSH access,r18,0.4766,0.8
Set up a game server with zero network latency spikes and stable SSH access,r19,0.4436,0.8
Set up a game server with zero network latency spikes and stable SSH access,r20,0.4387,0.8
Set up a game server with zero network latency spikes and stable SSH access,r21,0.4436,0.8
Set up a game server with zero network latency spikes and stable SSH access,r22,0.3985,0.8
Set up a game server with zero network latency spikes and stable SSH access,r23,0.4496,0.0
Set up a game server with zero network latency spikes and stable SSH access,r24,0.3973,0.0
Set up a game server with zero network latency spikes and stable SSH access,r25,0.4147,0.0
Set up a game server with zero network latency spikes and stable SSH access,r26,0.4005,0.0
Set up a game server with zero network latency spikes and stable SSH access,r27,0.4218,0.0
Set up a game server with zero network latency spikes and stable SSH access,r28,0.4142,0.8
Set up a game server with zero network latency spikes and stable SSH access,r29,0.4333,0.8
Set up a game server with zero network latency spikes and stable SSH access,r30,0.4142,0.8
Set up a game server with zero network latency spikes and stable SSH access,r31,0.3911,0.8
Set up a game server with zero network latency spikes and stable SSH access,r32,0.3114,0.0
Set up a game server with zero network latency spikes and stable SSH access,r33,0.3678,0.0
Provision an e-commerce host with guaranteed CPU headroom below 90% utilization,r1,0.3805,0.05
Provision an e-commerce host with guaranteed CPU headroom below 90% utilization,r2,0.3907,0.6
Provision an e-commerce host with guaranteed CPU headroom below 90% utilization,r3,0.3434,0.8
Provision an e-commerce host with guaranteed CPU headroom below 90% utilization,r4,0.428,0.6
Provision an e-commerce host with guaranteed CPU headroom below 90% utilization,r5,0.3927,0.8
Provision an e-commerce host with guaranteed CPU headroom below 90% utilization,r6,0.2516,0.05
Provision an e-commerce host with guaranteed CPU headroom below 90% utilization,r7,0.4585,0.7
Provision an e-commerce host with guaranteed CPU headroom below 90% utilization,r8,0.3642,0.9
Provision an e-commerce host with guaranteed CPU headroom below 90% utilization,r9,0.4126,0.7
Provision an e-commerce host with guaranteed CPU headroom below 90% utilization,r10,0.3474,0.9
Provision an e-commerce host with guaranteed CPU headroom below 90% utilization,r11,0.239,0.05
Provision an e-commerce host with guaranteed CPU headroom below 90% utilization,r12,0.1472,0.05
Provision an e-commerce host with guaranteed CPU headroom below 90% utilization,r13,0.2333,0.05
Provision an e-commerce host with guaranteed CPU headroom below 90% utilization,r14,0.1492,0.05
Provision an e-commerce host with guaranteed CPU headroom below 90% utilization,r15,0.3502,0.05
Provision an e-commerce host with guaranteed CPU headroom below 90% utilization,r16,0.2895,0.05
Provision an e-commerce host with guaranteed CPU headroom below 90% utilization,r17,0.1608,0.05
Provision an e-commerce host with guaranteed CPU headroom below 90% utilization,r18,0.3264,0.05
Provision an e-commerce host with guaranteed CPU headroom below 90% utilization,r19,0.2518,0.05
Provision an e-commerce host with guaranteed CPU headroom below 90% utilization,r20,0.2802,0.05
Provision an e-commerce host with guaranteed CPU headroom below 90% utilization,r21,0.2518,0.05
Provision an e-commerce host with guaranteed CPU headroom below 90% utilization,r22,0.2694,0.05
Provision an e-commerce host with guaranteed CPU headroom below 90% utilization,r23,0.3702,0.05
Provision an e-commerce host with guaranteed CPU headroom below 90% utilization,r24,0.3545,0.05
Provision an e-commerce host with guaranteed CPU headroom below 90% utilization,r25,0.3364,0.05
Provision an e-commerce host with guaranteed CPU headroom below 90% utilization,r26,0.2961,0.05
Provision an e-commerce host with guaranteed CPU headroom below 90% utilization,r27,0.3051,0.05
Provision an e-commerce host with guaranteed CPU headroom below 90% utilization,r28,0.2593,0.05
Provision an e-commerce host with guaranteed CPU headroom below 90% utilization,r29,0.3053,0.05
Provision an e-commerce host with guaranteed CPU headroom below 90% utilization,r30,0.2593,0.05
Provision an e-commerce host with guaranteed CPU headroom below 90% utilization,r31,0.2691,0.05
Provision an e-commerce host with guaranteed CPU headroom below 90% utilization,r32,0.3505,0.05
Provision an e-commerce host with guaranteed CPU headroom below 90% utilization,r33,0.4061,0.05
Deploy a critical analytics server with no memory exhaustion risks,r1,0.6458,0.2
Deploy a critical analytics server with no memory exhaustion risks,r2,0.6734,0.9
Deploy a critical analytics server with no memory exhaustion risks,r3,0.7315,0.0
Deploy a critical analytics server with no memory exhaustion risks,r4,0.6748,0.9
Deploy a critical analytics server with no memory exhaustion risks,r5,0.8456,0.0
Deploy a critical analytics server with no memory exhaustion risks,r6,0.2046,0.2
Deploy a critical analytics server with no memory exhaustion risks,r7,0.5158,0.5
Deploy a critical analytics server with no memory exhaustion risks,r8,0.5706,0.7
Deploy a critical analytics server with no memory exhaustion risks,r9,0.5378,0.5
Deploy a critical analytics server with no memory exhaustion risks,r10,0.642,0.7
Deploy a critical analytics server with no memory exhaustion risks,r11,0.1652,0.1
Deploy a critical analytics server with no memory exhaustion risks,r12,0.2158,0.3
Deploy a critical analytics server with no memory exhaustion risks,r13,0.3646,0.1
Deploy a critical analytics server with no memory exhaustion risks,r14,0.2406,0.1
Deploy a critical analytics server with no memory exhaustion risks,r15,0.364,0.0
Deploy a critical analytics server with no memory exhaustion risks,r16,0.5014,0.0
Deploy a critical analytics server with no memory exhaustion risks,r17,0.1408,0.0
Deploy a critical analytics server with no memory exhaustion risks,r18,0.2322,0.0
Deploy a critical analytics server with no memory exhaustion risks,r19,0.2855,0.0
Deploy a critical analytics server with no memory exhaustion risks,r20,0.2757,0.0
Deploy a critical analytics server with no memory exhaustion risks,r21,0.2855,0.0
Deploy a critical analytics server with no memory exhaustion risks,r22,0.292,0.0
Deploy a critical analytics server with no memory exhaustion risks,r23,0.4637,0.0
Deploy a critical analytics server with no memory exhaustion risks,r24,0.4277,0.0
Deploy a critical analytics server with no memory exhaustion risks,r25,0.3618,0.0
Deploy a critical analytics server with no memory exhaustion risks,r26,0.3673,0.0
Deploy a critical analytics server with no memory exhaustion risks,r27,0.2836,0.0
Deploy a critical analytics server with no memory exhaustion risks,r28,0.3529,0.0
Deploy a critical analytics server with no memory exhaustion risks,r29,0.3569,0.0
Deploy a critical analytics server with no memory exhaustion risks,r30,0.3529,0.0
Deploy a critical analytics server with no memory exhaustion risks,r31,0.3508,0.0
Deploy a critical analytics server with no memory exhaustion risks,r32,0.68,0.8
Deploy a critical analytics server with no memory exhaustion risks,r33,0.6128,0.0
Create a high-security server with MTU 1500 enforcement and gateway monitoring,r1,0.1445,0.0
Create a high-security server with MTU 1500 enforcement and gateway monitoring,r2,0.1847,0.0
Create a high-security server with MTU 1500 enforcement and gateway monitoring,r3,0.1548,0.0
Create a high-security server with MTU 1500 enforcement and gateway monitoring,r4,0.2661,0.0
Create a high-security server with MTU 1500 enforcement and gateway monitoring,r5,0.2934,0.0
Create a high-security server with MTU 1500 enforcement and gateway monitoring,r6,0.0914,0.0
Create a high-security server with MTU 1500 enforcement and gateway monitoring,r7,0.2964,0.0
Create a high-security server with MTU 1500 enforcement and gateway monitoring,r8,0.2996,0.0
Create a high-security server with MTU 1500 enforcement and gateway monitoring,r9,0.2974,0.0
Create a high-security server with MTU 1500 enforcement and gateway monitoring,r10,0.3234,0.0
Create a high-security server with MTU 1500 enforcement and gateway monitoring,r11,0.1007,0.0
Create a high-security server with MTU 1500 enforcement and gateway monitoring,r12,0.1148,0.0
Create a high-security server with MTU 1500 enforcement and gateway monitoring,r13,0.2628,0.0
Create a high-security server with MTU 1500 enforcement and gateway monitoring,r14,0.0869,0.0
Create a high-security server with MTU 1500 enforcement and gateway monitoring,r15,0.3211,0.0
Create a high-security server with MTU 1500 enforcement and gateway monitoring,r16,0.3554,0.8
Create a high-security server with MTU 1500 enforcement and gateway monitoring,r17,0.2308,0.9
Create a high-security server with MTU 1500 enforcement and gateway monitoring,r18,0.3301,0.0
Create a high-security server with MTU 1500 enforcement and gateway monitoring,r19,0.3081,0.0
Create a high-security server with MTU 1500 enforcement and gateway monitoring,r20,0.257,0.0
Create a high-security server with MTU 1500 enforcement and gateway monitoring,r21,0.3081,0.0
Create a high-security server with MTU 1500 enforcement and gateway monitoring,r22,0.2194,0.0
Create a high-security server with MTU 1500 enforcement and gateway monitoring,r23,0.3223,0.0
Create a high-security server with MTU 1500 enforcement and gateway monitoring,r24,0.378,0.0
Create a high-security server with MTU 1500 enforcement and gateway monitoring,r25,0.3548,0.0
Create a high-security server with MTU 1500 enforcement and gateway monitoring,r26,0.3965,0.0
Create a high-security server with MTU 1500 enforcement and gateway monitoring,r27,0.3156,0.0
Create a high-security server with MTU 1500 enforcement and gateway monitoring,r28,0.3555,0.0
Create a high-security server with MTU 1500 enforcement and gateway monitoring,r29,0.3417,0.0
Create a high-security server with MTU 1500 enforcement and gateway monitoring,r30,0.3555,0.0
Create a high-security server with MTU 1500 enforcement and gateway monitoring,r31,0.3055,0.0
Create a high-security server with MTU 1500 enforcement and gateway monitoring,r32,0.1758,0.0
Create a high-security server with MTU 1500 enforcement and gateway monitoring,r33,0.2944,0.0
Implement a financial trading system with network interface stability guarantees,r1,0.3846,0.05
Implement a financial trading system with network interface stability guarantees,r2,0.3666,0.1
Implement a financial trading system with network interface stability guarantees,r3,0.3446,0.1
Implement a financial trading system with network interface stability guarantees,r4,0.3549,0.1
Implement a financial trading system with network interface stability guarantees,r5,0.328,0.1
Implement a financial trading system with network interface stability guarantees,r6,0.0977,0.0
Implement a financial trading system with network interface stability guarantees,r7,0.2208,0.2
Implement a financial trading system with network interface stability guarantees,r8,0.2583,0.2
Implement a financial trading system with network interface stability guarantees,r9,0.1833,0.2
Implement a financial trading system with network interface stability guarantees,r10,0.2268,0.2
Implement a financial trading system with network interface stability guarantees,r11,0.1501,0.0
Implement a financial trading system with network interface stability guarantees,r12,0.1397,0.0
Implement a financial trading system with network interface stability guarantees,r13,0.2775,0.0
Implement a financial trading system with network interface stability guarantees,r14,0.0568,0.0
Implement a financial trading system with network interface stability guarantees,r15,0.2652,0.7
Implement a financial trading system with network interface stability guarantees,r16,0.4008,0.8
Implement a financial trading system with network interface stability guarantees,r17,0.3078,0.7
Implement a financial trading system with network interface stability guarantees,r18,0.473,0.9
Implement a financial trading system with network interface stability guarantees,r19,0.3693,0.8
Implement a financial trading system with network interface stability guarantees,r20,0.4202,0.8
Implement a financial trading system with network interface stability guarantees,r21,0.3693,0.8
Implement a financial trading system with network interface stability guarantees,r22,0.3824,0.8
Implement a financial trading system with network interface stability guarantees,r23,0.479,0.5
Implement a financial trading system with network interface stability guarantees,r24,0.443,0.5
Implement a financial trading system with network interface stability guarantees,r25,0.4082,0.5
Implement a financial trading system with network interface stability guarantees,r26,0.4084,0.5
Implement a financial trading system with network interface stability guarantees,r27,0.3761,0.5
Implement a financial trading system with network interface stability guarantees,r28,0.4165,0.8
Implement a financial trading system with network interface stability guarantees,r29,0.4607,0.8
Implement a financial trading system with network interface stability guarantees,r30,0.4165,0.8
Implement a financial trading system with network interface stability guarantees,r31,0.42,0.8
Implement a financial trading system with network interface stability guarantees,r32,0.342,0.4
Implement a financial trading system with network interface stability guarantees,r33,0.4495,0.5
Build a IoT edge node with temperature controls and fan speed safeguards,r1,0.1886,0.0
Build a IoT edge node with temperature controls and fan speed safeguards,r2,0.2201,0.3
Build a IoT edge node with temperature controls and fan speed safeguards,r3,0.2388,0.5
Build a IoT edge node with temperature controls and fan speed safeguards,r4,0.3155,0.0
Build a IoT edge node with temperature controls and fan speed safeguards,r5,0.3971,0.3
Build a IoT edge node with temperature controls and fan speed safeguards,r6,0.0633,0.0
Build a IoT edge node with temperature controls and fan speed safeguards,r7,0.3387,0.0
Build a IoT edge node with temperature controls and fan speed safeguards,r8,0.359,0.0
Build a IoT edge node with temperature controls and fan speed safeguards,r9,0.3497,0.0
Build a IoT edge node with temperature controls and fan speed safeguards,r10,0.4235,0.0
Build a IoT edge node with temperature controls and fan speed safeguards,r11,0.2668,0.9
Build a IoT edge node with temperature controls and fan speed safeguards,r12,0.281,0.0
Build a IoT edge node with temperature controls and fan speed safeguards,r13,0.562,0.8
Build a IoT edge node with temperature controls and fan speed safeguards,r14,0.1089,0.0
Build a IoT edge node with temperature controls and fan speed safeguards,r15,0.2633,0.0
Build a IoT edge node with temperature controls and fan speed safeguards,r16,0.4587,0.0
Build a IoT edge node with temperature controls and fan speed safeguards,r17,0.1865,0.0
Build a IoT edge node with temperature controls and fan speed safeguards,r18,0.3225,0.0
Build a IoT edge node with temperature controls and fan speed safeguards,r19,0.2851,0.0
Build a IoT edge node with temperature controls and fan speed safeguards,r20,0.2804,0.0
Build a IoT edge node with temperature controls and fan speed safeguards,r21,0.2851,0.0
Build a IoT edge node with temperature controls and fan speed safeguards,r22,0.2536,0.0
Build a IoT edge node with temperature controls and fan speed safeguards,r23,0.3936,0.0
Build a IoT edge node with temperature controls and fan speed safeguards,r24,0.3285,0.0
Build a IoT edge node with temperature controls and fan speed safeguards,r25,0.331,0.0
Build a IoT edge node with temperature controls and fan speed safeguards,r26,0.3776,0.0
Build a IoT edge node with temperature controls and fan speed safeguards,r27,0.2865,0.0
Build a IoT edge node with temperature controls and fan speed safeguards,r28,0.3363,0.0
Build a IoT edge node with temperature controls and fan speed safeguards,r29,0.3434,0.0
Build a IoT edge node with temperature controls and fan speed safeguards,r30,0.3363,0.0
Build a IoT edge node with temperature controls and fan speed safeguards,r31,0.3086,0.0
Build a IoT edge node with temperature controls and fan speed safeguards,r32,0.2132,0.3
Build a IoT edge node with temperature controls and fan speed safeguards,r33,0.29,0.0
Deploy a machine learning host protected against CPU overload scenarios,r1,0.3396,0.0
Deploy a machine learning host protected against CPU overload scenarios,r2,0.3845,0.6
Deploy a machine learning host protected against CPU overload scenarios,r3,0.3837,0.8
Deploy a machine learning host protected against CPU overload scenarios,r4,0.521,0.6
Deploy a machine learning host protected against CPU overload scenarios,r5,0.6145,0.8
Deploy a machine learning host protected against CPU overload scenarios,r6,0.214,0.0
Deploy a machine learning host protected against CPU overload scenarios,r7,0.6613,0.7
Deploy a machine learning host protected against CPU overload scenarios,r8,0.5799,0.9
Deploy a machine learning host protected against CPU overload scenarios,r9,0.744,0.7
Deploy a machine learning host protected against CPU overload scenarios,r10,0.7402,0.9
Deploy a machine learning host protected against CPU overload scenarios,r11,0.126,0.0
Deploy a machine learning host protected against CPU overload scenarios,r12,0.129,0.0
Deploy a machine learning host protected against CPU overload scenarios,r13,0.3115,0.0
Deploy a machine learning host protected against CPU overload scenarios,r14,0.1682,0.0
Deploy a machine learning host protected against CPU overload scenarios,r15,0.45,0.0
Deploy a machine learning host protected against CPU overload scenarios,r16,0.4281,0.0
Deploy a machine learning host protected against CPU overload scenarios,r17,0.1327,0.0
Deploy a machine learning host protected against CPU overload scenarios,r18,0.2269,0.0
Deploy a machine learning host protected against CPU overload scenarios,r19,0.3393,0.0
Deploy a machine learning host protected against CPU overload scenarios,r20,0.2894,0.0
Deploy a machine learning host protected against CPU overload scenarios,r21,0.3393,0.0
Deploy a machine learning host protected against CPU overload scenarios,r22,0.3081,0.0
Deploy a machine learning host protected against CPU overload scenarios,r23,0.4187,0.0
Deploy a machine learning host protected against CPU overload scenarios,r24,0.4217,0.0
Deploy a machine learning host protected against CPU overload scenarios,r25,0.3784,0.0
Deploy a machine learning host protected against CPU overload scenarios,r26,0.4499,0.0
Deploy a machine learning host protected against CPU overload scenarios,r27,0.3196,0.0
Deploy a machine learning host protected against CPU overload scenarios,r28,0.4079,0.0
Deploy a machine learning host protected against CPU overload scenarios,r29,0.4071,0.0
Deploy a machine learning host protected against CPU overload scenarios,r30,0.4079,0.0
Deploy a machine learning host protected against CPU overload scenarios,r31,0.3933,0.0
Deploy a machine learning host protected against CPU overload scenarios,r32,0.4617,0.0
Deploy a machine learning host protected against CPU overload scenarios,r33,0.5011,0.0
Setup a reverse proxy with DPDK buffer protection and IP fragment security,r1,0.321,0.0
Setup a reverse proxy with DPDK buffer protection and IP fragment security,r2,0.3571,0.0
Setup a reverse proxy with DPDK buffer protection and IP fragment security,r3,0.2913,0.0
Setup a reverse proxy with DPDK buffer protection and IP fragment security,r4,0.4502,0.0
Setup a reverse proxy with DPDK buffer protection and IP fragment security,r5,0.3847,0.0
Setup a reverse proxy with DPDK buffer protection and IP fragment security,r6,-0.0269,0.0
Setup a reverse proxy with DPDK buffer protection and IP fragment security,r7,0.0695,0.0
Setup a reverse proxy with DPDK buffer protection and IP fragment security,r8,0.0742,0.0
Setup a reverse proxy with DPDK buffer protection and IP fragment security,r9,0.1279,0.0
Setup a reverse proxy with DPDK buffer protection and IP fragment security,r10,0.1781,0.0
Setup a reverse proxy with DPDK buffer protection and IP fragment security,r11,0.0128,0.0
Setup a reverse proxy with DPDK buffer protection and IP fragment security,r12,-0.001,0.0
Setup a reverse proxy with DPDK buffer protection and IP fragment security,r13,-0.0161,0.0
Setup a reverse proxy with DPDK buffer protection and IP fragment security,r14,0.0316,0.0
Setup a reverse proxy with DPDK buffer protection and IP fragment security,r15,0.3755,0.0
Setup a reverse proxy with DPDK buffer protection and IP fragment security,r16,0.1727,0.0
Setup a reverse proxy with DPDK buffer protection and IP fragment security,r17,0.1059,0.0
Setup a reverse proxy with DPDK buffer protection and IP fragment security,r18,0.0936,0.0
Setup a reverse proxy with DPDK buffer protection and IP fragment security,r19,0.09,0.0
Setup a reverse proxy with DPDK buffer protection and IP fragment security,r20,0.0921,0.0
Setup a reverse proxy with DPDK buffer protection and IP fragment security,r21,0.09,0.0
Setup a reverse proxy with DPDK buffer protection and IP fragment security,r22,0.1086,0.0
Setup a reverse proxy with DPDK buffer protection and IP fragment security,r23,0.4977,0.85
Setup a reverse proxy with DPDK buffer protection and IP fragment security,r24,0.4618,0.75
Setup a reverse proxy with DPDK buffer protection and IP fragment security,r25,0.4294,0.9
Setup a reverse proxy with DPDK buffer protection and IP fragment security,r26,0.4872,0.8
Setup a reverse proxy with DPDK buffer protection and IP fragment security,r27,0.3406,0.7
Setup a reverse proxy with DPDK buffer protection and IP fragment security,r28,0.4099,0.0
Setup a reverse proxy with DPDK buffer protection and IP fragment security,r29,0.3635,0.0
Setup a reverse proxy with DPDK buffer protection and IP fragment security,r30,0.4099,0.0
Setup a reverse proxy with DPDK buffer protection and IP fragment security,r31,0.3867,0.0
Setup a reverse proxy with DPDK buffer protection and IP fragment security,r32,0.5175,0.65
Setup a reverse proxy with DPDK buffer protection and IP fragment security,r33,0.579,0.85
Create a Kubernetes master node with network error rate monitoring,r1,0.266,0.05
Create a Kubernetes master node with network error rate monitoring,r2,0.3081,0.3
Create a Kubernetes master node with network error rate monitoring,r3,0.2038,0.4
Create a Kubernetes master node with network error rate monitoring,r4,0.4277,0.3
Create a Kubernetes master node with network error rate monitoring,r5,0.3265,0.4
Create a Kubernetes master node with network error rate monitoring,r6,0.0442,0.05
Create a Kubernetes master node with network error rate monitoring,r7,0.2401,0.2
Create a Kubernetes master node with network error rate monitoring,r8,0.2085,0.3
Create a Kubernetes master node with network error rate monitoring,r9,0.2645,0.2
Create a Kubernetes master node with network error rate monitoring,r10,0.2764,0.3
Create a Kubernetes master node with network error rate monitoring,r11,0.0965,0.1
Create a Kubernetes master node with network error rate monitoring,r12,0.0961,0.2
Create a Kubernetes master node with network error rate monitoring,r13,0.2884,0.1
Create a Kubernetes master node with network error rate monitoring,r14,0.1004,0.05
Create a Kubernetes master node with network error rate monitoring,r15,0.3725,0.6
Create a Kubernetes master node with network error rate monitoring,r16,0.4503,0.7
Create a Kubernetes master node with network error rate monitoring,r17,0.4444,0.6
Create a Kubernetes master node with network error rate monitoring,r18,0.4946,0.7
Create a Kubernetes master node with network error rate monitoring,r19,0.5834,0.8
Create a Kubernetes master node with network error rate monitoring,r20,0.4903,0.8
Create a Kubernetes master node with network error rate monitoring,r21,0.5834,0.8
Create a Kubernetes master node with network error rate monitoring,r22,0.4745,0.8
Create a Kubernetes master node with network error rate monitoring,r23,0.6022,0.5
Create a Kubernetes master node with network error rate monitoring,r24,0.6351,0.5
Create a Kubernetes master node with network error rate monitoring,r25,0.6465,0.5
Create a Kubernetes master node with network error rate monitoring,r26,0.6721,0.5
Create a Kubernetes master node with network error rate monitoring,r27,0.6134,0.5
Create a Kubernetes master node with network error rate monitoring,r28,0.7182,0.8
Create a Kubernetes master node with network error rate monitoring,r29,0.6589,0.8
Create a Kubernetes master node with network error rate monitoring,r30,0.7182,0.8
Create a Kubernetes master node with network error rate monitoring,r31,0.6334,0.8
Create a Kubernetes master node with network error rate monitoring,r32,0.3609,0.4
Create a Kubernetes master node with network error rate monitoring,r33,0.5862,0.5
Setup a blockchain node with DPDK network safeguards and CPU headroom,r1,0.3395,0.05
Setup a blockchain node with DPDK network safeguards and CPU headroom,r2,0.3717,0.3
Setup a blockchain node with DPDK network safeguards and CPU headroom,r3,0.326,0.4
Setup a blockchain node with DPDK network safeguards and CPU headroom,r4,0.4454,0.3
Setup a blockchain node with DPDK network safeguards and CPU headroom,r5,0.4179,0.4
Setup a blockchain node with DPDK network safeguards and CPU headroom,r6,0.1829,0.05
Setup a blockchain node with DPDK network safeguards and CPU headroom,r7,0.3722,0.6
Setup a blockchain node with DPDK network safeguards and CPU headroom,r8,0.3173,0.7
Setup a blockchain node with DPDK network safeguards and CPU headroom,r9,0.3578,0.6
Setup a blockchain node with DPDK network safeguards and CPU headroom,r10,0.3426,0.7
Setup a blockchain node with DPDK network safeguards and CPU headroom,r11,0.1698,0.05
Setup a blockchain node with DPDK network safeguards and CPU headroom,r12,0.1414,0.1
Setup a blockchain node with DPDK network safeguards and CPU headroom,r13,0.1966,0.1
Setup a blockchain node with DPDK network safeguards and CPU headroom,r14,0.1483,0.05
Setup a blockchain node with DPDK network safeguards and CPU headroom,r15,0.4387,0.05
Setup a blockchain node with DPDK network safeguards and CPU headroom,r16,0.4156,0.2
Setup a blockchain node with DPDK network safeguards and CPU headroom,r17,0.2581,0.05
Setup a blockchain node with DPDK network safeguards and CPU headroom,r18,0.3703,0.2
Setup a blockchain node with DPDK network safeguards and CPU headroom,r19,0.354,0.8
Setup a blockchain node with DPDK network safeguards and CPU headroom,r20,0.3662,0.8
Setup a blockchain node with DPDK network safeguards and CPU headroom,r21,0.354,0.8
Setup a blockchain node with DPDK network safeguards and CPU headroom,r22,0.3664,0.8
Setup a blockchain node with DPDK network safeguards and CPU headroom,r23,0.5738,0.9
Setup a blockchain node with DPDK network safeguards and CPU headroom,r24,0.5523,0.9
Setup a blockchain node with DPDK network safeguards and CPU headroom,r25,0.5047,0.9
Setup a blockchain node with DPDK network safeguards and CPU headroom,r26,0.5471,0.8
Setup a blockchain node with DPDK network safeguards and CPU headroom,r27,0.4502,0.8
Setup a blockchain node with DPDK network safeguards and CPU headroom,r28,0.4921,0.8
Setup a blockchain node with DPDK network safeguards and CPU headroom,r29,0.5284,0.8
Setup a blockchain node with DPDK network safeguards and CPU headroom,r30,0.4921,0.8
Setup a blockchain node with DPDK network safeguards and CPU headroom,r31,0.5039,0.8
Setup a blockchain node with DPDK network safeguards and CPU headroom,r32,0.4847,0.9
Setup a blockchain node with DPDK network safeguards and CPU headroom,r33,0.592,0.9
Implement a real-time streaming service with RX/TX error prevention,r1,0.3104,0.05
Implement a real-time streaming service with RX/TX error prevention,r2,0.3455,0.1
Implement a real-time streaming service with RX/TX error prevention,r3,0.3997,0.1
Implement a real-time streaming service with RX/TX error prevention,r4,0.362,0.1
Implement a real-time streaming service with RX/TX error prevention,r5,0.4615,0.1
Implement a real-time streaming service with RX/TX error prevention,r6,0.1122,0.0
Implement a real-time streaming service with RX/TX error prevention,r7,0.2008,0.1
Implement a real-time streaming service with RX/TX error prevention,r8,0.3029,0.1
Implement a real-time streaming service with RX/TX error prevention,r9,0.2051,0.1
Implement a real-time streaming service with RX/TX error prevention,r10,0.3307,0.1
Implement a real-time streaming service with RX/TX error prevention,r11,0.1519,0.0
Implement a real-time streaming service with RX/TX error prevention,r12,0.1969,0.0
Implement a real-time streaming service with RX/TX error prevention,r13,0.3941,0.0
Implement a real-time streaming service with RX/TX error prevention,r14,0.1932,0.0
Implement a real-time streaming service with RX/TX error prevention,r15,0.1984,0.0
Implement a real-time streaming service with RX/TX error prevention,r16,0.4278,0.7
Implement a real-time streaming service with RX/TX error prevention,r17,0.0862,0.0
Implement a real-time streaming service with RX/TX error prevention,r18,0.1984,0.7
Implement a real-time streaming service with RX/TX error prevention,r19,0.277,0.9
Implement a real-time streaming service with RX/TX error prevention,r20,0.2596,0.9
Implement a real-time streaming service with RX/TX error prevention,r21,0.277,0.9
Implement a real-time streaming service with RX/TX error prevention,r22,0.2584,0.9
Implement a real-time streaming service with RX/TX error prevention,r23,0.3506,0.5
Implement a real-time streaming service with RX/TX error prevention,r24,0.288,0.5
Implement a real-time streaming service with RX/TX error prevention,r25,0.3206,0.5
Implement a real-time streaming service with RX/TX error prevention,r26,0.2981,0.5
Implement a real-time streaming service with RX/TX error prevention,r27,0.2666,0.5
Implement a real-time streaming service with RX/TX error prevention,r28,0.3562,0.9
Implement a real-time streaming service with RX/TX error prevention,r29,0.3494,0.9
Implement a real-time streaming service with RX/TX error prevention,r30,0.3562,0.9
Implement a real-time streaming service with RX/TX error prevention,r31,0.338,0.9
Implement a real-time streaming service with RX/TX error prevention,r32,0.3595,0.5
Implement a real-time streaming service with RX/TX error prevention,r33,0.409,0.5
Deploy a high-frequency trading system with zero packet drops,r1,0.4173,0.05
Deploy a high-frequency trading system with zero packet drops,r2,0.4531,0.1
Deploy a high-frequency trading system with zero packet drops,r3,0.3984,0.1
Deploy a high-frequency trading system with zero packet drops,r4,0.4039,0.1
Deploy a high-frequency trading system with zero packet drops,r5,0.3632,0.1
Deploy a high-frequency trading system with zero packet drops,r6,0.353,0.05
Deploy a high-frequency trading system with zero packet drops,r7,0.3406,0.2
Deploy a high-frequency trading system with zero packet drops,r8,0.3638,0.2
Deploy a high-frequency trading system with zero packet drops,r9,0.2564,0.2
Deploy a high-frequency trading system with zero packet drops,r10,0.2922,0.2
Deploy a high-frequency trading system with zero packet drops,r11,0.3669,0.05
Deploy a high-frequency trading system with zero packet drops,r12,0.3437,0.05
Deploy a high-frequency trading system with zero packet drops,r13,0.4096,0.4
Deploy a high-frequency trading system with zero packet drops,r14,0.3284,0.05
Deploy a high-frequency trading system with zero packet drops,r15,0.2497,0.0
Deploy a high-frequency trading system with zero packet drops,r16,0.4455,0.7
Deploy a high-frequency trading system with zero packet drops,r17,0.5069,0.1
Deploy a high-frequency trading system with zero packet drops,r18,0.5621,0.7
Deploy a high-frequency trading system with zero packet drops,r19,0.4793,0.8
Deploy a high-frequency trading system with zero packet drops,r20,0.636,0.9
Deploy a high-frequency trading system with zero packet drops,r21,0.4793,0.8
Deploy a high-frequency trading system with zero packet drops,r22,0.5651,0.9
Deploy a high-frequency trading system with zero packet drops,r23,0.442,0.5
Deploy a high-frequency trading system with zero packet drops,r24,0.3775,0.5
Deploy a high-frequency trading system with zero packet drops,r25,0.3223,0.5
Deploy a high-frequency trading system with zero packet drops,r26,0.3183,0.5
Deploy a high-frequency trading system with zero packet drops,r27,0.3069,0.5
Deploy a high-frequency trading system with zero packet drops,r28,0.3487,0.8
Deploy a high-frequency trading system with zero packet drops,r29,0.4639,0.9
Deploy a high-frequency trading system with zero packet drops,r30,0.3487,0.8
Deploy a high-frequency trading system with zero packet drops,r31,0.4165,0.9
Deploy a high-frequency trading system with zero packet drops,r32,0.3349,0.4
Deploy a high-frequency trading system with zero packet drops,r33,0.3768,0.5
Create an AI inference server with memory buffer monitoring,r1,0.6537,0.1
Create an AI inference server with memory buffer monitoring,r2,0.6489,0.8
Create an AI inference server with memory buffer monitoring,r3,0.5247,0.9
Create an AI inference server with memory buffer monitoring,r4,0.7164,0.8
Create an AI inference server with memory buffer monitoring,r5,0.6176,0.9
Create an AI inference server with memory buffer monitoring,r6,0.1075,0.2
Create an AI inference server with memory buffer monitoring,r7,0.3307,0.3
Create an AI inference server with memory buffer monitoring,r8,0.2474,0.4
Create an AI inference server with memory buffer monitoring,r9,0.3783,0.3
Create an AI inference server with memory buffer monitoring,r10,0.3186,0.4
Create an AI inference server with memory buffer monitoring,r11,0.0407,0.1
Create an AI inference server with memory buffer monitoring,r12,-0.0108,0.2
Create an AI inference server with memory buffer monitoring,r13,0.1768,0.1
Create an AI inference server with memory buffer monitoring,r14,0.1196,0.1
Create an AI inference server with memory buffer monitoring,r15,0.4321,0.1
Create an AI inference server with memory buffer monitoring,r16,0.2155,0.1
Create an AI inference server with memory buffer monitoring,r17,0.1304,0.1
Create an AI inference server with memory buffer monitoring,r18,0.2204,0.1
Create an AI inference server with memory buffer monitoring,r19,0.2121,0.1
Create an AI inference server with memory buffer monitoring,r20,0.201,0.1
Create an AI inference server with memory buffer monitoring,r21,0.2121,0.1
Create an AI inference server with memory buffer monitoring,r22,0.1808,0.1
Create an AI inference server with memory buffer monitoring,r23,0.4436,0.5
Create an AI inference server with memory buffer monitoring,r24,0.5077,0.6
Create an AI inference server with memory buffer monitoring,r25,0.4426,0.5
Create an AI inference server with memory buffer monitoring,r26,0.434,0.1
Create an AI inference server with memory buffer monitoring,r27,0.3546,0.1
Create an AI inference server with memory buffer monitoring,r28,0.3653,0.1
Create an AI inference server with memory buffer monitoring,r29,0.374,0.1
Create an AI inference server with memory buffer monitoring,r30,0.3653,0.1
Create an AI inference server with memory buffer monitoring,r31,0.3345,0.1
Create an AI inference server with memory buffer monitoring,r32,0.6639,0.7
Create an AI inference server with memory buffer monitoring,r33,0.6969,0.6
Provision a medical imaging with guaranteed CPU availability,r1,0.3325,0.05
Provision a medical imaging with guaranteed CPU availability,r2,0.3595,0.75
Provision a medical imaging with guaranteed CPU availability,r3,0.3399,0.9
Provision a medical imaging with guaranteed CPU availability,r4,0.4209,0.75
Provision a medical imaging with guaranteed CPU availability,r5,0.4636,0.9
Provision a medical imaging with guaranteed CPU availability,r6,0.168,0.05
Provision a medical imaging with guaranteed CPU availability,r7,0.4602,0.8
Provision a medical imaging with guaranteed CPU availability,r8,0.3413,0.95
Provision a medical imaging with guaranteed CPU availability,r9,0.4384,0.8
Provision a medical imaging with guaranteed CPU availability,r10,0.4185,0.95
Provision a medical imaging with guaranteed CPU availability,r11,0.2235,0.05
Provision a medical imaging with guaranteed CPU availability,r12,0.1251,0.1
Provision a medical imaging with guaranteed CPU availability,r13,0.2574,0.1
Provision a medical imaging with guaranteed CPU availability,r14,0.2211,0.1
Provision a medical imaging with guaranteed CPU availability,r15,0.3597,0.05
Provision a medical imaging with guaranteed CPU availability,r16,0.2975,0.05
Provision a medical imaging with guaranteed CPU availability,r17,0.112,0.05
Provision a medical imaging with guaranteed CPU availability,r18,0.2515,0.05
Provision a medical imaging with guaranteed CPU availability,r19,0.2274,0.05
Provision a medical imaging with guaranteed CPU availability,r20,0.2372,0.05
Provision a medical imaging with guaranteed CPU availability,r21,0.2274,0.05
Provision a medical imaging with guaranteed CPU availability,r22,0.2112,0.05
Provision a medical imaging with guaranteed CPU availability,r23,0.3611,0.05
Provision a medical imaging with guaranteed CPU availability,r24,0.338,0.05
Provision a medical imaging with guaranteed CPU availability,r25,0.366,0.05
Provision a medical imaging with guaranteed CPU availability,r26,0.3447,0.05
Provision a medical imaging with guaranteed CPU availability,r27,0.3248,0.05
Provision a medical imaging with guaranteed CPU availability,r28,0.2878,0.05
Provision a medical imaging with guaranteed CPU availability,r29,0.3157,0.05
Provision a medical imaging with guaranteed CPU availability,r30,0.2878,0.05
Provision a medical imaging with guaranteed CPU availability,r31,0.2607,0.05
Provision a medical imaging with guaranteed CPU availability,r32,0.3907,0.1
Provision a medical imaging with guaranteed CPU availability,r33,0.3958,0.05
Setup a DNS server with ARP consistency and MTU compliance,r1,0.263,0.0
Setup a DNS server with ARP consistency and MTU compliance,r2,0.2567,0.0
Setup a DNS server with ARP consistency and MTU compliance,r3,0.1632,0.0
Setup a DNS server with ARP consistency and MTU compliance,r4,0.3492,0.0
Setup a DNS server with ARP consistency and MTU compliance,r5,0.2726,0.0
Setup a DNS server with ARP consistency and MTU compliance,r6,0.0088,0.0
Setup a DNS server with ARP consistency and MTU compliance,r7,0.2052,0.0
Setup a DNS server with ARP consistency and MTU compliance,r8,0.1258,0.0
Setup a DNS server with ARP consistency and MTU compliance,r9,0.241,0.0
Setup a DNS server with ARP consistency and MTU compliance,r10,0.1854,0.0
Setup a DNS server with ARP consistency and MTU compliance,r11,0.0623,0.0
Setup a DNS server with ARP consistency and MTU compliance,r12,-0.0008,0.0
Setup a DNS server with ARP consistency and MTU compliance,r13,0.2144,0.0
Setup a DNS server with ARP consistency and MTU compliance,r14,0.0257,0.0
Setup a DNS server with ARP consistency and MTU compliance,r15,0.3134,0.0
Setup a DNS server with ARP consistency and MTU compliance,r16,0.1929,0.8
Setup a DNS server with ARP consistency and MTU compliance,r17,0.2712,0.7
Setup a DNS server with ARP consistency and MTU compliance,r18,0.3242,0.0
Setup a DNS server with ARP consistency and MTU compliance,r19,0.2933,0.0
Setup a DNS server with ARP consistency and MTU compliance,r20,0.2239,0.0
Setup a DNS server with ARP consistency and MTU compliance,r21,0.2933,0.0
Setup a DNS server with ARP consistency and MTU compliance,r22,0.1768,0.0
Setup a DNS server with ARP consistency and MTU compliance,r23,0.3304,0.0
Setup a DNS server with ARP consistency and MTU compliance,r24,0.4008,0.0
Setup a DNS server with ARP consistency and MTU compliance,r25,0.4397,0.0
Setup a DNS server with ARP consistency and MTU compliance,r26,0.3967,0.0
Setup a DNS server with ARP consistency and MTU compliance,r27,0.4474,0.0
Setup a DNS server with ARP consistency and MTU compliance,r28,0.422,0.0
Setup a DNS server with ARP consistency and MTU compliance,r29,0.3463,0.0
Setup a DNS server with ARP consistency and MTU compliance,r30,0.422,0.0
Setup a DNS server with ARP consistency and MTU compliance,r31,0.3127,0.0
Setup a DNS server with ARP consistency and MTU compliance,r32,0.2724,0.0
Setup a DNS server with ARP consistency and MTU compliance,r33,0.4009,0.0
I want to deploy a IoT gateway that has at least 16GB of RAM and no packet loss allowed,r1,0.6855,0.05
I want to deploy a IoT gateway that has at least 16GB of RAM and no packet loss allowed,r2,0.6804,0.8
I want to deploy a IoT gateway that has at least 16GB of RAM and no packet loss allowed,r3,0.5427,0.9
I want to deploy a IoT gateway that has at least 16GB of RAM and no packet loss allowed,r4,0.732,0.8
I want to deploy a IoT gateway that has at least 16GB of RAM and no packet loss allowed,r5,0.6208,0.9
I want to deploy a IoT gateway that has at least 16GB of RAM and no packet loss allowed,r6,0.0688,0.05
I want to deploy a IoT gateway that has at least 16GB of RAM and no packet loss allowed,r7,0.3151,0.2
I want to deploy a IoT gateway that has at least 16GB of RAM and no packet loss allowed,r8,0.217,0.3
I want to deploy a IoT gateway that has at least 16GB of RAM and no packet loss allowed,r9,0.3842,0.2
I want to deploy a IoT gateway that has at least 16GB of RAM and no packet loss allowed,r10,0.3326,0.3
I want to deploy a IoT gateway that has at least 16GB of RAM and no packet loss allowed,r11,0.0444,0.1
I want to deploy a IoT gateway that has at least 16GB of RAM and no packet loss allowed,r12,-0.0242,0.2
I want to deploy a IoT gateway that has at least 16GB of RAM and no packet loss allowed,r13,0.1278,0.1
I want to deploy a IoT gateway that has at least 16GB of RAM and no packet loss allowed,r14,0.1304,0.05
I want to deploy a IoT gateway that has at least 16GB of RAM and no packet loss allowed,r15,0.4669,0.0
I want to deploy a IoT gateway that has at least 16GB of RAM and no packet loss allowed,r16,0.2642,0.7
I want to deploy a IoT gateway that has at least 16GB of RAM and no packet loss allowed,r17,0.1726,0.0
I want to deploy a IoT gateway that has at least 16GB of RAM and no packet loss allowed,r18,0.2232,0.7
I want to deploy a IoT gateway that has at least 16GB of RAM and no packet loss allowed,r19,0.2509,0.9
I want to deploy a IoT gateway that has at least 16GB of RAM and no packet loss allowed,r20,0.261,0.9
I want to deploy a IoT gateway that has at least 16GB of RAM and no packet loss allowed,r21,0.2509,0.9
I want to deploy a IoT gateway that has at least 16GB of RAM and no packet loss allowed,r22,0.2705,0.9
I want to deploy a IoT gateway that has at least 16GB of RAM and no packet loss allowed,r23,0.5071,0.0
I want to deploy a IoT gateway that has at least 16GB of RAM and no packet loss allowed,r24,0.5323,0.0
I want to deploy a IoT gateway that has at least 16GB of RAM and no packet loss allowed,r25,0.4864,0.0
I want to deploy a IoT gateway that has at least 16GB of RAM and no packet loss allowed,r26,0.4587,0.0
I want to deploy a IoT gateway that has at least 16GB of RAM and no packet loss allowed,r27,0.4166,0.0
I want to deploy a IoT gateway that has at least 16GB of RAM and no packet loss allowed,r28,0.4292,0.9
I want to deploy a IoT gateway that has at least 16GB of RAM and no packet loss allowed,r29,0.4504,0.9
I want to deploy a IoT gateway that has at least 16GB of RAM and no packet loss allowed,r30,0.4292,0.9
I want to deploy a IoT gateway that has at least 16GB of RAM and no packet loss allowed,r31,0.4401,0.9
I want to deploy a IoT gateway that has at least 16GB of RAM and no packet loss allowed,r32,0.718,0.7
I want to deploy a IoT gateway that has at least 16GB of RAM and no packet loss allowed,r33,0.7282,0.0
Implement a backup server with network flap protection,r1,0.2372,0.05
Implement a backup server with network flap protection,r2,0.278,0.1
Implement a backup server with network flap protection,r3,0.2378,0.1
Implement a backup server with network flap protection,r4,0.3762,0.1
Implement a backup server with network flap protection,r5,0.411,0.1
Implement a backup server with network flap protection,r6,-0.0513,0.0
Implement a backup server with network flap protection,r7,0.2936,0.0
Implement a backup server with network flap protection,r8,0.248,0.0
Implement a backup server with network flap protection,r9,0.327,0.0
Implement a backup server with network flap protection,r10,0.3467,0.0
Implement a backup server with network flap protection,r11,-0.0032,0.0
Implement a backup server with network flap protection,r12,-0.0365,0.0
Implement a backup server with network flap protection,r13,0.3004,0.0
Implement a backup server with network flap protection,r14,-0.0384,0.0
Implement a backup server with network flap protection,r15,0.3408,0.1
Implement a backup server with network flap protection,r16,0.409,0.7
Implement a backup server with network flap protection,r17,0.1569,0.3
Implement a backup server with network flap protection,r18,0.3498,0.9
Implement a backup server with network flap protection,r19,0.3245,0.3
Implement a backup server with network flap protection,r20,0.3062,0.3
Implement a backup server with network flap protection,r21,0.3245,0.3
Implement a backup server with network flap protection,r22,0.3272,0.3
Implement a backup server with network flap protection,r23,0.4997,0.0
Implement a backup server with network flap protection,r24,0.4936,0.0
Implement a backup server with network flap protection,r25,0.528,0.0
Implement a backup server with network flap protection,r26,0.5501,0.0
Implement a backup server with network flap protection,r27,0.4969,0.0
Implement a backup server with network flap protection,r28,0.5397,0.3
Implement a backup server with network flap protection,r29,0.5298,0.3
Implement a backup server with network flap protection,r30,0.5397,0.3
Implement a backup server with network flap protection,r31,0.5321,0.3
Implement a backup server with network flap protection,r32,0.4094,0.0
Implement a backup server with network flap protection,r33,0.5605,0.0
Deploy a video rendering farm with thermal controls and memory safeguards,r1,0.5421,0.1
Deploy a video rendering farm with thermal controls and memory safeguards,r2,0.5479,0.8
Deploy a video rendering farm with thermal controls and memory safeguards,r3,0.5225,0.9
Deploy a video rendering farm with thermal controls and memory safeguards,r4,0.5689,0.8
Deploy a video rendering farm with thermal controls and memory safeguards,r5,0.5756,0.9
Deploy a video rendering farm with thermal controls and memory safeguards,r6,0.0808,0.7
Deploy a video rendering farm with thermal controls and memory safeguards,r7,0.289,0.6
Deploy a video rendering farm with thermal controls and memory safeguards,r8,0.3018,0.7
Deploy a video rendering farm with thermal controls and memory safeguards,r9,0.2957,0.6
Deploy a video rendering farm with thermal controls and memory safeguards,r10,0.3422,0.7
Deploy a video rendering farm with thermal controls and memory safeguards,r11,0.0945,0.9
Deploy a video rendering farm with thermal controls and memory safeguards,r12,0.1197,0.0
Deploy a video rendering farm with thermal controls and memory safeguards,r13,0.1558,0.9
Deploy a video rendering farm with thermal controls and memory safeguards,r14,0.0984,0.2
Deploy a video rendering farm with thermal controls and memory safeguards,r15,0.3304,0.1
Deploy a video rendering farm with thermal controls and memory safeguards,r16,0.289,0.1
Deploy a video rendering farm with thermal controls and memory safeguards,r17,0.1082,0.1
Deploy a video rendering farm with thermal controls and memory safeguards,r18,0.1691,0.1
Deploy a video rendering farm with thermal controls and memory safeguards,r19,0.1679,0.1
Deploy a video rendering farm with thermal controls and memory safeguards,r20,0.177,0.1
Deploy a video rendering farm with thermal controls and memory safeguards,r21,0.1679,0.1
Deploy a video rendering farm with thermal controls and memory safeguards,r22,0.1774,0.1
Deploy a video rendering farm with thermal controls and memory safeguards,r23,0.4363,0.1
Deploy a video rendering farm with thermal controls and memory safeguards,r24,0.4139,0.1
Deploy a video rendering farm with thermal controls and memory safeguards,r25,0.349,0.1
Deploy a video rendering farm with thermal controls and memory safeguards,r26,0.3459,0.1
Deploy a video rendering farm with thermal controls and memory safeguards,r27,0.2783,0.1
Deploy a video rendering farm with thermal controls and memory safeguards,r28,0.3255,0.1
Deploy a video rendering farm with thermal controls and memory safeguards,r29,0.324,0.1
Deploy a video rendering farm with thermal controls and memory safeguards,r30,0.3255,0.1
Deploy a video rendering farm with thermal controls and memory safeguards,r31,0.3046,0.1
Deploy a video rendering farm with thermal controls and memory safeguards,r32,0.5738,0.8
Deploy a video rendering farm with thermal controls and memory safeguards,r33,0.5891,0.1
Setup a mail server with RX error monitoring and buffer protection,r1,0.2517,0.05
Setup a mail server with RX error monitoring and buffer protection,r2,0.3344,0.1
Setup a mail server with RX error monitoring and buffer protection,r3,0.3419,0.1
Setup a mail server with RX error monitoring and buffer protection,r4,0.4217,0.1
Setup a mail server with RX error monitoring and buffer protection,r5,0.4405,0.1
Setup a mail server with RX error monitoring and buffer protection,r6,0.025,0.05
Setup a mail server with RX error monitoring and buffer protection,r7,0.191,0.1
Setup a mail server with RX error monitoring and buffer protection,r8,0.2379,0.1
Setup a mail server with RX error monitoring and buffer protection,r9,0.1987,0.1
Setup a mail server with RX error monitoring and buffer protection,r10,0.2896,0.1
Setup a mail server with RX error monitoring and buffer protection,r11,0.103,0.05
Setup a mail server with RX error monitoring and buffer protection,r12,0.0674,0.05
Setup a mail server with RX error monitoring and buffer protection,r13,0.1992,0.4
Setup a mail server with RX error monitoring and buffer protection,r14,0.0947,0.05
Setup a mail server with RX error monitoring and buffer protection,r15,0.3488,0.05
Setup a mail server with RX error monitoring and buffer protection,r16,0.3524,0.3
Setup a mail server with RX error monitoring and buffer protection,r17,0.0905,0.05
Setup a mail server with RX error monitoring and buffer protection,r18,0.1924,0.3
Setup a mail server with RX error monitoring and buffer protection,r19,0.224,0.7
Setup a mail server with RX error monitoring and buffer protection,r20,0.2068,0.7
Setup a mail server with RX error monitoring and buffer protection,r21,0.224,0.7
Setup a mail server with RX error monitoring and buffer protection,r22,0.2078,0.7
Setup a mail server with RX error monitoring and buffer protection,r23,0.3905,0.4
Setup a mail server with RX error monitoring and buffer protection,r24,0.3493,0.4
Setup a mail server with RX error monitoring and buffer protection,r25,0.3932,0.4
Setup a mail server with RX error monitoring and buffer protection,r26,0.3781,0.05
Setup a mail server with RX error monitoring and buffer protection,r27,0.2969,0.05
Setup a mail server with RX error monitoring and buffer protection,r28,0.3454,0.7
Setup a mail server with RX error monitoring and buffer protection,r29,0.3281,0.7
Setup a mail server with RX error monitoring and buffer protection,r30,0.3454,0.7
Setup a mail server with RX error monitoring and buffer protection,r31,0.3153,0.7
Setup a mail server with RX error monitoring and buffer protection,r32,0.3836,0.4
Setup a mail server with RX error monitoring and buffer protection,r33,0.4962,0.4
Implement a system with CPU utilization guarantees,r1,0.479,0.0
Implement a system with CPU utilization guarantees,r2,0.4215,0.3
Implement a system with CPU utilization guarantees,r3,0.3923,0.6
Implement a system with CPU utilization guarantees,r4,0.5151,0.3
Implement a system with CPU utilization guarantees,r5,0.4633,0.6
Implement a system with CPU utilization guarantees,r6,0.2463,0.0
Implement a system with CPU utilization guarantees,r7,0.508,0.8
Implement a system with CPU utilization guarantees,r8,0.3638,0.9
Implement a system with CPU utilization guarantees,r9,0.4901,0.8
Implement a system with CPU utilization guarantees,r10,0.3944,0.9
Implement a system with CPU utilization guarantees,r11,0.238,0.0
Implement a system with CPU utilization guarantees,r12,0.1689,0.0
Implement a system with CPU utilization guarantees,r13,0.2525,0.0
Implement a system with CPU utilization guarantees,r14,0.2127,0.0
Implement a system with CPU utilization guarantees,r15,0.4146,0.0
Implement a system with CPU utilization guarantees,r16,0.1961,0.0
Implement a system with CPU utilization guarantees,r17,0.2304,0.0
Implement a system with CPU utilization guarantees,r18,0.3165,0.0
Implement a system with CPU utilization guarantees,r19,0.2823,0.0
Implement a system with CPU utilization guarantees,r20,0.2781,0.0
Implement a system with CPU utilization guarantees,r21,0.2823,0.0
Implement a system with CPU utilization guarantees,r22,0.2627,0.0
Implement a system with CPU utilization guarantees,r23,0.336,0.0
Implement a system with CPU utilization guarantees,r24,0.3924,0.0
Implement a system with CPU utilization guarantees,r25,0.3569,0.0
Implement a system with CPU utilization guarantees,r26,0.307,0.0
Implement a system with CPU utilization guarantees,r27,0.3138,0.0
Implement a system with CPU utilization guarantees,r28,0.2951,0.0
Implement a system with CPU utilization guarantees,r29,0.288,0.0
Implement a system with CPU utilization guarantees,r30,0.2951,0.0
Implement a system with CPU utilization guarantees,r31,0.2636,0.0
Implement a system with CPU utilization guarantees,r32,0.4455,0.0
Implement a system with CPU utilization guarantees,r33,0.4292,0.0
Deploy a monitoring server with packet integrity safeguards,r1,0.2407,0.05
Deploy a monitoring server with packet integrity safeguards,r2,0.255,0.1
Deploy a monitoring server with packet integrity safeguards,r3,0.2788,0.1
Deploy a monitoring server with packet integrity safeguards,r4,0.2696,0.1
Deploy a monitoring server with packet integrity safeguards,r5,0.3583,0.1
Deploy a monitoring server with packet integrity safeguards,r6,0.054,0.0
Deploy a monitoring server with packet integrity safeguards,r7,0.271,0.1
Deploy a monitoring server with packet integrity safeguards,r8,0.2674,0.1
Deploy a monitoring server with packet integrity safeguards,r9,0.2567,0.1
Deploy a monitoring server with packet integrity safeguards,r10,0.3021,0.1
Deploy a monitoring server with packet integrity safeguards,r11,0.1497,0.0
Deploy a monitoring server with packet integrity safeguards,r12,0.044,0.0
Deploy a monitoring server with packet integrity safeguards,r13,0.2122,0.0
Deploy a monitoring server with packet integrity safeguards,r14,0.0891,0.0
Deploy a monitoring server with packet integrity safeguards,r15,0.2971,0.0
Deploy a monitoring server with packet integrity safeguards,r16,0.3283,0.7
Deploy a monitoring server with packet integrity safeguards,r17,0.0803,0.5
Deploy a monitoring server with packet integrity safeguards,r18,0.2635,0.7
Deploy a monitoring server with packet integrity safeguards,r19,0.213,0.8
Deploy a monitoring server with packet integrity safeguards,r20,0.2575,0.8
Deploy a monitoring server with packet integrity safeguards,r21,0.213,0.8
Deploy a monitoring server with packet integrity safeguards,r22,0.2597,0.8
Deploy a monitoring server with packet integrity safeguards,r23,0.2969,0.6
Deploy a monitoring server with packet integrity safeguards,r24,0.3269,0.6
Deploy a monitoring server with packet integrity safeguards,r25,0.3525,0.6
Deploy a monitoring server with packet integrity safeguards,r26,0.3691,0.6
Deploy a monitoring server with packet integrity safeguards,r27,0.344,0.6
Deploy a monitoring server with packet integrity safeguards,r28,0.3277,0.8
Deploy a monitoring server with packet integrity safeguards,r29,0.3705,0.8
Deploy a monitoring server with packet integrity safeguards,r30,0.3277,0.8
Deploy a monitoring server with packet integrity safeguards,r31,0.3573,0.8
Deploy a monitoring server with packet integrity safeguards,r32,0.3441,0.0
Deploy a monitoring server with packet integrity safeguards,r33,0.3733,0.6
Create a low-latency database cluster with network stability,r1,0.2213,0.05
Create a low-latency database cluster with network stability,r2,0.2366,0.3
Create a low-latency database cluster with network stability,r3,0.2201,0.4
Create a low-latency database cluster with network stability,r4,0.3096,0.3
Create a low-latency database cluster with network stability,r5,0.3518,0.4
Create a low-latency database cluster with network stability,r6,0.0049,0.05
Create a low-latency database cluster with network stability,r7,0.2234,0.2
Create a low-latency database cluster with network stability,r8,0.1887,0.3
Create a low-latency database cluster with network stability,r9,0.2523,0.2
Create a low-latency database cluster with network stability,r10,0.2759,0.3
Create a low-latency database cluster with network stability,r11,0.0697,0.05
Create a low-latency database cluster with network stability,r12,0.0798,0.1
Create a low-latency database cluster with network stability,r13,0.3934,0.1
Create a low-latency database cluster with network stability,r14,0.058,0.05
Create a low-latency database cluster with network stability,r15,0.1648,0.6
Create a low-latency database cluster with network stability,r16,0.3934,0.7
Create a low-latency database cluster with network stability,r17,0.3302,0.6
Create a low-latency database cluster with network stability,r18,0.3852,0.7
Create a low-latency database cluster with network stability,r19,0.4301,0.7
Create a low-latency database cluster with network stability,r20,0.4547,0.7
Create a low-latency database cluster with network stability,r21,0.4301,0.7
Create a low-latency database cluster with network stability,r22,0.3719,0.7
Create a low-latency database cluster with network stability,r23,0.4334,0.5
Create a low-latency database cluster with network stability,r24,0.474,0.5
Create a low-latency database cluster with network stability,r25,0.4419,0.5
Create a low-latency database cluster with network stability,r26,0.4908,0.5
Create a low-latency database cluster with network stability,r27,0.4187,0.5
Create a low-latency database cluster with network stability,r28,0.4886,0.7
Create a low-latency database cluster with network stability,r29,0.5458,0.7
Create a low-latency database cluster with network stability,r30,0.4886,0.7
Create a low-latency database cluster with network stability,r31,0.4603,0.7
Create a low-latency database cluster with network stability,r32,0.3277,0.4
Create a low-latency database cluster with network stability,r33,0.4336,0.5
Provision a node with DPDK optimizations and error detection,r1,0.2316,0.05
Provision a node with DPDK optimizations and error detection,r2,0.2826,0.1
Provision a node with DPDK optimizations and error detection,r3,0.196,0.1
Provision a node with DPDK optimizations and error detection,r4,0.3763,0.1
Provision a node with DPDK optimizations and error detection,r5,0.3117,0.1
Provision a node with DPDK optimizations and error detection,r6,-0.02,0.05
Provision a node with DPDK optimizations and error detection,r7,0.1521,0.2
Provision a node with DPDK optimizations and error detection,r8,0.1241,0.2
Provision a node with DPDK optimizations and error detection,r9,0.1943,0.2
Provision a node with DPDK optimizations and error detection,r10,0.2177,0.2
Provision a node with DPDK optimizations and error detection,r11,-0.0218,0.1
Provision a node with DPDK optimizations and error detection,r12,0.019,0.1
Provision a node with DPDK optimizations and error detection,r13,0.1413,0.4
Provision a node with DPDK optimizations and error detection,r14,-0.0337,0.05
Provision a node with DPDK optimizations and error detection,r15,0.1751,0.0
Provision a node with DPDK optimizations and error detection,r16,0.2585,0.1
Provision a node with DPDK optimizations and error detection,r17,0.1544,0.0
Provision a node with DPDK optimizations and error detection,r18,0.1658,0.1
Provision a node with DPDK optimizations and error detection,r19,0.3506,0.6
Provision a node with DPDK optimizations and error detection,r20,0.2776,0.6
Provision a node with DPDK optimizations and error detection,r21,0.3506,0.6
Provision a node with DPDK optimizations and error detection,r22,0.2665,0.6
Provision a node with DPDK optimizations and error detection,r23,0.5327,0.7
Provision a node with DPDK optimizations and error detection,r24,0.5719,0.7
Provision a node with DPDK optimizations and error detection,r25,0.5808,0.7
Provision a node with DPDK optimizations and error detection,r26,0.6077,0.7
Provision a node with DPDK optimizations and error detection,r27,0.5344,0.7
Provision a node with DPDK optimizations and error detection,r28,0.7064,0.6
Provision a node with DPDK optimizations and error detection,r29,0.6116,0.6
Provision a node with DPDK optimizations and error detection,r30,0.7064,0.6
Provision a node with DPDK optimizations and error detection,r31,0.6047,0.6
Provision a node with DPDK optimizations and error detection,r32,0.5236,0.8
Provision a node with DPDK optimizations and error detection,r33,0.6618,0.8
Setup a virtualization host with memory buffer guarantees,r1,0.6636,0.1
Setup a virtualization host with memory buffer guarantees,r2,0.6726,0.9
Setup a virtualization host with memory buffer guarantees,r3,0.5947,0.8
Setup a virtualization host with memory buffer guarantees,r4,0.7335,0.9
Setup a virtualization host with memory buffer guarantees,r5,0.7166,0.8
Setup a virtualization host with memory buffer guarantees,r6,0.1172,0.2
Setup a virtualization host with memory buffer guarantees,r7,0.3661,0.3
Setup a virtualization host with memory buffer guarantees,r8,0.2898,0.2
Setup a virtualization host with memory buffer guarantees,r9,0.427,0.3
Setup a virtualization host with memory buffer guarantees,r10,0.3977,0.2
Setup a virtualization host with memory buffer guarantees,r11,0.116,0.1
Setup a virtualization host with memory buffer guarantees,r12,0.0064,0.1
Setup a virtualization host with memory buffer guarantees,r13,0.1683,0.1
Setup a virtualization host with memory buffer guarantees,r14,0.187,0.1
Setup a virtualization host with memory buffer guarantees,r15,0.5469,0.1
Setup a virtualization host with memory buffer guarantees,r16,0.2605,0.1
Setup a virtualization host with memory buffer guarantees,r17,0.1407,0.1
Setup a virtualization host with memory buffer guarantees,r18,0.2236,0.1
Setup a virtualization host with memory buffer guarantees,r19,0.1849,0.1
Setup a virtualization host with memory buffer guarantees,r20,0.2,0.1
Setup a virtualization host with memory buffer guarantees,r21,0.1849,0.1
Setup a virtualization host with memory buffer guarantees,r22,0.2036,0.1
Setup a virtualization host with memory buffer guarantees,r23,0.408,0.1
Setup a virtualization host with memory buffer guarantees,r24,0.4194,0.1
Setup a virtualization host with memory buffer guarantees,r25,0.4197,0.1
Setup a virtualization host with memory buffer guarantees,r26,0.3712,0.1
Setup a virtualization host with memory buffer guarantees,r27,0.3536,0.1
Setup a virtualization host with memory buffer guarantees,r28,0.3157,0.1
Setup a virtualization host with memory buffer guarantees,r29,0.3442,0.1
Setup a virtualization host with memory buffer guarantees,r30,0.3157,0.1
Setup a virtualization host with memory buffer guarantees,r31,0.3188,0.1
Setup a virtualization host with memory buffer guarantees,r32,0.6917,0.7
Setup a virtualization host with memory buffer guarantees,r33,0.6517,0.1
Implement a system with temperature fail-safes,r1,0.231,0.0
Implement a system with temperature fail-safes,r2,0.2646,0.0
Implement a system with temperature fail-safes,r3,0.239,0.0
Implement a system with temperature fail-safes,r4,0.2722,0.0
Implement a system with temperature fail-safes,r5,0.2531,0.0
Implement a system with temperature fail-safes,r6,0.047,0.0
Implement a system with temperature fail-safes,r7,0.1983,0.0
Implement a system with temperature fail-safes,r8,0.1963,0.0
Implement a system with temperature fail-safes,r9,0.1713,0.0
Implement a system with temperature fail-safes,r10,0.1994,0.0
Implement a system with temperature fail-safes,r11,0.2326,0.9
Implement a system with temperature fail-safes,r12,0.2216,0.0
Implement a system with temperature fail-safes,r13,0.2503,0.8
Implement a system with temperature fail-safes,r14,0.1181,0.0
Implement a system with temperature fail-safes,r15,0.2339,0.0
Implement a system with temperature fail-safes,r16,0.3421,0.0
Implement a system with temperature fail-safes,r17,0.1226,0.0
Implement a system with temperature fail-safes,r18,0.1508,0.0
Implement a system with temperature fail-safes,r19,0.2678,0.0
Implement a system with temperature fail-safes,r20,0.1381,0.0
Implement a system with temperature fail-safes,r21,0.2678,0.0
Implement a system with temperature fail-safes,r22,0.1901,0.0
Implement a system with temperature fail-safes,r23,0.3489,0.0
Implement a system with temperature fail-safes,r24,0.2138,0.0
Implement a system with temperature fail-safes,r25,0.3388,0.0
Implement a system with temperature fail-safes,r26,0.2403,0.0
Implement a system with temperature fail-safes,r27,0.3193,0.0
Implement a system with temperature fail-safes,r28,0.3616,0.0
Implement a system with temperature fail-safes,r29,0.2112,0.0
Implement a system with temperature fail-safes,r30,0.3616,0.0
Implement a system with temperature fail-safes,r31,0.2484,0.0
Implement a system with temperature fail-safes,r32,0.3049,0.0
Implement a system with temperature fail-safes,r33,0.4017,0.0
Deploy a mobile backend with SSH access monitoring,r1,0.2812,0.05
Deploy a mobile backend with SSH access monitoring,r2,0.2676,0.1
Deploy a mobile backend with SSH access monitoring,r3,0.2311,0.1
Deploy a mobile backend with SSH access monitoring,r4,0.3265,0.1
Deploy a mobile backend with SSH access monitoring,r5,0.3147,0.1
Deploy a mobile backend with SSH access monitoring,r6,0.0615,0.0
Deploy a mobile backend with SSH access monitoring,r7,0.1882,0.0
Deploy a mobile backend with SSH access monitoring,r8,0.1726,0.0
Deploy a mobile backend with SSH access monitoring,r9,0.2724,0.0
Deploy a mobile backend with SSH access monitoring,r10,0.272,0.0
Deploy a mobile backend with SSH access monitoring,r11,0.0898,0.0
Deploy a mobile backend with SSH access monitoring,r12,0.0098,0.0
Deploy a mobile backend with SSH access monitoring,r13,0.0584,0.0
Deploy a mobile backend with SSH access monitoring,r14,0.1648,0.0
Deploy a mobile backend with SSH access monitoring,r15,0.6578,0.9
Deploy a mobile backend with SSH access monitoring,r16,0.2001,0.0
Deploy a mobile backend with SSH access monitoring,r17,0.1648,0.0
Deploy a mobile backend with SSH access monitoring,r18,0.1739,0.0
Deploy a mobile backend with SSH access monitoring,r19,0.1627,0.0
Deploy a mobile backend with SSH access monitoring,r20,0.1571,0.0
Deploy a mobile backend with SSH access monitoring,r21,0.1627,0.0
Deploy a mobile backend with SSH access monitoring,r22,0.178,0.0
Deploy a mobile backend with SSH access monitoring,r23,0.1823,0.0
Deploy a mobile backend with SSH access monitoring,r24,0.2471,0.0
Deploy a mobile backend with SSH access monitoring,r25,0.2341,0.0
Deploy a mobile backend with SSH access monitoring,r26,0.2687,0.0
Deploy a mobile backend with SSH access monitoring,r27,0.222,0.0
Deploy a mobile backend with SSH access monitoring,r28,0.2109,0.0
Deploy a mobile backend with SSH access monitoring,r29,0.2134,0.0
Deploy a mobile backend with SSH access monitoring,r30,0.2109,0.0
Deploy a mobile backend with SSH access monitoring,r31,0.2312,0.0
Deploy a mobile backend with SSH access monitoring,r32,0.2324,0.0
Deploy a mobile backend with SSH access monitoring,r33,0.2451,0.0
Create a distributed cache system with network drop prevention,r1,0.3083,0.05
Create a distributed cache system with network drop prevention,r2,0.3826,0.3
Create a distributed cache system with network drop prevention,r3,0.3499,0.4
Create a distributed cache system with network drop prevention,r4,0.4006,0.3
Create a distributed cache system with network drop prevention,r5,0.4178,0.4
Create a distributed cache system with network drop prevention,r6,-0.0104,0.05
Create a distributed cache system with network drop prevention,r7,0.1903,0.2
Create a distributed cache system with network drop prevention,r8,0.1956,0.3
Create a distributed cache system with network drop prevention,r9,0.1874,0.2
Create a distributed cache system with network drop prevention,r10,0.2471,0.3
Create a distributed cache system with network drop prevention,r11,0.0493,0.05
Create a distributed cache system with network drop prevention,r12,0.0013,0.1
Create a distributed cache system with network drop prevention,r13,0.1922,0.1
Create a distributed cache system with network drop prevention,r14,0.0223,0.05
Create a distributed cache system with network drop prevention,r15,0.1967,0.6
Create a distributed cache system with network drop prevention,r16,0.4155,0.7
Create a distributed cache system with network drop prevention,r17,0.2074,0.6
Create a distributed cache system with network drop prevention,r18,0.3083,0.7
Create a distributed cache system with network drop prevention,r19,0.3564,0.7
Create a distributed cache system with network drop prevention,r20,0.4022,0.7
Create a distributed cache system with network drop prevention,r21,0.3564,0.7
Create a distributed cache system with network drop prevention,r22,0.3675,0.7
Create a distributed cache system with network drop prevention,r23,0.5793,0.5
Create a distributed cache system with network drop prevention,r24,0.5474,0.5
Create a distributed cache system with network drop prevention,r25,0.529,0.5
Create a distributed cache system with network drop prevention,r26,0.5627,0.5
Create a distributed cache system with network drop prevention,r27,0.4581,0.5
Create a distributed cache system with network drop prevention,r28,0.5488,0.7
Create a distributed cache system with network drop prevention,r29,0.5856,0.7
Create a distributed cache system with network drop prevention,r30,0.5488,0.7
Create a distributed cache system with network drop prevention,r31,0.5386,0.7
Create a distributed cache system with network drop prevention,r32,0.4842,0.4
Create a distributed cache system with network drop prevention,r33,0.6461,0.5
Provision a big data analytics node with CPU thermal protection,r1,0.2114,0.05
Provision a big data analytics node with CPU thermal protection,r2,0.214,0.3
Provision a big data analytics node with CPU thermal protection,r3,0.2411,0.4
Provision a big data analytics node with CPU thermal protection,r4,0.3816,0.05
Provision a big data analytics node with CPU thermal protection,r5,0.4416,0.3
Provision a big data analytics node with CPU thermal protection,r6,0.1519,0.05
Provision a big data analytics node with CPU thermal protection,r7,0.4849,0.6
Provision a big data analytics node with CPU thermal protection,r8,0.4117,0.7
Provision a big data analytics node with CPU thermal protection,r9,0.5121,0.6
Provision a big data analytics node with CPU thermal protection,r10,0.5097,0.7
Provision a big data analytics node with CPU thermal protection,r11,0.2871,0.8
Provision a big data analytics node with CPU thermal protection,r12,0.3147,0.9
Provision a big data analytics node with CPU thermal protection,r13,0.314,0.8
Provision a big data analytics node with CPU thermal protection,r14,0.146,0.1
Provision a big data analytics node with CPU thermal protection,r15,0.3225,0.0
Provision a big data analytics node with CPU thermal protection,r16,0.284,0.0
Provision a big data analytics node with CPU thermal protection,r17,0.1687,0.0
Provision a big data analytics node with CPU thermal protection,r18,0.2468,0.0
Provision a big data analytics node with CPU thermal protection,r19,0.2213,0.0
Provision a big data analytics node with CPU thermal protection,r20,0.2533,0.0
Provision a big data analytics node with CPU thermal protection,r21,0.2213,0.0
Provision a big data analytics node with CPU thermal protection,r22,0.2322,0.0
Provision a big data analytics node with CPU thermal protection,r23,0.3718,0.0
Provision a big data analytics node with CPU thermal protection,r24,0.3823,0.0
Provision a big data analytics node with CPU thermal protection,r25,0.3378,0.0
Provision a big data analytics node with CPU thermal protection,r26,0.3502,0.0
Provision a big data analytics node with CPU thermal protection,r27,0.2785,0.0
Provision a big data analytics node with CPU thermal protection,r28,0.316,0.0
Provision a big data analytics node with CPU thermal protection,r29,0.3374,0.0
Provision a big data analytics node with CPU thermal protection,r30,0.316,0.0
Provision a big data analytics node with CPU thermal protection,r31,0.3066,0.0
Provision a big data analytics node with CPU thermal protection,r32,0.3185,0.1
Provision a big data analytics node with CPU thermal protection,r33,0.354,0.0
Setup a compliance server with memory usage auditing,r1,0.7417,0.65
Setup a compliance server with memory usage auditing,r2,0.6805,0.95
Setup a compliance server with memory usage auditing,r3,0.5344,0.85
Setup a compliance server with memory usage auditing,r4,0.7155,0.95
Setup a compliance server with memory usage auditing,r5,0.5957,0.85
Setup a compliance server with memory usage auditing,r6,0.1039,0.7
Setup a compliance server with memory usage auditing,r7,0.3282,0.3
Setup a compliance server with memory usage auditing,r8,0.2327,0.2
Setup a compliance server with memory usage auditing,r9,0.3721,0.3
Setup a compliance server with memory usage auditing,r10,0.2918,0.2
Setup a compliance server with memory usage auditing,r11,0.0503,0.1
Setup a compliance server with memory usage auditing,r12,-0.0155,0.1
Setup a compliance server with memory usage auditing,r13,0.1774,0.1
Setup a compliance server with memory usage auditing,r14,0.115,0.25
Setup a compliance server with memory usage auditing,r15,0.4314,0.15
Setup a compliance server with memory usage auditing,r16,0.2131,0.05
Setup a compliance server with memory usage auditing,r17,0.1842,0.05
Setup a compliance server with memory usage auditing,r18,0.2584,0.05
Setup a compliance server with memory usage auditing,r19,0.2293,0.05
Setup a compliance server with memory usage auditing,r20,0.2158,0.05
Setup a compliance server with memory usage auditing,r21,0.2293,0.05
Setup a compliance server with memory usage auditing,r22,0.1901,0.05
Setup a compliance server with memory usage auditing,r23,0.4669,0.05
Setup a compliance server with memory usage auditing,r24,0.5328,0.05
Setup a compliance server with memory usage auditing,r25,0.4648,0.05
Setup a compliance server with memory usage auditing,r26,0.4433,0.05
Setup a compliance server with memory usage auditing,r27,0.3966,0.05
Setup a compliance server with memory usage auditing,r28,0.3883,0.05
Setup a compliance server with memory usage auditing,r29,0.3867,0.05
Setup a compliance server with memory usage auditing,r30,0.3883,0.05
Setup a compliance server with memory usage auditing,r31,0.3437,0.05
Setup a compliance server with memory usage auditing,r32,0.6824,0.75
Setup a compliance server with memory usage auditing,r33,0.7105,0.05
Implement a payment gateway with packet integrity checks,r1,0.4016,0.0
Implement a payment gateway with packet integrity checks,r2,0.3988,0.0
Implement a payment gateway with packet integrity checks,r3,0.321,0.0
Implement a payment gateway with packet integrity checks,r4,0.3556,0.0
Implement a payment gateway with packet integrity checks,r5,0.2695,0.0
Implement a payment gateway with packet integrity checks,r6,0.1639,0.0
Implement a payment gateway with packet integrity checks,r7,0.1439,0.0
Implement a payment gateway with packet integrity checks,r8,0.1813,0.0
Implement a payment gateway with packet integrity checks,r9,0.116,0.0
Implement a payment gateway with packet integrity checks,r10,0.1216,0.0
Implement a payment gateway with packet integrity checks,r11,0.0999,0.0
Implement a payment gateway with packet integrity checks,r12,0.0125,0.0
Implement a payment gateway with packet integrity checks,r13,0.1445,0.0
Implement a payment gateway with packet integrity checks,r14,0.0729,0.0
Implement a payment gateway with packet integrity checks,r15,0.266,0.0
Implement a payment gateway with packet integrity checks,r16,0.3041,0.7
Implement a payment gateway with packet integrity checks,r17,0.1341,0.0
Implement a payment gateway with packet integrity checks,r18,0.3231,0.7
Implement a payment gateway with packet integrity checks,r19,0.2088,0.7
Implement a payment gateway with packet integrity checks,r20,0.277,0.7
Implement a payment gateway with packet integrity checks,r21,0.2088,0.7
Implement a payment gateway with packet integrity checks,r22,0.2635,0.7
Implement a payment gateway with packet integrity checks,r23,0.4277,0.7
Implement a payment gateway with packet integrity checks,r24,0.4247,0.7
Implement a payment gateway with packet integrity checks,r25,0.4002,0.7
Implement a payment gateway with packet integrity checks,r26,0.3668,0.7
Implement a payment gateway with packet integrity checks,r27,0.3574,0.7
Implement a payment gateway with packet integrity checks,r28,0.3546,0.7
Implement a payment gateway with packet integrity checks,r29,0.409,0.7
Implement a payment gateway with packet integrity checks,r30,0.3546,0.7
Implement a payment gateway with packet integrity checks,r31,0.389,0.7
Implement a payment gateway with packet integrity checks,r32,0.3851,0.0
Implement a payment gateway with packet integrity checks,r33,0.4537,0.7
Create a federated learning node with network buffer guarantees,r1,0.3363,0.05
Create a federated learning node with network buffer guarantees,r2,0.3403,0.1
Create a federated learning node with network buffer guarantees,r3,0.2975,0.1
Create a federated learning node with network buffer guarantees,r4,0.4187,0.1
Create a federated learning node with network buffer guarantees,r5,0.3907,0.1
Create a federated learning node with network buffer guarantees,r6,0.017,0.05
Create a federated learning node with network buffer guarantees,r7,0.2127,0.1
Create a federated learning node with network buffer guarantees,r8,0.1922,0.1
Create a federated learning node with network buffer guarantees,r9,0.2276,0.1
Create a federated learning node with network buffer guarantees,r10,0.26,0.1
Create a federated learning node with network buffer guarantees,r11,0.0585,0.0
Create a federated learning node with network buffer guarantees,r12,-0.0127,0.0
Create a federated learning node with network buffer guarantees,r13,0.2449,0.0
Create a federated learning node with network buffer guarantees,r14,0.0331,0.0
Create a federated learning node with network buffer guarantees,r15,0.3165,0.0
Create a federated learning node with network buffer guarantees,r16,0.3779,0.7
Create a federated learning node with network buffer guarantees,r17,0.332,0.0
Create a federated learning node with network buffer guarantees,r18,0.4648,0.7
Create a federated learning node with network buffer guarantees,r19,0.411,0.7
Create a federated learning node with network buffer guarantees,r20,0.4397,0.7
Create a federated learning node with network buffer guarantees,r21,0.411,0.7
Create a federated learning node with network buffer guarantees,r22,0.4093,0.7
Create a federated learning node with network buffer guarantees,r23,0.5543,0.8
Create a federated learning node with network buffer guarantees,r24,0.6109,0.8
Create a federated learning node with network buffer guarantees,r25,0.5941,0.8
Create a federated learning node with network buffer guarantees,r26,0.5953,0.8
Create a federated learning node with network buffer guarantees,r27,0.5157,0.8
Create a federated learning node with network buffer guarantees,r28,0.5828,0.7
Create a federated learning node with network buffer guarantees,r29,0.6059,0.7
Create a federated learning node with network buffer guarantees,r30,0.5828,0.7
Create a federated learning node with network buffer guarantees,r31,0.5633,0.7
Create a federated learning node with network buffer guarantees,r32,0.4078,0.8
Create a federated learning node with network buffer guarantees,r33,0.614,0.8
Provision a quantum computing interface with stability monitoring,r1,0.2732,0.1
Provision a quantum computing interface with stability monitoring,r2,0.2539,0.6
Provision a quantum computing interface with stability monitoring,r3,0.252,0.8
Provision a quantum computing interface with stability monitoring,r4,0.3869,0.6
Provision a quantum computing interface with stability monitoring,r5,0.383,0.8
Provision a quantum computing interface with stability monitoring,r6,0.0814,0.1
Provision a quantum computing interface with stability monitoring,r7,0.3071,0.5
Provision a quantum computing interface with stability monitoring,r8,0.2549,0.7
Provision a quantum computing interface with stability monitoring,r9,0.2934,0.5
Provision a quantum computing interface with stability monitoring,r10,0.3133,0.7
Provision a quantum computing interface with stability monitoring,r11,0.2376,0.2
Provision a quantum computing interface with stability monitoring,r12,0.187,0.3
Provision a quantum computing interface with stability monitoring,r13,0.3117,0.2
Provision a quantum computing interface with stability monitoring,r14,0.2058,0.1
Provision a quantum computing interface with stability monitoring,r15,0.3486,0.6
Provision a quantum computing interface with stability monitoring,r16,0.3101,0.7
Provision a quantum computing interface with stability monitoring,r17,0.2805,0.1
Provision a quantum computing interface with stability monitoring,r18,0.3852,0.7
Provision a quantum computing interface with stability monitoring,r19,0.3498,0.7
Provision a quantum computing interface with stability monitoring,r20,0.3307,0.7
Provision a quantum computing interface with stability monitoring,r21,0.3498,0.7
Provision a quantum computing interface with stability monitoring,r22,0.2899,0.7
Provision a quantum computing interface with stability monitoring,r23,0.3877,0.4
Provision a quantum computing interface with stability monitoring,r24,0.3793,0.4
Provision a quantum computing interface with stability monitoring,r25,0.3499,0.4
Provision a quantum computing interface with stability monitoring,r26,0.3564,0.4
Provision a quantum computing interface with stability monitoring,r27,0.3211,0.4
Provision a quantum computing interface with stability monitoring,r28,0.3378,0.7
Provision a quantum computing interface with stability monitoring,r29,0.3321,0.7
Provision a quantum computing interface with stability monitoring,r30,0.3378,0.7
Provision a quantum computing interface with stability monitoring,r31,0.2841,0.7
Provision a quantum computing interface with stability monitoring,r32,0.2632,0.4
Provision a quantum computing interface with stability monitoring,r33,0.3389,0.4
Setup a AR/VR rendering farm with memory safeguards,r1,0.6031,0.2
Setup a AR/VR rendering farm with memory safeguards,r2,0.623,0.9
Setup a AR/VR rendering farm with memory safeguards,r3,0.5566,0.95
Setup a AR/VR rendering farm with memory safeguards,r4,0.5916,0.9
Setup a AR/VR rendering farm with memory safeguards,r5,0.5712,0.95
Setup a AR/VR rendering farm with memory safeguards,r6,0.0633,0.7
Setup a AR/VR rendering farm with memory safeguards,r7,0.237,0.6
Setup a AR/VR rendering farm with memory safeguards,r8,0.2214,0.7
Setup a AR/VR rendering farm with memory safeguards,r9,0.2459,0.6
Setup a AR/VR rendering farm with memory safeguards,r10,0.2615,0.7
Setup a AR/VR rendering farm with memory safeguards,r11,0.0574,0.1
Setup a AR/VR rendering farm with memory safeguards,r12,0.0203,0.3
Setup a AR/VR rendering farm with memory safeguards,r13,0.0729,0.1
Setup a AR/VR rendering farm with memory safeguards,r14,0.094,0.2
Setup a AR/VR rendering farm with memory safeguards,r15,0.3161,0.1
Setup a AR/VR rendering farm with memory safeguards,r16,0.2212,0.1
Setup a AR/VR rendering farm with memory safeguards,r17,0.0393,0.1
Setup a AR/VR rendering farm with memory safeguards,r18,0.1266,0.1
Setup a AR/VR rendering farm with memory safeguards,r19,0.1106,0.1
Setup a AR/VR rendering farm with memory safeguards,r20,0.1331,0.1
Setup a AR/VR rendering farm with memory safeguards,r21,0.1106,0.1
Setup a AR/VR rendering farm with memory safeguards,r22,0.1406,0.1
Setup a AR/VR rendering farm with memory safeguards,r23,0.4129,0.1
Setup a AR/VR rendering farm with memory safeguards,r24,0.3682,0.1
Setup a AR/VR rendering farm with memory safeguards,r25,0.3491,0.1
Setup a AR/VR rendering farm with memory safeguards,r26,0.2926,0.1
Setup a AR/VR rendering farm with memory safeguards,r27,0.2701,0.1
Setup a AR/VR rendering farm with memory safeguards,r28,0.2684,0.1
Setup a AR/VR rendering farm with memory safeguards,r29,0.287,0.1
Setup a AR/VR rendering farm with memory safeguards,r30,0.2684,0.1
Setup a AR/VR rendering farm with memory safeguards,r31,0.2714,0.1
Setup a AR/VR rendering farm with memory safeguards,r32,0.658,0.8
Setup a AR/VR rendering farm with memory safeguards,r33,0.632,0.1
Implement a digital twin system with DPDK protections,r1,0.275,0.05
Implement a digital twin system with DPDK protections,r2,0.2658,0.1
Implement a digital twin system with DPDK protections,r3,0.2217,0.1
Implement a digital twin system with DPDK protections,r4,0.3307,0.1
Implement a digital twin system with DPDK protections,r5,0.3002,0.1
Implement a digital twin system with DPDK protections,r6,0.0106,0.05
Implement a digital twin system with DPDK protections,r7,0.107,0.1
Implement a digital twin system with DPDK protections,r8,0.1096,0.1
Implement a digital twin system with DPDK protections,r9,0.1412,0.1
Implement a digital twin system with DPDK protections,r10,0.1879,0.1
Implement a digital twin system with DPDK protections,r11,0.0197,0.2
Implement a digital twin system with DPDK protections,r12,0.0058,0.3
Implement a digital twin system with DPDK protections,r13,0.0446,0.3
Implement a digital twin system with DPDK protections,r14,0.0018,0.05
Implement a digital twin system with DPDK protections,r15,0.3058,0.0
Implement a digital twin system with DPDK protections,r16,0.1756,0.0
Implement a digital twin system with DPDK protections,r17,0.0927,0.0
Implement a digital twin system with DPDK protections,r18,0.1808,0.0
Implement a digital twin system with DPDK protections,r19,0.1553,0.2
Implement a digital twin system with DPDK protections,r20,0.1835,0.2
Implement a digital twin system with DPDK protections,r21,0.1553,0.2
Implement a digital twin system with DPDK protections,r22,0.1785,0.2
Implement a digital twin system with DPDK protections,r23,0.3935,0.8
Implement a digital twin system with DPDK protections,r24,0.3944,0.8
Implement a digital twin system with DPDK protections,r25,0.3963,0.7
Implement a digital twin system with DPDK protections,r26,0.4092,0.6
Implement a digital twin system with DPDK protections,r27,0.3336,0.6
Implement a digital twin system with DPDK protections,r28,0.4273,0.2
Implement a digital twin system with DPDK protections,r29,0.4066,0.2
Implement a digital twin system with DPDK protections,r30,0.4273,0.2
Implement a digital twin system with DPDK protections,r31,0.4044,0.2
Implement a digital twin system with DPDK protections,r32,0.3726,0.7
Implement a digital twin system with DPDK protections,r33,0.499,0.8
Deploy a edge computing node with fan speed monitoring,r1,0.2181,0.05
Deploy a edge computing node with fan speed monitoring,r2,0.2047,0.1
Deploy a edge computing node with fan speed monitoring,r3,0.1627,0.1
Deploy a edge computing node with fan speed monitoring,r4,0.3697,0.05
Deploy a edge computing node with fan speed monitoring,r5,0.3406,0.1
Deploy a edge computing node with fan speed monitoring,r6,0.0727,0.05
Deploy a edge computing node with fan speed monitoring,r7,0.3208,0.1
Deploy a edge computing node with fan speed monitoring,r8,0.276,0.1
Deploy a edge computing node with fan speed monitoring,r9,0.3528,0.1
Deploy a edge computing node with fan speed monitoring,r10,0.3565,0.1
Deploy a edge computing node with fan speed monitoring,r11,0.166,0.8
Deploy a edge computing node with fan speed monitoring,r12,0.1829,0.9
Deploy a edge computing node with fan speed monitoring,r13,0.6234,0.9
Deploy a edge computing node with fan speed monitoring,r14,0.1094,0.05
Deploy a edge computing node with fan speed monitoring,r15,0.2747,0.0
Deploy a edge computing node with fan speed monitoring,r16,0.3325,0.0
Deploy a edge computing node with fan speed monitoring,r17,0.2901,0.0
Deploy a edge computing node with fan speed monitoring,r18,0.3809,0.0
Deploy a edge computing node with fan speed monitoring,r19,0.3269,0.0
Deploy a edge computing node with fan speed monitoring,r20,0.3208,0.0
Deploy a edge computing node with fan speed monitoring,r21,0.3269,0.0
Deploy a edge computing node with fan speed monitoring,r22,0.2605,0.0
Deploy a edge computing node with fan speed monitoring,r23,0.3451,0.0
Deploy a edge computing node with fan speed monitoring,r24,0.3754,0.0
Deploy a edge computing node with fan speed monitoring,r25,0.3388,0.0
Deploy a edge computing node with fan speed monitoring,r26,0.4032,0.0
Deploy a edge computing node with fan speed monitoring,r27,0.3021,0.0
Deploy a edge computing node with fan speed monitoring,r28,0.339,0.0
Deploy a edge computing node with fan speed monitoring,r29,0.3513,0.0
Deploy a edge computing node with fan speed monitoring,r30,0.339,0.0
Deploy a edge computing node with fan speed monitoring,r31,0.2946,0.0
Deploy a edge computing node with fan speed monitoring,r32,0.1741,0.0
Deploy a edge computing node with fan speed monitoring,r33,0.2686,0.0
Create a smart city IoT hub with network error detection,r1,0.2056,0.1
Create a smart city IoT hub with network error detection,r2,0.2447,0.3
Create a smart city IoT hub with network error detection,r3,0.2354,0.4
Create a smart city IoT hub with network error detection,r4,0.2837,0.3
Create a smart city IoT hub with network error detection,r5,0.3312,0.4
Create a smart city IoT hub with network error detection,r6,0.0139,0.1
Create a smart city IoT hub with network error detection,r7,0.247,0.3
Create a smart city IoT hub with network error detection,r8,0.269,0.4
Create a smart city IoT hub with network error detection,r9,0.2476,0.3
Create a smart city IoT hub with network error detection,r10,0.3173,0.4
Create a smart city IoT hub with network error detection,r11,0.0414,0.2
Create a smart city IoT hub with network error detection,r12,0.0667,0.5
Create a smart city IoT hub with network error detection,r13,0.3489,0.2
Create a smart city IoT hub with network error detection,r14,-0.0057,0.1
Create a smart city IoT hub with network error detection,r15,0.234,0.6
Create a smart city IoT hub with network error detection,r16,0.5142,0.7
Create a smart city IoT hub with network error detection,r17,0.3636,0.5
Create a smart city IoT hub with network error detection,r18,0.4318,0.8
Create a smart city IoT hub with network error detection,r19,0.5898,0.7
Create a smart city IoT hub with network error detection,r20,0.4716,0.7
Create a smart city IoT hub with network error detection,r21,0.5898,0.7
Create a smart city IoT hub with network error detection,r22,0.4572,0.7
Create a smart city IoT hub with network error detection,r23,0.4624,0.4
Create a smart city IoT hub with network error detection,r24,0.5274,0.4
Create a smart city IoT hub with network error detection,r25,0.5516,0.4
Create a smart city IoT hub with network error detection,r26,0.5942,0.4
Create a smart city IoT hub with network error detection,r27,0.5363,0.4
Create a smart city IoT hub with network error detection,r28,0.6683,0.7
Create a smart city IoT hub with network error detection,r29,0.6031,0.7
Create a smart city IoT hub with network error detection,r30,0.6683,0.7
Create a smart city IoT hub with network error detection,r31,0.5764,0.7
Create a smart city IoT hub with network error detection,r32,0.2828,0.3
Create a smart city IoT hub with network error detection,r33,0.507,0.4
Provision a robotics control server with CPU guarantees,r1,0.3842,0.05
Provision a robotics control server with CPU guarantees,r2,0.4032,0.6
Provision a robotics control server with CPU guarantees,r3,0.3698,0.8
Provision a robotics control server with CPU guarantees,r4,0.5096,0.6
Provision a robotics control server with CPU guarantees,r5,0.4971,0.8
Provision a robotics control server with CPU guarantees,r6,0.1087,0.05
Provision a robotics control server with CPU guarantees,r7,0.4082,0.7
Provision a robotics control server with CPU guarantees,r8,0.3188,0.9
Provision a robotics control server with CPU guarantees,r9,0.438,0.7
Provision a robotics control server with CPU guarantees,r10,0.4261,0.9
Provision a robotics control server with CPU guarantees,r11,0.1832,0.05
Provision a robotics control server with CPU guarantees,r12,0.082,0.1
Provision a robotics control server with CPU guarantees,r13,0.2256,0.1
Provision a robotics control server with CPU guarantees,r14,0.2398,0.1
Provision a robotics control server with CPU guarantees,r15,0.5103,0.05
Provision a robotics control server with CPU guarantees,r16,0.3171,0.05
Provision a robotics control server with CPU guarantees,r17,0.1744,0.05
Provision a robotics control server with CPU guarantees,r18,0.306,0.05
Provision a robotics control server with CPU guarantees,r19,0.2612,0.05
Provision a robotics control server with CPU guarantees,r20,0.2546,0.05
Provision a robotics control server with CPU guarantees,r21,0.2612,0.05
Provision a robotics control server with CPU guarantees,r22,0.2477,0.05
Provision a robotics control server with CPU guarantees,r23,0.4448,0.05
Provision a robotics control server with CPU guarantees,r24,0.4227,0.05
Provision a robotics control server with CPU guarantees,r25,0.4601,0.05
Provision a robotics control server with CPU guarantees,r26,0.4057,0.05
Provision a robotics control server with CPU guarantees,r27,0.4286,0.05
Provision a robotics control server with CPU guarantees,r28,0.3782,0.05
Provision a robotics control server with CPU guarantees,r29,0.3907,0.05
Provision a robotics control server with CPU guarantees,r30,0.3782,0.05
Provision a robotics control server with CPU guarantees,r31,0.3551,0.05
Provision a robotics control server with CPU guarantees,r32,0.4437,0.1
Provision a robotics control server with CPU guarantees,r33,0.4839,0.05
Setup a satellite ground station with packet loss prevention,r1,0.1902,0.05
Setup a satellite ground station with packet loss prevention,r2,0.2813,0.3
Setup a satellite ground station with packet loss prevention,r3,0.2632,0.4
Setup a satellite ground station with packet loss prevention,r4,0.3273,0.3
Setup a satellite ground station with packet loss prevention,r5,0.3543,0.4
Setup a satellite ground station with packet loss prevention,r6,0.0244,0.05
Setup a satellite ground station with packet loss prevention,r7,0.1358,0.2
Setup a satellite ground station with packet loss prevention,r8,0.1801,0.3
Setup a satellite ground station with packet loss prevention,r9,0.1458,0.2
Setup a satellite ground station with packet loss prevention,r10,0.24,0.3
Setup a satellite ground station with packet loss prevention,r11,0.1075,0.1
Setup a satellite ground station with packet loss prevention,r12,0.04,0.2
Setup a satellite ground station with packet loss prevention,r13,0.1707,0.1
Setup a satellite ground station with packet loss prevention,r14,0.0994,0.05
Setup a satellite ground station with packet loss prevention,r15,0.2725,0.6
Setup a satellite ground station with packet loss prevention,r16,0.2852,0.7
Setup a satellite ground station with packet loss prevention,r17,0.1229,0.4
Setup a satellite ground station with packet loss prevention,r18,0.1993,0.7
Setup a satellite ground station with packet loss prevention,r19,0.2012,0.8
Setup a satellite ground station with packet loss prevention,r20,0.2743,0.9
Setup a satellite ground station with packet loss prevention,r21,0.2012,0.8
Setup a satellite ground station with packet loss prevention,r22,0.2693,0.9
Setup a satellite ground station with packet loss prevention,r23,0.3323,0.5
Setup a satellite ground station with packet loss prevention,r24,0.3062,0.5
Setup a satellite ground station with packet loss prevention,r25,0.2931,0.5
Setup a satellite ground station with packet loss prevention,r26,0.3228,0.4
Setup a satellite ground station with packet loss prevention,r27,0.22,0.4
Setup a satellite ground station with packet loss prevention,r28,0.2957,0.8
Setup a satellite ground station with packet loss prevention,r29,0.3366,0.9
Setup a satellite ground station with packet loss prevention,r30,0.2957,0.8
Setup a satellite ground station with packet loss prevention,r31,0.3247,0.9
Setup a satellite ground station with packet loss prevention,r32,0.3246,0.3
Setup a satellite ground station with packet loss prevention,r33,0.3611,0.5
Implement a weather modeling cluster with thermal controls,r1,0.1744,0.1
Implement a weather modeling cluster with thermal controls,r2,0.1514,0.6
Implement a weather modeling cluster with thermal controls,r3,0.1596,0.8
Implement a weather modeling cluster with thermal controls,r4,0.2465,0.1
Implement a weather modeling cluster with thermal controls,r5,0.233,0.6
Implement a weather modeling cluster with thermal controls,r6,0.1113,0.1
Implement a weather modeling cluster with thermal controls,r7,0.2155,0.4
Implement a weather modeling cluster with thermal controls,r8,0.2459,0.7
Implement a weather modeling cluster with thermal controls,r9,0.2154,0.1
Implement a weather modeling cluster with thermal controls,r10,0.2571,0.4
Implement a weather modeling cluster with thermal controls,r11,0.307,0.9
Implement a weather modeling cluster with thermal controls,r12,0.3208,0.0
Implement a weather modeling cluster with thermal controls,r13,0.2748,0.9
Implement a weather modeling cluster with thermal controls,r14,0.1437,0.1
Implement a weather modeling cluster with thermal controls,r15,0.1609,0.1
Implement a weather modeling cluster with thermal controls,r16,0.1891,0.1
Implement a weather modeling cluster with thermal controls,r17,0.169,0.1
Implement a weather modeling cluster with thermal controls,r18,0.244,0.1
Implement a weather modeling cluster with thermal controls,r19,0.2047,0.1
Implement a weather modeling cluster with thermal controls,r20,0.2031,0.1
Implement a weather modeling cluster with thermal controls,r21,0.2047,0.1
Implement a weather modeling cluster with thermal controls,r22,0.161,0.1
Implement a weather modeling cluster with thermal controls,r23,0.2621,0.1
Implement a weather modeling cluster with thermal controls,r24,0.265,0.1
Implement a weather modeling cluster with thermal controls,r25,0.18,0.1
Implement a weather modeling cluster with thermal controls,r26,0.2137,0.1
Implement a weather modeling cluster with thermal controls,r27,0.1406,0.1
Implement a weather modeling cluster with thermal controls,r28,0.2333,0.1
Implement a weather modeling cluster with thermal controls,r29,0.2031,0.1
Implement a weather modeling cluster with thermal controls,r30,0.2333,0.1
Implement a weather modeling cluster with thermal controls,r31,0.1653,0.1
Implement a weather modeling cluster with thermal controls,r32,0.0915,0.6
Implement a weather modeling cluster with thermal controls,r33,0.1934,0.1
Deploy a 5G core network element with DPDK optimizations,r1,0.1924,0.0
Deploy a 5G core network element with DPDK optimizations,r2,0.1987,0.0
Deploy a 5G core network element with DPDK optimizations,r3,0.1217,0.0
Deploy a 5G core network element with DPDK optimizations,r4,0.2773,0.0
Deploy a 5G core network element with DPDK optimizations,r5,0.2301,0.0
Deploy a 5G core network element with DPDK optimizations,r6,0.0007,0.0
Deploy a 5G core network element with DPDK optimizations,r7,0.2052,0.0
Deploy a 5G core network element with DPDK optimizations,r8,0.1771,0.0
Deploy a 5G core network element with DPDK optimizations,r9,0.2063,0.0
Deploy a 5G core network element with DPDK optimizations,r10,0.2246,0.0
Deploy a 5G core network element with DPDK optimizations,r11,0.0247,0.0
Deploy a 5G core network element with DPDK optimizations,r12,0.0514,0.0
Deploy a 5G core network element with DPDK optimizations,r13,0.2599,0.0
Deploy a 5G core network element with DPDK optimizations,r14,-0.0253,0.0
Deploy a 5G core network element with DPDK optimizations,r15,0.1736,0.0
Deploy a 5G core network element with DPDK optimizations,r16,0.3721,0.0
Deploy a 5G core network element with DPDK optimizations,r17,0.3442,0.0
Deploy a 5G core network element with DPDK optimizations,r18,0.4336,0.0
Deploy a 5G core network element with DPDK optimizations,r19,0.4322,0.7
Deploy a 5G core network element with DPDK optimizations,r20,0.4467,0.7
Deploy a 5G core network element with DPDK optimizations,r21,0.4322,0.7
Deploy a 5G core network element with DPDK optimizations,r22,0.393,0.7
Deploy a 5G core network element with DPDK optimizations,r23,0.6134,0.9
Deploy a 5G core network element with DPDK optimizations,r24,0.7046,0.9
Deploy a 5G core network element with DPDK optimizations,r25,0.6391,0.9
Deploy a 5G core network element with DPDK optimizations,r26,0.6899,0.9
Deploy a 5G core network element with DPDK optimizations,r27,0.6237,0.9
Deploy a 5G core network element with DPDK optimizations,r28,0.7247,0.7
Deploy a 5G core network element with DPDK optimizations,r29,0.7191,0.7
Deploy a 5G core network element with DPDK optimizations,r30,0.7247,0.7
Deploy a 5G core network element with DPDK optimizations,r31,0.6887,0.7
Deploy a 5G core network element with DPDK optimizations,r32,0.3732,0.8
Deploy a 5G core network element with DPDK optimizations,r33,0.5736,0.9
Deploy a High-Performance Computing (HPC) Cluster with Thermal and Memory safeguards,r1,0.5502,0.2
Deploy a High-Performance Computing (HPC) Cluster with Thermal and Memory safeguards,r2,0.5631,0.8
Deploy a High-Performance Computing (HPC) Cluster with Thermal and Memory safeguards,r3,0.5031,0.9
Deploy a High-Performance Computing (HPC) Cluster with Thermal and Memory safeguards,r4,0.6716,0.7
Deploy a High-Performance Computing (HPC) Cluster with Thermal and Memory safeguards,r5,0.6609,0.85
Deploy a High-Performance Computing (HPC) Cluster with Thermal and Memory safeguards,r6,0.1112,0.7
Deploy a High-Performance Computing (HPC) Cluster with Thermal and Memory safeguards,r7,0.4494,0.6
Deploy a High-Performance Computing (HPC) Cluster with Thermal and Memory safeguards,r8,0.3829,0.75
Deploy a High-Performance Computing (HPC) Cluster with Thermal and Memory safeguards,r9,0.4782,0.5
Deploy a High-Performance Computing (HPC) Cluster with Thermal and Memory safeguards,r10,0.4843,0.65
Deploy a High-Performance Computing (HPC) Cluster with Thermal and Memory safeguards,r11,0.1395,0.9
Deploy a High-Performance Computing (HPC) Cluster with Thermal and Memory safeguards,r12,0.167,0.95
Deploy a High-Performance Computing (HPC) Cluster with Thermal and Memory safeguards,r13,0.3275,0.8
Deploy a High-Performance Computing (HPC) Cluster with Thermal and Memory safeguards,r14,0.0875,0.3
Deploy a High-Performance Computing (HPC) Cluster with Thermal and Memory safeguards,r15,0.4016,0.1
Deploy a High-Performance Computing (HPC) Cluster with Thermal and Memory safeguards,r16,0.3875,0.2
Deploy a High-Performance Computing (HPC) Cluster with Thermal and Memory safeguards,r17,0.1655,0.1
Deploy a High-Performance Computing (HPC) Cluster with Thermal and Memory safeguards,r18,0.2955,0.2
Deploy a High-Performance Computing (HPC) Cluster with Thermal and Memory safeguards,r19,0.2802,0.3
Deploy a High-Performance Computing (HPC) Cluster with Thermal and Memory safeguards,r20,0.3051,0.3
Deploy a High-Performance Computing (HPC) Cluster with Thermal and Memory safeguards,r21,0.2802,0.3
Deploy a High-Performance Computing (HPC) Cluster with Thermal and Memory safeguards,r22,0.3027,0.3
Deploy a High-Performance Computing (HPC) Cluster with Thermal and Memory safeguards,r23,0.5598,0.4
Deploy a High-Performance Computing (HPC) Cluster with Thermal and Memory safeguards,r24,0.5208,0.5
Deploy a High-Performance Computing (HPC) Cluster with Thermal and Memory safeguards,r25,0.4753,0.4
Deploy a High-Performance Computing (HPC) Cluster with Thermal and Memory safeguards,r26,0.4696,0.3
Deploy a High-Performance Computing (HPC) Cluster with Thermal and Memory safeguards,r27,0.3942,0.3
Deploy a High-Performance Computing (HPC) Cluster with Thermal and Memory safeguards,r28,0.4344,0.3
Deploy a High-Performance Computing (HPC) Cluster with Thermal and Memory safeguards,r29,0.4662,0.3
Deploy a High-Performance Computing (HPC) Cluster with Thermal and Memory safeguards,r30,0.4344,0.3
Deploy a High-Performance Computing (HPC) Cluster with Thermal and Memory safeguards,r31,0.438,0.3
Deploy a High-Performance Computing (HPC) Cluster with Thermal and Memory safeguards,r32,0.6611,0.7
Deploy a High-Performance Computing (HPC) Cluster with Thermal and Memory safeguards,r33,0.6979,0.4
Provision a Low-Latency Cloud Gaming Platform with Zero Packet Loss,r1,0.2953,0.05
Provision a Low-Latency Cloud Gaming Platform with Zero Packet Loss,r2,0.386,0.1
Provision a Low-Latency Cloud Gaming Platform with Zero Packet Loss,r3,0.3272,0.1
Provision a Low-Latency Cloud Gaming Platform with Zero Packet Loss,r4,0.4065,0.1
Provision a Low-Latency Cloud Gaming Platform with Zero Packet Loss,r5,0.4551,0.1
Provision a Low-Latency Cloud Gaming Platform with Zero Packet Loss,r6,0.1379,0.0
Provision a Low-Latency Cloud Gaming Platform with Zero Packet Loss,r7,0.3186,0.2
Provision a Low-Latency Cloud Gaming Platform with Zero Packet Loss,r8,0.2602,0.2
Provision a Low-Latency Cloud Gaming Platform with Zero Packet Loss,r9,0.3309,0.2
Provision a Low-Latency Cloud Gaming Platform with Zero Packet Loss,r10,0.3565,0.2
Provision a Low-Latency Cloud Gaming Platform with Zero Packet Loss,r11,0.2131,0.0
Provision a Low-Latency Cloud Gaming Platform with Zero Packet Loss,r12,0.155,0.0
Provision a Low-Latency Cloud Gaming Platform with Zero Packet Loss,r13,0.3758,0.0
Provision a Low-Latency Cloud Gaming Platform with Zero Packet Loss,r14,0.1395,0.0
Provision a Low-Latency Cloud Gaming Platform with Zero Packet Loss,r15,0.2563,0.7
Provision a Low-Latency Cloud Gaming Platform with Zero Packet Loss,r16,0.4435,0.8
Provision a Low-Latency Cloud Gaming Platform with Zero Packet Loss,r17,0.341,0.8
Provision a Low-Latency Cloud Gaming Platform with Zero Packet Loss,r18,0.3587,0.8
Provision a Low-Latency Cloud Gaming Platform with Zero Packet Loss,r19,0.4001,0.9
Provision a Low-Latency Cloud Gaming Platform with Zero Packet Loss,r20,0.5047,0.9
Provision a Low-Latency Cloud Gaming Platform with Zero Packet Loss,r21,0.4001,0.9
Provision a Low-Latency Cloud Gaming Platform with Zero Packet Loss,r22,0.478,0.9
Provision a Low-Latency Cloud Gaming Platform with Zero Packet Loss,r23,0.4676,0.5
Provision a Low-Latency Cloud Gaming Platform with Zero Packet Loss,r24,0.4034,0.5
Provision a Low-Latency Cloud Gaming Platform with Zero Packet Loss,r25,0.4339,0.5
Provision a Low-Latency Cloud Gaming Platform with Zero Packet Loss,r26,0.4071,0.5
Provision a Low-Latency Cloud Gaming Platform with Zero Packet Loss,r27,0.4333,0.5
Provision a Low-Latency Cloud Gaming Platform with Zero Packet Loss,r28,0.4315,0.9
Provision a Low-Latency Cloud Gaming Platform with Zero Packet Loss,r29,0.5339,0.9
Provision a Low-Latency Cloud Gaming Platform with Zero Packet Loss,r30,0.4315,0.9
Provision a Low-Latency Cloud Gaming Platform with Zero Packet Loss,r31,0.4938,0.9
Provision a Low-Latency Cloud Gaming Platform with Zero Packet Loss,r32,0.4673,0.4
Provision a Low-Latency Cloud Gaming Platform with Zero Packet Loss,r33,0.4515,0.4
Implement an Autonomous Vehicle Control System with Real-Time network Stability,r1,0.2179,0.1
Implement an Autonomous Vehicle Control System with Real-Time network Stability,r2,0.2936,0.6
Implement an Autonomous Vehicle Control System with Real-Time network Stability,r3,0.253,0.8
Implement an Autonomous Vehicle Control System with Real-Time network Stability,r4,0.3082,0.6
Implement an Autonomous Vehicle Control System with Real-Time network Stability,r5,0.3631,0.8
Implement an Autonomous Vehicle Control System with Real-Time network Stability,r6,0.0111,0.1
Implement an Autonomous Vehicle Control System with Real-Time network Stability,r7,0.2653,0.7
Implement an Autonomous Vehicle Control System with Real-Time network Stability,r8,0.2433,0.9
Implement an Autonomous Vehicle Control System with Real-Time network Stability,r9,0.254,0.7
Implement an Autonomous Vehicle Control System with Real-Time network Stability,r10,0.3293,0.9
Implement an Autonomous Vehicle Control System with Real-Time network Stability,r11,0.0959,0.2
Implement an Autonomous Vehicle Control System with Real-Time network Stability,r12,0.0305,0.4
Implement an Autonomous Vehicle Control System with Real-Time network Stability,r13,0.3458,0.2
Implement an Autonomous Vehicle Control System with Real-Time network Stability,r14,0.0998,0.1
Implement an Autonomous Vehicle Control System with Real-Time network Stability,r15,0.301,0.6
Implement an Autonomous Vehicle Control System with Real-Time network Stability,r16,0.4357,0.8
Implement an Autonomous Vehicle Control System with Real-Time network Stability,r17,0.2771,0.3
Implement an Autonomous Vehicle Control System with Real-Time network Stability,r18,0.4321,0.7
Implement an Autonomous Vehicle Control System with Real-Time network Stability,r19,0.4581,0.8
Implement an Autonomous Vehicle Control System with Real-Time network Stability,r20,0.4248,0.7
Implement an Autonomous Vehicle Control System with Real-Time network Stability,r21,0.4581,0.8
Implement an Autonomous Vehicle Control System with Real-Time network Stability,r22,0.3822,0.7
Implement an Autonomous Vehicle Control System with Real-Time network Stability,r23,0.4112,0.5
Implement an Autonomous Vehicle Control System with Real-Time network Stability,r24,0.4552,0.5
Implement an Autonomous Vehicle Control System with Real-Time network Stability,r25,0.4961,0.5
Implement an Autonomous Vehicle Control System with Real-Time network Stability,r26,0.5372,0.4
Implement an Autonomous Vehicle Control System with Real-Time network Stability,r27,0.4902,0.4
Implement an Autonomous Vehicle Control System with Real-Time network Stability,r28,0.5616,0.8
Implement an Autonomous Vehicle Control System with Real-Time network Stability,r29,0.5667,0.7
Implement an Autonomous Vehicle Control System with Real-Time network Stability,r30,0.5616,0.8
Implement an Autonomous Vehicle Control System with Real-Time network Stability,r31,0.5117,0.7
Implement an Autonomous Vehicle Control System with Real-Time network Stability,r32,0.2549,0.3
Implement an Autonomous Vehicle Control System with Real-Time network Stability,r33,0.4207,0.5
Implement a Real-Time Video Surveillance System with Frame Loss Prevention,r1,0.3017,0.05
Implement a Real-Time Video Surveillance System with Frame Loss Prevention,r2,0.3469,0.1
Implement a Real-Time Video Surveillance System with Frame Loss Prevention,r3,0.4132,0.15
Implement a Real-Time Video Surveillance System with Frame Loss Prevention,r4,0.3201,0.1
Implement a Real-Time Video Surveillance System with Frame Loss Prevention,r5,0.4597,0.15
Implement a Real-Time Video Surveillance System with Frame Loss Prevention,r6,0.1104,0.05
Implement a Real-Time Video Surveillance System with Frame Loss Prevention,r7,0.2854,0.2
Implement a Real-Time Video Surveillance System with Frame Loss Prevention,r8,0.3479,0.25
Implement a Real-Time Video Surveillance System with Frame Loss Prevention,r9,0.2544,0.2
Implement a Real-Time Video Surveillance System with Frame Loss Prevention,r10,0.3735,0.25
Implement a Real-Time Video Surveillance System with Frame Loss Prevention,r11,0.202,0.1
Implement a Real-Time Video Surveillance System with Frame Loss Prevention,r12,0.1531,0.15
Implement a Real-Time Video Surveillance System with Frame Loss Prevention,r13,0.2898,0.1
Implement a Real-Time Video Surveillance System with Frame Loss Prevention,r14,0.2176,0.05
Implement a Real-Time Video Surveillance System with Frame Loss Prevention,r15,0.2095,0.1
Implement a Real-Time Video Surveillance System with Frame Loss Prevention,r16,0.4107,0.7
Implement a Real-Time Video Surveillance System with Frame Loss Prevention,r17,0.0933,0.6
Implement a Real-Time Video Surveillance System with Frame Loss Prevention,r18,0.2488,0.75
Implement a Real-Time Video Surveillance System with Frame Loss Prevention,r19,0.2508,0.8
Implement a Real-Time Video Surveillance System with Frame Loss Prevention,r20,0.2925,0.85
Implement a Real-Time Video Surveillance System with Frame Loss Prevention,r21,0.2508,0.8
Implement a Real-Time Video Surveillance System with Frame Loss Prevention,r22,0.3083,0.85
Implement a Real-Time Video Surveillance System with Frame Loss Prevention,r23,0.3514,0.4
Implement a Real-Time Video Surveillance System with Frame Loss Prevention,r24,0.3425,0.4
Implement a Real-Time Video Surveillance System with Frame Loss Prevention,r25,0.34,0.4
Implement a Real-Time Video Surveillance System with Frame Loss Prevention,r26,0.3389,0.3
Implement a Real-Time Video Surveillance System with Frame Loss Prevention,r27,0.2706,0.3
Implement a Real-Time Video Surveillance System with Frame Loss Prevention,r28,0.3431,0.8
Implement a Real-Time Video Surveillance System with Frame Loss Prevention,r29,0.4057,0.85
Implement a Real-Time Video Surveillance System with Frame Loss Prevention,r30,0.3431,0.8
Implement a Real-Time Video Surveillance System with Frame Loss Prevention,r31,0.4004,0.85
Implement a Real-Time Video Surveillance System with Frame Loss Prevention,r32,0.3886,0.3
Implement a Real-Time Video Surveillance System with Frame Loss Prevention,r33,0.3926,0.4
Create a Cloud-Based AI Training Cluster with GPU Utilization Monitoring,r1,0.2309,0.05
Create a Cloud-Based AI Training Cluster with GPU Utilization Monitoring,r2,0.2579,0.6
Create a Cloud-Based AI Training Cluster with GPU Utilization Monitoring,r3,0.1939,0.7
Create a Cloud-Based AI Training Cluster with GPU Utilization Monitoring,r4,0.3604,0.6
Create a Cloud-Based AI Training Cluster with GPU Utilization Monitoring,r5,0.3705,0.7
Create a Cloud-Based AI Training Cluster with GPU Utilization Monitoring,r6,0.0793,0.1
Create a Cloud-Based AI Training Cluster with GPU Utilization Monitoring,r7,0.316,0.5
Create a Cloud-Based AI Training Cluster with GPU Utilization Monitoring,r8,0.2582,0.6
Create a Cloud-Based AI Training Cluster with GPU Utilization Monitoring,r9,0.3519,0.5
Create a Cloud-Based AI Training Cluster with GPU Utilization Monitoring,r10,0.3592,0.6
Create a Cloud-Based AI Training Cluster with GPU Utilization Monitoring,r11,0.0616,0.2
Create a Cloud-Based AI Training Cluster with GPU Utilization Monitoring,r12,0.0631,0.3
Create a Cloud-Based AI Training Cluster with GPU Utilization Monitoring,r13,0.2039,0.1
Create a Cloud-Based AI Training Cluster with GPU Utilization Monitoring,r14,0.0036,0.05
Create a Cloud-Based AI Training Cluster with GPU Utilization Monitoring,r15,0.2912,0.0
Create a Cloud-Based AI Training Cluster with GPU Utilization Monitoring,r16,0.2922,0.0
Create a Cloud-Based AI Training Cluster with GPU Utilization Monitoring,r17,0.2179,0.0
Create a Cloud-Based AI Training Cluster with GPU Utilization Monitoring,r18,0.2941,0.0
Create a Cloud-Based AI Training Cluster with GPU Utilization Monitoring,r19,0.313,0.0
Create a Cloud-Based AI Training Cluster with GPU Utilization Monitoring,r20,0.3238,0.0
Create a Cloud-Based AI Training Cluster with GPU Utilization Monitoring,r21,0.313,0.0
Create a Cloud-Based AI Training Cluster with GPU Utilization Monitoring,r22,0.2837,0.0
Create a Cloud-Based AI Training Cluster with GPU Utilization Monitoring,r23,0.3649,0.0
Create a Cloud-Based AI Training Cluster with GPU Utilization Monitoring,r24,0.42,0.0
Create a Cloud-Based AI Training Cluster with GPU Utilization Monitoring,r25,0.3595,0.0
Create a Cloud-Based AI Training Cluster with GPU Utilization Monitoring,r26,0.3695,0.0
Create a Cloud-Based AI Training Cluster with GPU Utilization Monitoring,r27,0.3479,0.0
Create a Cloud-Based AI Training Cluster with GPU Utilization Monitoring,r28,0.3622,0.0
Create a Cloud-Based AI Training Cluster with GPU Utilization Monitoring,r29,0.3905,0.0
Create a Cloud-Based AI Training Cluster with GPU Utilization Monitoring,r30,0.3622,0.0
Create a Cloud-Based AI Training Cluster with GPU Utilization Monitoring,r31,0.3416,0.0
Create a Cloud-Based AI Training Cluster with GPU Utilization Monitoring,r32,0.2794,0.4
Create a Cloud-Based AI Training Cluster with GPU Utilization Monitoring,r33,0.3782,0.0
Setup a Global Content Delivery Network (CDN) with Packet integrity Assurance,r1,0.2478,0.05
Setup a Global Content Delivery Network (CDN) with Packet integrity Assurance,r2,0.2502,0.1
Setup a Global Content Delivery Network (CDN) with Packet integrity Assurance,r3,0.211,0.1
Setup a Global Content Delivery Network (CDN) with Packet integrity Assurance,r4,0.2734,0.1
Setup a Global Content Delivery Network (CDN) with Packet integrity Assurance,r5,0.2506,0.1
Setup a Global Content Delivery Network (CDN) with Packet integrity Assurance,r6,0.0341,0.0
Setup a Global Content Delivery Network (CDN) with Packet integrity Assurance,r7,0.1806,0.1
Setup a Global Content Delivery Network (CDN) with Packet integrity Assurance,r8,0.1998,0.1
Setup a Global Content Delivery Network (CDN) with Packet integrity Assurance,r9,0.1671,0.1
Setup a Global Content Delivery Network (CDN) with Packet integrity Assurance,r10,0.1877,0.1
Setup a Global Content Delivery Network (CDN) with Packet integrity Assurance,r11,0.0589,0.0
Setup a Global Content Delivery Network (CDN) with Packet integrity Assurance,r12,0.0364,0.0
Setup a Global Content Delivery Network (CDN) with Packet integrity Assurance,r13,0.2926,0.0
Setup a Global Content Delivery Network (CDN) with Packet integrity Assurance,r14,0.0265,0.0
Setup a Global Content Delivery Network (CDN) with Packet integrity Assurance,r15,0.2009,0.0
Setup a Global Content Delivery Network (CDN) with Packet integrity Assurance,r16,0.3802,0.7
Setup a Global Content Delivery Network (CDN) with Packet integrity Assurance,r17,0.3619,0.6
Setup a Global Content Delivery Network (CDN) with Packet integrity Assurance,r18,0.5133,0.7
Setup a Global Content Delivery Network (CDN) with Packet integrity Assurance,r19,0.4446,0.8
Setup a Global Content Delivery Network (CDN) with Packet integrity Assurance,r20,0.4518,0.8
Setup a Global Content Delivery Network (CDN) with Packet integrity Assurance,r21,0.4446,0.8
Setup a Global Content Delivery Network (CDN) with Packet integrity Assurance,r22,0.4116,0.8
Setup a Global Content Delivery Network (CDN) with Packet integrity Assurance,r23,0.497,0.5
Setup a Global Content Delivery Network (CDN) with Packet integrity Assurance,r24,0.584,0.5
Setup a Global Content Delivery Network (CDN) with Packet integrity Assurance,r25,0.6003,0.5
Setup a Global Content Delivery Network (CDN) with Packet integrity Assurance,r26,0.5869,0.5
Setup a Global Content Delivery Network (CDN) with Packet integrity Assurance,r27,0.5878,0.5
Setup a Global Content Delivery Network (CDN) with Packet integrity Assurance,r28,0.5911,0.8
Setup a Global Content Delivery Network (CDN) with Packet integrity Assurance,r29,0.5954,0.8
Setup a Global Content Delivery Network (CDN) with Packet integrity Assurance,r30,0.5911,0.8
Setup a Global Content Delivery Network (CDN) with Packet integrity Assurance,r31,0.5602,0.8
Setup a Global Content Delivery Network (CDN) with Packet integrity Assurance,r32,0.2635,0.0
Setup a Global Content Delivery Network (CDN) with Packet integrity Assurance,r33,0.4634,0.5
Implement a Satellite Communication Hub with Signal Integrity Checks,r1,0.1077,0.05
Implement a Satellite Communication Hub with Signal Integrity Checks,r2,0.1038,0.1
Implement a Satellite Communication Hub with Signal Integrity Checks,r3,0.1288,0.15
Implement a Satellite Communication Hub with Signal Integrity Checks,r4,0.1106,0.1
Implement a Satellite Communication Hub with Signal Integrity Checks,r5,0.1325,0.15
Implement a Satellite Communication Hub with Signal Integrity Checks,r6,0.0569,0.05
Implement a Satellite Communication Hub with Signal Integrity Checks,r7,0.0888,0.2
Implement a Satellite Communication Hub with Signal Integrity Checks,r8,0.1777,0.25
Implement a Satellite Communication Hub with Signal Integrity Checks,r9,0.0307,0.2
Implement a Satellite Communication Hub with Signal Integrity Checks,r10,0.1149,0.25
Implement a Satellite Communication Hub with Signal Integrity Checks,r11,0.1078,0.6
Implement a Satellite Communication Hub with Signal Integrity Checks,r12,0.1228,0.8
Implement a Satellite Communication Hub with Signal Integrity Checks,r13,0.2141,0.7
Implement a Satellite Communication Hub with Signal Integrity Checks,r14,0.0864,0.1
Implement a Satellite Communication Hub with Signal Integrity Checks,r15,0.1708,0.3
Implement a Satellite Communication Hub with Signal Integrity Checks,r16,0.2642,0.5
Implement a Satellite Communication Hub with Signal Integrity Checks,r17,0.2684,0.4
Implement a Satellite Communication Hub with Signal Integrity Checks,r18,0.3164,0.6
Implement a Satellite Communication Hub with Signal Integrity Checks,r19,0.3285,0.7
Implement a Satellite Communication Hub with Signal Integrity Checks,r20,0.2788,0.6
Implement a Satellite Communication Hub with Signal Integrity Checks,r21,0.3285,0.7
Implement a Satellite Communication Hub with Signal Integrity Checks,r22,0.247,0.6
Implement a Satellite Communication Hub with Signal Integrity Checks,r23,0.2179,0.5
Implement a Satellite Communication Hub with Signal Integrity Checks,r24,0.2926,0.5
Implement a Satellite Communication Hub with Signal Integrity Checks,r25,0.2779,0.5
Implement a Satellite Communication Hub with Signal Integrity Checks,r26,0.2947,0.4
Implement a Satellite Communication Hub with Signal Integrity Checks,r27,0.2712,0.4
Implement a Satellite Communication Hub with Signal Integrity Checks,r28,0.3265,0.7
Implement a Satellite Communication Hub with Signal Integrity Checks,r29,0.2721,0.6
Implement a Satellite Communication Hub with Signal Integrity Checks,r30,0.3265,0.7
Implement a Satellite Communication Hub with Signal Integrity Checks,r31,0.2406,0.6
Implement a Satellite Communication Hub with Signal Integrity Checks,r32,0.0323,0.3
Implement a Satellite Communication Hub with Signal Integrity Checks,r33,0.1656,0.4
Build a Decentralized Blockchain Network with Consensus Stability,r1,0.3325,0.05
Build a Decentralized Blockchain Network with Consensus Stability,r2,0.342,0.1
Build a Decentralized Blockchain Network with Consensus Stability,r3,0.3211,0.1
Build a Decentralized Blockchain Network with Consensus Stability,r4,0.3772,0.1
Build a Decentralized Blockchain Network with Consensus Stability,r5,0.3439,0.1
Build a Decentralized Blockchain Network with Consensus Stability,r6,0.1772,0.05
Build a Decentralized Blockchain Network with Consensus Stability,r7,0.2605,0.2
Build a Decentralized Blockchain Network with Consensus Stability,r8,0.2337,0.2
Build a Decentralized Blockchain Network with Consensus Stability,r9,0.2306,0.2
Build a Decentralized Blockchain Network with Consensus Stability,r10,0.2171,0.2
Build a Decentralized Blockchain Network with Consensus Stability,r11,0.1652,0.0
Build a Decentralized Blockchain Network with Consensus Stability,r12,0.0976,0.0
Build a Decentralized Blockchain Network with Consensus Stability,r13,0.1998,0.0
Build a Decentralized Blockchain Network with Consensus Stability,r14,0.2481,0.1
Build a Decentralized Blockchain Network with Consensus Stability,r15,0.3977,0.7
Build a Decentralized Blockchain Network with Consensus Stability,r16,0.371,0.8
Build a Decentralized Blockchain Network with Consensus Stability,r17,0.3438,0.8
Build a Decentralized Blockchain Network with Consensus Stability,r18,0.4233,0.8
Build a Decentralized Blockchain Network with Consensus Stability,r19,0.4034,0.8
Build a Decentralized Blockchain Network with Consensus Stability,r20,0.3565,0.8
Build a Decentralized Blockchain Network with Consensus Stability,r21,0.4034,0.8
Build a Decentralized Blockchain Network with Consensus Stability,r22,0.3381,0.8
Build a Decentralized Blockchain Network with Consensus Stability,r23,0.4411,0.5
Build a Decentralized Blockchain Network with Consensus Stability,r24,0.4722,0.5
Build a Decentralized Blockchain Network with Consensus Stability,r25,0.4254,0.5
Build a Decentralized Blockchain Network with Consensus Stability,r26,0.4254,0.5
Build a Decentralized Blockchain Network with Consensus Stability,r27,0.4006,0.5
Build a Decentralized Blockchain Network with Consensus Stability,r28,0.4105,0.8
Build a Decentralized Blockchain Network with Consensus Stability,r29,0.3999,0.8
Build a Decentralized Blockchain Network with Consensus Stability,r30,0.4105,0.8
Build a Decentralized Blockchain Network with Consensus Stability,r31,0.361,0.8
Build a Decentralized Blockchain Network with Consensus Stability,r32,0.3083,0.4
Build a Decentralized Blockchain Network with Consensus Stability,r33,0.4415,0.4
Setup an Edge AI Inference Node with Thermal and Memory Safeguards,r1,0.6238,0.1
Setup an Edge AI Inference Node with Thermal and Memory Safeguards,r2,0.633,0.8
Setup an Edge AI Inference Node with Thermal and Memory Safeguards,r3,0.5811,0.9
Setup an Edge AI Inference Node with Thermal and Memory Safeguards,r4,0.6514,0.8
Setup an Edge AI Inference Node with Thermal and Memory Safeguards,r5,0.6401,0.9
Setup an Edge AI Inference Node with Thermal and Memory Safeguards,r6,0.1029,0.7
Setup an Edge AI Inference Node with Thermal and Memory Safeguards,r7,0.3644,0.6
Setup an Edge AI Inference Node with Thermal and Memory Safeguards,r8,0.3425,0.7
Setup an Edge AI Inference Node with Thermal and Memory Safeguards,r9,0.3618,0.6
Setup an Edge AI Inference Node with Thermal and Memory Safeguards,r10,0.3924,0.7
Setup an Edge AI Inference Node with Thermal and Memory Safeguards,r11,0.1824,0.9
Setup an Edge AI Inference Node with Thermal and Memory Safeguards,r12,0.1312,0.0
Setup an Edge AI Inference Node with Thermal and Memory Safeguards,r13,0.2315,0.8
Setup an Edge AI Inference Node with Thermal and Memory Safeguards,r14,0.1342,0.2
Setup an Edge AI Inference Node with Thermal and Memory Safeguards,r15,0.3916,0.0
Setup an Edge AI Inference Node with Thermal and Memory Safeguards,r16,0.3302,0.1
Setup an Edge AI Inference Node with Thermal and Memory Safeguards,r17,0.104,0.1
Setup an Edge AI Inference Node with Thermal and Memory Safeguards,r18,0.2294,0.1
Setup an Edge AI Inference Node with Thermal and Memory Safeguards,r19,0.1999,0.1
Setup an Edge AI Inference Node with Thermal and Memory Safeguards,r20,0.2363,0.1
Setup an Edge AI Inference Node with Thermal and Memory Safeguards,r21,0.1999,0.1
Setup an Edge AI Inference Node with Thermal and Memory Safeguards,r22,0.2264,0.1
Setup an Edge AI Inference Node with Thermal and Memory Safeguards,r23,0.4752,0.0
Setup an Edge AI Inference Node with Thermal and Memory Safeguards,r24,0.4339,0.0
Setup an Edge AI Inference Node with Thermal and Memory Safeguards,r25,0.3772,0.0
Setup an Edge AI Inference Node with Thermal and Memory Safeguards,r26,0.3955,0.0
Setup an Edge AI Inference Node with Thermal and Memory Safeguards,r27,0.2739,0.0
Setup an Edge AI Inference Node with Thermal and Memory Safeguards,r28,0.3486,0.1
Setup an Edge AI Inference Node with Thermal and Memory Safeguards,r29,0.3811,0.1
Setup an Edge AI Inference Node with Thermal and Memory Safeguards,r30,0.3486,0.1
Setup an Edge AI Inference Node with Thermal and Memory Safeguards,r31,0.3492,0.1
Setup an Edge AI Inference Node with Thermal and Memory Safeguards,r32,0.6427,0.7
Setup an Edge AI Inference Node with Thermal and Memory Safeguards,r33,0.6517,0.0
Deploy a Backup Server with SSH Access and Network Stability,r1,0.3659,0.05
Deploy a Backup Server with SSH Access and Network Stability,r2,0.3855,0.3
Deploy a Backup Server with SSH Access and Network Stability,r3,0.3649,0.4
Deploy a Backup Server with SSH Access and Network Stability,r4,0.4939,0.3
Deploy a Backup Server with SSH Access and Network Stability,r5,0.5201,0.4
Deploy a Backup Server with SSH Access and Network Stability,r6,0.0625,0.05
Deploy a Backup Server with SSH Access and Network Stability,r7,0.3514,0.1
Deploy a Backup Server with SSH Access and Network Stability,r8,0.3192,0.2
Deploy a Backup Server with SSH Access and Network Stability,r9,0.3972,0.1
Deploy a Backup Server with SSH Access and Network Stability,r10,0.4041,0.2
Deploy a Backup Server with SSH Access and Network Stability,r11,0.0315,0.05
Deploy a Backup Server with SSH Access and Network Stability,r12,0.0212,0.1
Deploy a Backup Server with SSH Access and Network Stability,r13,0.2756,0.1
Deploy a Backup Server with SSH Access and Network Stability,r14,0.1144,0.05
Deploy a Backup Server with SSH Access and Network Stability,r15,0.5472,0.7
Deploy a Backup Server with SSH Access and Network Stability,r16,0.3591,0.5
Deploy a Backup Server with SSH Access and Network Stability,r17,0.1632,0.3
Deploy a Backup Server with SSH Access and Network Stability,r18,0.3187,0.4
Deploy a Backup Server with SSH Access and Network Stability,r19,0.3122,0.4
Deploy a Backup Server with SSH Access and Network Stability,r20,0.2554,0.4
Deploy a Backup Server with SSH Access and Network Stability,r21,0.3122,0.4
Deploy a Backup Server with SSH Access and Network Stability,r22,0.2716,0.4
Deploy a Backup Server with SSH Access and Network Stability,r23,0.4304,0.05
Deploy a Backup Server with SSH Access and Network Stability,r24,0.4281,0.05
Deploy a Backup Server with SSH Access and Network Stability,r25,0.4373,0.05
Deploy a Backup Server with SSH Access and Network Stability,r26,0.414,0.05
Deploy a Backup Server with SSH Access and Network Stability,r27,0.4049,0.05
Deploy a Backup Server with SSH Access and Network Stability,r28,0.4288,0.4
Deploy a Backup Server with SSH Access and Network Stability,r29,0.3984,0.4
Deploy a Backup Server with SSH Access and Network Stability,r30,0.4288,0.4
Deploy a Backup Server with SSH Access and Network Stability,r31,0.3865,0.4
Deploy a Backup Server with SSH Access and Network Stability,r32,0.4082,0.05
Deploy a Backup Server with SSH Access and Network Stability,r33,0.4967,0.05
Create an IoT Temperature Sensor Node with Thermal Thresholds,r1,0.1866,0.05
Create an IoT Temperature Sensor Node with Thermal Thresholds,r2,0.1585,0.6
Create an IoT Temperature Sensor Node with Thermal Thresholds,r3,0.1529,0.8
Create an IoT Temperature Sensor Node with Thermal Thresholds,r4,0.2434,0.05
Create an IoT Temperature Sensor Node with Thermal Thresholds,r5,0.2171,0.6
Create an IoT Temperature Sensor Node with Thermal Thresholds,r6,0.113,0.05
Create an IoT Temperature Sensor Node with Thermal Thresholds,r7,0.2367,0.1
Create an IoT Temperature Sensor Node with Thermal Thresholds,r8,0.2569,0.2
Create an IoT Temperature Sensor Node with Thermal Thresholds,r9,0.2138,0.1
Create an IoT Temperature Sensor Node with Thermal Thresholds,r10,0.2538,0.2
Create an IoT Temperature Sensor Node with Thermal Thresholds,r11,0.3755,0.9
Create an IoT Temperature Sensor Node with Thermal Thresholds,r12,0.399,0.0
Create an IoT Temperature Sensor Node with Thermal Thresholds,r13,0.3261,0.7
Create an IoT Temperature Sensor Node with Thermal Thresholds,r14,0.2373,0.05
Create an IoT Temperature Sensor Node with Thermal Thresholds,r15,0.2431,0.0
Create an IoT Temperature Sensor Node with Thermal Thresholds,r16,0.2267,0.0
Create an IoT Temperature Sensor Node with Thermal Thresholds,r17,0.284,0.0
Create an IoT Temperature Sensor Node with Thermal Thresholds,r18,0.3415,0.0
Create an IoT Temperature Sensor Node with Thermal Thresholds,r19,0.2865,0.0
Create an IoT Temperature Sensor Node with Thermal Thresholds,r20,0.2583,0.0
Create an IoT Temperature Sensor Node with Thermal Thresholds,r21,0.2865,0.0
Create an IoT Temperature Sensor Node with Thermal Thresholds,r22,0.2166,0.0
Create an IoT Temperature Sensor Node with Thermal Thresholds,r23,0.3101,0.0
Create an IoT Temperature Sensor Node with Thermal Thresholds,r24,0.2955,0.0
Create an IoT Temperature Sensor Node with Thermal Thresholds,r25,0.2156,0.0
Create an IoT Temperature Sensor Node with Thermal Thresholds,r26,0.2333,0.0
Create an IoT Temperature Sensor Node with Thermal Thresholds,r27,0.1578,0.0
Create an IoT Temperature Sensor Node with Thermal Thresholds,r28,0.2644,0.0
Create an IoT Temperature Sensor Node with Thermal Thresholds,r29,0.2294,0.0
Create an IoT Temperature Sensor Node with Thermal Thresholds,r30,0.2644,0.0
Create an IoT Temperature Sensor Node with Thermal Thresholds,r31,0.1962,0.0
Create an IoT Temperature Sensor Node with Thermal Thresholds,r32,0.1176,0.0
Create an IoT Temperature Sensor Node with Thermal Thresholds,r33,0.1859,0.0
Deploy a Static Web Server with MTU and Packet Loss Monitoring,r1,0.2079,0.05
Deploy a Static Web Server with MTU and Packet Loss Monitoring,r2,0.2854,0.1
Deploy a Static Web Server with MTU and Packet Loss Monitoring,r3,0.232,0.1
Deploy a Static Web Server with MTU and Packet Loss Monitoring,r4,0.3516,0.1
Deploy a Static Web Server with MTU and Packet Loss Monitoring,r5,0.3331,0.1
Deploy a Static Web Server with MTU and Packet Loss Monitoring,r6,0.1057,0.0
Deploy a Static Web Server with MTU and Packet Loss Monitoring,r7,0.2819,0.1
Deploy a Static Web Server with MTU and Packet Loss Monitoring,r8,0.2191,0.1
Deploy a Static Web Server with MTU and Packet Loss Monitoring,r9,0.2718,0.1
Deploy a Static Web Server with MTU and Packet Loss Monitoring,r10,0.2807,0.1
Deploy a Static Web Server with MTU and Packet Loss Monitoring,r11,0.1853,0.0
Deploy a Static Web Server with MTU and Packet Loss Monitoring,r12,0.1123,0.0
Deploy a Static Web Server with MTU and Packet Loss Monitoring,r13,0.2259,0.0
Deploy a Static Web Server with MTU and Packet Loss Monitoring,r14,0.1681,0.0
Deploy a Static Web Server with MTU and Packet Loss Monitoring,r15,0.3454,0.0
Deploy a Static Web Server with MTU and Packet Loss Monitoring,r16,0.319,0.7
Deploy a Static Web Server with MTU and Packet Loss Monitoring,r17,0.2813,0.8
Deploy a Static Web Server with MTU and Packet Loss Monitoring,r18,0.3259,0.6
Deploy a Static Web Server with MTU and Packet Loss Monitoring,r19,0.3326,0.7
Deploy a Static Web Server with MTU and Packet Loss Monitoring,r20,0.34,0.7
Deploy a Static Web Server with MTU and Packet Loss Monitoring,r21,0.3326,0.7
Deploy a Static Web Server with MTU and Packet Loss Monitoring,r22,0.3922,0.7
Deploy a Static Web Server with MTU and Packet Loss Monitoring,r23,0.3676,0.0
Deploy a Static Web Server with MTU and Packet Loss Monitoring,r24,0.3831,0.0
Deploy a Static Web Server with MTU and Packet Loss Monitoring,r25,0.3498,0.0
Deploy a Static Web Server with MTU and Packet Loss Monitoring,r26,0.3559,0.0
Deploy a Static Web Server with MTU and Packet Loss Monitoring,r27,0.3423,0.0
Deploy a Static Web Server with MTU and Packet Loss Monitoring,r28,0.3421,0.7
Deploy a Static Web Server with MTU and Packet Loss Monitoring,r29,0.3783,0.7
Deploy a Static Web Server with MTU and Packet Loss Monitoring,r30,0.3421,0.7
Deploy a Static Web Server with MTU and Packet Loss Monitoring,r31,0.417,0.7
Deploy a Static Web Server with MTU and Packet Loss Monitoring,r32,0.3314,0.0
Deploy a Static Web Server with MTU and Packet Loss Monitoring,r33,0.3726,0.0
Setup a Digital Signage System with Fan Speed Safeguards,r1,0.1935,0.05
Setup a Digital Signage System with Fan Speed Safeguards,r2,0.1823,0.1
Setup a Digital Signage System with Fan Speed Safeguards,r3,0.2193,0.1
Setup a Digital Signage System with Fan Speed Safeguards,r4,0.2854,0.1
Setup a Digital Signage System with Fan Speed Safeguards,r5,0.3513,0.1
Setup a Digital Signage System with Fan Speed Safeguards,r6,0.0371,0.05
Setup a Digital Signage System with Fan Speed Safeguards,r7,0.2246,0.1
Setup a Digital Signage System with Fan Speed Safeguards,r8,0.253,0.1
Setup a Digital Signage System with Fan Speed Safeguards,r9,0.2563,0.1
Setup a Digital Signage System with Fan Speed Safeguards,r10,0.3099,0.1
Setup a Digital Signage System with Fan Speed Safeguards,r11,0.0725,0.8
Setup a Digital Signage System with Fan Speed Safeguards,r12,0.1075,0.9
Setup a Digital Signage System with Fan Speed Safeguards,r13,0.5383,0.9
Setup a Digital Signage System with Fan Speed Safeguards,r14,0.0391,0.05
Setup a Digital Signage System with Fan Speed Safeguards,r15,0.2752,0.0
Setup a Digital Signage System with Fan Speed Safeguards,r16,0.4028,0.0
Setup a Digital Signage System with Fan Speed Safeguards,r17,0.1963,0.0
Setup a Digital Signage System with Fan Speed Safeguards,r18,0.359,0.0
Setup a Digital Signage System with Fan Speed Safeguards,r19,0.2954,0.0
Setup a Digital Signage System with Fan Speed Safeguards,r20,0.2866,0.0
Setup a Digital Signage System with Fan Speed Safeguards,r21,0.2954,0.0
Setup a Digital Signage System with Fan Speed Safeguards,r22,0.2715,0.0
Setup a Digital Signage System with Fan Speed Safeguards,r23,0.416,0.0
Setup a Digital Signage System with Fan Speed Safeguards,r24,0.3619,0.0
Setup a Digital Signage System with Fan Speed Safeguards,r25,0.3549,0.0
Setup a Digital Signage System with Fan Speed Safeguards,r26,0.401,0.0
Setup a Digital Signage System with Fan Speed Safeguards,r27,0.3248,0.0
Setup a Digital Signage System with Fan Speed Safeguards,r28,0.3335,0.0
Setup a Digital Signage System with Fan Speed Safeguards,r29,0.3416,0.0
Setup a Digital Signage System with Fan Speed Safeguards,r30,0.3335,0.0
Setup a Digital Signage System with Fan Speed Safeguards,r31,0.3157,0.0
Setup a Digital Signage System with Fan Speed Safeguards,r32,0.2092,0.1
Setup a Digital Signage System with Fan Speed Safeguards,r33,0.3124,0.0
Create a Home Automation Hub with Stable SSH and Low CPU Load,r1,0.1916,0.05
Create a Home Automation Hub with Stable SSH and Low CPU Load,r2,0.27,0.3
Create a Home Automation Hub with Stable SSH and Low CPU Load,r3,0.2007,0.4
Create a Home Automation Hub with Stable SSH and Low CPU Load,r4,0.3613,0.3
Create a Home Automation Hub with Stable SSH and Low CPU Load,r5,0.3921,0.4
Create a Home Automation Hub with Stable SSH and Low CPU Load,r6,0.1219,0.0
Create a Home Automation Hub with Stable SSH and Low CPU Load,r7,0.3867,0.6
Create a Home Automation Hub with Stable SSH and Low CPU Load,r8,0.2823,0.7
Create a Home Automation Hub with Stable SSH and Low CPU Load,r9,0.4244,0.6
Create a Home Automation Hub with Stable SSH and Low CPU Load,r10,0.4289,0.7
Create a Home Automation Hub with Stable SSH and Low CPU Load,r11,0.2221,0.0
Create a Home Automation Hub with Stable SSH and Low CPU Load,r12,0.1939,0.0
Create a Home Automation Hub with Stable SSH and Low CPU Load,r13,0.2587,0.0
Create a Home Automation Hub with Stable SSH and Low CPU Load,r14,0.1451,0.0
Create a Home Automation Hub with Stable SSH and Low CPU Load,r15,0.3551,0.8
Create a Home Automation Hub with Stable SSH and Low CPU Load,r16,0.3123,0.0
Create a Home Automation Hub with Stable SSH and Low CPU Load,r17,0.1728,0.0
Create a Home Automation Hub with Stable SSH and Low CPU Load,r18,0.1928,0.0
Create a Home Automation Hub with Stable SSH and Low CPU Load,r19,0.2959,0.0
Create a Home Automation Hub with Stable SSH and Low CPU Load,r20,0.3468,0.0
Create a Home Automation Hub with Stable SSH and Low CPU Load,r21,0.2959,0.0
Create a Home Automation Hub with Stable SSH and Low CPU Load,r22,0.27,0.0
Create a Home Automation Hub with Stable SSH and Low CPU Load,r23,0.3199,0.0
Create a Home Automation Hub with Stable SSH and Low CPU Load,r24,0.273,0.0
Create a Home Automation Hub with Stable SSH and Low CPU Load,r25,0.2552,0.0
Create a Home Automation Hub with Stable SSH and Low CPU Load,r26,0.3202,0.0
Create a Home Automation Hub with Stable SSH and Low CPU Load,r27,0.2256,0.0
Create a Home Automation Hub with Stable SSH and Low CPU Load,r28,0.3168,0.0
Create a Home Automation Hub with Stable SSH and Low CPU Load,r29,0.3827,0.0
Create a Home Automation Hub with Stable SSH and Low CPU Load,r30,0.3168,0.0
Create a Home Automation Hub with Stable SSH and Low CPU Load,r31,0.298,0.0
Create a Home Automation Hub with Stable SSH and Low CPU Load,r32,0.3728,0.0
Create a Home Automation Hub with Stable SSH and Low CPU Load,r33,0.3345,0.0
Provision a File Storage Server with Memory and MTU compliance,r1,0.6394,0.1
Provision a File Storage Server with Memory and MTU compliance,r2,0.6191,0.8
Provision a File Storage Server with Memory and MTU compliance,r3,0.5165,0.9
Provision a File Storage Server with Memory and MTU compliance,r4,0.646,0.8
Provision a File Storage Server with Memory and MTU compliance,r5,0.5421,0.9
Provision a File Storage Server with Memory and MTU compliance,r6,0.1769,0.1
Provision a File Storage Server with Memory and MTU compliance,r7,0.3035,0.2
Provision a File Storage Server with Memory and MTU compliance,r8,0.2633,0.3
Provision a File Storage Server with Memory and MTU compliance,r9,0.3341,0.2
Provision a File Storage Server with Memory and MTU compliance,r10,0.283,0.3
Provision a File Storage Server with Memory and MTU compliance,r11,0.1432,0.0
Provision a File Storage Server with Memory and MTU compliance,r12,0.0577,0.0
Provision a File Storage Server with Memory and MTU compliance,r13,0.1965,0.0
Provision a File Storage Server with Memory and MTU compliance,r14,0.1155,0.0
Provision a File Storage Server with Memory and MTU compliance,r15,0.37,0.0
Provision a File Storage Server with Memory and MTU compliance,r16,0.2423,0.7
Provision a File Storage Server with Memory and MTU compliance,r17,0.3083,0.9
Provision a File Storage Server with Memory and MTU compliance,r18,0.3071,0.0
Provision a File Storage Server with Memory and MTU compliance,r19,0.2747,0.0
Provision a File Storage Server with Memory and MTU compliance,r20,0.2998,0.0
Provision a File Storage Server with Memory and MTU compliance,r21,0.2747,0.0
Provision a File Storage Server with Memory and MTU compliance,r22,0.2552,0.0
Provision a File Storage Server with Memory and MTU compliance,r23,0.4718,0.0
Provision a File Storage Server with Memory and MTU compliance,r24,0.5733,0.0
Provision a File Storage Server with Memory and MTU compliance,r25,0.5357,0.0
Provision a File Storage Server with Memory and MTU compliance,r26,0.4839,0.0
Provision a File Storage Server with Memory and MTU compliance,r27,0.4703,0.0
Provision a File Storage Server with Memory and MTU compliance,r28,0.4102,0.0
Provision a File Storage Server with Memory and MTU compliance,r29,0.4244,0.0
Provision a File Storage Server with Memory and MTU compliance,r30,0.4102,0.0
Provision a File Storage Server with Memory and MTU compliance,r31,0.3756,0.0
Provision a File Storage Server with Memory and MTU compliance,r32,0.6297,0.8
Provision a File Storage Server with Memory and MTU compliance,r33,0.6807,0.0
Setup a Maritime Navigation System with Network Stability,r1,0.2603,0.0
Setup a Maritime Navigation System with Network Stability,r2,0.2504,0.0
Setup a Maritime Navigation System with Network Stability,r3,0.2594,0.0
Setup a Maritime Navigation System with Network Stability,r4,0.2601,0.0
Setup a Maritime Navigation System with Network Stability,r5,0.2911,0.0
Setup a Maritime Navigation System with Network Stability,r6,0.0258,0.0
Setup a Maritime Navigation System with Network Stability,r7,0.1995,0.0
Setup a Maritime Navigation System with Network Stability,r8,0.2599,0.0
Setup a Maritime Navigation System with Network Stability,r9,0.1688,0.0
Setup a Maritime Navigation System with Network Stability,r10,0.2424,0.0
Setup a Maritime Navigation System with Network Stability,r11,0.0795,0.0
Setup a Maritime Navigation System with Network Stability,r12,0.0928,0.0
Setup a Maritime Navigation System with Network Stability,r13,0.2841,0.0
Setup a Maritime Navigation System with Network Stability,r14,0.0481,0.0
Setup a Maritime Navigation System with Network Stability,r15,0.156,0.8
Setup a Maritime Navigation System with Network Stability,r16,0.3947,0.9
Setup a Maritime Navigation System with Network Stability,r17,0.277,0.7
Setup a Maritime Navigation System with Network Stability,r18,0.4327,0.9
Setup a Maritime Navigation System with Network Stability,r19,0.3922,0.9
Setup a Maritime Navigation System with Network Stability,r20,0.3707,0.9
Setup a Maritime Navigation System with Network Stability,r21,0.3922,0.9
Setup a Maritime Navigation System with Network Stability,r22,0.3293,0.9
Setup a Maritime Navigation System with Network Stability,r23,0.4318,0.0
Setup a Maritime Navigation System with Network Stability,r24,0.4351,0.0
Setup a Maritime Navigation System with Network Stability,r25,0.4144,0.0
Setup a Maritime Navigation System with Network Stability,r26,0.433,0.0
Setup a Maritime Navigation System with Network Stability,r27,0.3908,0.0
Setup a Maritime Navigation System with Network Stability,r28,0.4718,0.9
Setup a Maritime Navigation System with Network Stability,r29,0.4524,0.9
Setup a Maritime Navigation System with Network Stability,r30,0.4718,0.9
Setup a Maritime Navigation System with Network Stability,r31,0.4189,0.9
Setup a Maritime Navigation System with Network Stability,r32,0.2308,0.0
Setup a Maritime Navigation System with Network Stability,r33,0.3969,0.0
Provision a Smart Agriculture IoT Node with Thermal Controls,r1,0.1354,0.1
Provision a Smart Agriculture IoT Node with Thermal Controls,r2,0.1444,0.3
Provision a Smart Agriculture IoT Node with Thermal Controls,r3,0.1573,0.5
Provision a Smart Agriculture IoT Node with Thermal Controls,r4,0.1451,0.1
Provision a Smart Agriculture IoT Node with Thermal Controls,r5,0.2138,0.3
Provision a Smart Agriculture IoT Node with Thermal Controls,r6,0.0663,0.1
Provision a Smart Agriculture IoT Node with Thermal Controls,r7,0.2158,0.4
Provision a Smart Agriculture IoT Node with Thermal Controls,r8,0.2314,0.6
Provision a Smart Agriculture IoT Node with Thermal Controls,r9,0.1838,0.4
Provision a Smart Agriculture IoT Node with Thermal Controls,r10,0.2469,0.6
Provision a Smart Agriculture IoT Node with Thermal Controls,r11,0.274,0.8
Provision a Smart Agriculture IoT Node with Thermal Controls,r12,0.2621,0.9
Provision a Smart Agriculture IoT Node with Thermal Controls,r13,0.2803,0.7
Provision a Smart Agriculture IoT Node with Thermal Controls,r14,0.1515,0.1
Provision a Smart Agriculture IoT Node with Thermal Controls,r15,0.0742,0.1
Provision a Smart Agriculture IoT Node with Thermal Controls,r16,0.2387,0.2
Provision a Smart Agriculture IoT Node with Thermal Controls,r17,0.1071,0.1
Provision a Smart Agriculture IoT Node with Thermal Controls,r18,0.1829,0.2
Provision a Smart Agriculture IoT Node with Thermal Controls,r19,0.1713,0.3
Provision a Smart Agriculture IoT Node with Thermal Controls,r20,0.1658,0.2
Provision a Smart Agriculture IoT Node with Thermal Controls,r21,0.1713,0.3
Provision a Smart Agriculture IoT Node with Thermal Controls,r22,0.1316,0.2
Provision a Smart Agriculture IoT Node with Thermal Controls,r23,0.2557,0.1
Provision a Smart Agriculture IoT Node with Thermal Controls,r24,0.1764,0.1
Provision a Smart Agriculture IoT Node with Thermal Controls,r25,0.1803,0.1
Provision a Smart Agriculture IoT Node with Thermal Controls,r26,0.1653,0.1
Provision a Smart Agriculture IoT Node with Thermal Controls,r27,0.1683,0.1
Provision a Smart Agriculture IoT Node with Thermal Controls,r28,0.2104,0.3
Provision a Smart Agriculture IoT Node with Thermal Controls,r29,0.2106,0.2
Provision a Smart Agriculture IoT Node with Thermal Controls,r30,0.2104,0.3
Provision a Smart Agriculture IoT Node with Thermal Controls,r31,0.1664,0.2
Provision a Smart Agriculture IoT Node with Thermal Controls,r32,0.1189,0.1
Provision a Smart Agriculture IoT Node with Thermal Controls,r33,0.1588,0.1
Create a Disaster Recovery Site with Minimal Packet Loss,r1,0.1982,0.05
Create a Disaster Recovery Site with Minimal Packet Loss,r2,0.2939,0.1
Create a Disaster Recovery Site with Minimal Packet Loss,r3,0.3306,0.1
Create a Disaster Recovery Site with Minimal Packet Loss,r4,0.2726,0.1
Create a Disaster Recovery Site with Minimal Packet Loss,r5,0.4146,0.1
Create a Disaster Recovery Site with Minimal Packet Loss,r6,0.1176,0.0
Create a Disaster Recovery Site with Minimal Packet Loss,r7,0.1917,0.1
Create a Disaster Recovery Site with Minimal Packet Loss,r8,0.2819,0.1
Create a Disaster Recovery Site with Minimal Packet Loss,r9,0.174,0.1
Create a Disaster Recovery Site with Minimal Packet Loss,r10,0.3344,0.1
Create a Disaster Recovery Site with Minimal Packet Loss,r11,0.2558,0.0
Create a Disaster Recovery Site with Minimal Packet Loss,r12,0.2304,0.0
Create a Disaster Recovery Site with Minimal Packet Loss,r13,0.2961,0.0
Create a Disaster Recovery Site with Minimal Packet Loss,r14,0.2387,0.0
Create a Disaster Recovery Site with Minimal Packet Loss,r15,0.1821,0.1
Create a Disaster Recovery Site with Minimal Packet Loss,r16,0.4513,0.8
Create a Disaster Recovery Site with Minimal Packet Loss,r17,0.2503,0.2
Create a Disaster Recovery Site with Minimal Packet Loss,r18,0.258,0.7
Create a Disaster Recovery Site with Minimal Packet Loss,r19,0.2978,0.9
Create a Disaster Recovery Site with Minimal Packet Loss,r20,0.3852,0.9
Create a Disaster Recovery Site with Minimal Packet Loss,r21,0.2978,0.9
Create a Disaster Recovery Site with Minimal Packet Loss,r22,0.3668,0.9
Create a Disaster Recovery Site with Minimal Packet Loss,r23,0.3581,0.4
Create a Disaster Recovery Site with Minimal Packet Loss,r24,0.3077,0.4
Create a Disaster Recovery Site with Minimal Packet Loss,r25,0.2745,0.4
Create a Disaster Recovery Site with Minimal Packet Loss,r26,0.3011,0.4
Create a Disaster Recovery Site with Minimal Packet Loss,r27,0.2429,0.4
Create a Disaster Recovery Site with Minimal Packet Loss,r28,0.3024,0.9
Create a Disaster Recovery Site with Minimal Packet Loss,r29,0.3698,0.9
Create a Disaster Recovery Site with Minimal Packet Loss,r30,0.3024,0.9
Create a Disaster Recovery Site with Minimal Packet Loss,r31,0.3502,0.9
Create a Disaster Recovery Site with Minimal Packet Loss,r32,0.3557,0.4
Create a Disaster Recovery Site with Minimal Packet Loss,r33,0.3161,0.4
Deploy a Public Transit Scheduling System with ARP Checks,r1,0.2643,0.0
Deploy a Public Transit Scheduling System with ARP Checks,r2,0.2345,0.0
Deploy a Public Transit Scheduling System with ARP Checks,r3,0.1912,0.0
Deploy a Public Transit Scheduling System with ARP Checks,r4,0.2661,0.0
Deploy a Public Transit Scheduling System with ARP Checks,r5,0.222,0.0
Deploy a Public Transit Scheduling System with ARP Checks,r6,0.1214,0.0
Deploy a Public Transit Scheduling System with ARP Checks,r7,0.1163,0.0
Deploy a Public Transit Scheduling System with ARP Checks,r8,0.1897,0.0
Deploy a Public Transit Scheduling System with ARP Checks,r9,0.0952,0.0
Deploy a Public Transit Scheduling System with ARP Checks,r10,0.1432,0.0
Deploy a Public Transit Scheduling System with ARP Checks,r11,0.083,0.0
Deploy a Public Transit Scheduling System with ARP Checks,r12,0.1486,0.0
Deploy a Public Transit Scheduling System with ARP Checks,r13,0.2982,0.0
Deploy a Public Transit Scheduling System with ARP Checks,r14,0.0735,0.0
Deploy a Public Transit Scheduling System with ARP Checks,r15,0.1553,0.0
Deploy a Public Transit Scheduling System with ARP Checks,r16,0.3199,0.0
Deploy a Public Transit Scheduling System with ARP Checks,r17,0.2418,0.0
Deploy a Public Transit Scheduling System with ARP Checks,r18,0.4148,0.0
Deploy a Public Transit Scheduling System with ARP Checks,r19,0.3432,0.0
Deploy a Public Transit Scheduling System with ARP Checks,r20,0.318,0.0
Deploy a Public Transit Scheduling System with ARP Checks,r21,0.3432,0.0
Deploy a Public Transit Scheduling System with ARP Checks,r22,0.2452,0.0
Deploy a Public Transit Scheduling System with ARP Checks,r23,0.378,0.0
Deploy a Public Transit Scheduling System with ARP Checks,r24,0.3806,0.0
Deploy a Public Transit Scheduling System with ARP Checks,r25,0.3371,0.0
Deploy a Public Transit Scheduling System with ARP Checks,r26,0.3358,0.0
Deploy a Public Transit Scheduling System with ARP Checks,r27,0.2838,0.0
Deploy a Public Transit Scheduling System with ARP Checks,r28,0.3687,0.0
Deploy a Public Transit Scheduling System with ARP Checks,r29,0.3392,0.0
Deploy a Public Transit Scheduling System with ARP Checks,r30,0.3687,0.0
Deploy a Public Transit Scheduling System with ARP Checks,r31,0.2805,0.0
Deploy a Public Transit Scheduling System with ARP Checks,r32,0.1812,0.0
Deploy a Public Transit Scheduling System with ARP Checks,r33,0.3486,0.0
Build a Digital Twin for Industrial Machinery with buffer Monitoring,r1,0.3963,0.05
Build a Digital Twin for Industrial Machinery with buffer Monitoring,r2,0.4032,0.65
Build a Digital Twin for Industrial Machinery with buffer Monitoring,r3,0.4034,0.75
Build a Digital Twin for Industrial Machinery with buffer Monitoring,r4,0.4483,0.65
Build a Digital Twin for Industrial Machinery with buffer Monitoring,r5,0.38,0.75
Build a Digital Twin for Industrial Machinery with buffer Monitoring,r6,0.2367,0.8
Build a Digital Twin for Industrial Machinery with buffer Monitoring,r7,0.2768,0.3
Build a Digital Twin for Industrial Machinery with buffer Monitoring,r8,0.3241,0.4
Build a Digital Twin for Industrial Machinery with buffer Monitoring,r9,0.235,0.3
Build a Digital Twin for Industrial Machinery with buffer Monitoring,r10,0.2908,0.4
Build a Digital Twin for Industrial Machinery with buffer Monitoring,r11,0.2424,0.2
Build a Digital Twin for Industrial Machinery with buffer Monitoring,r12,0.1938,0.3
Build a Digital Twin for Industrial Machinery with buffer Monitoring,r13,0.3323,0.2
Build a Digital Twin for Industrial Machinery with buffer Monitoring,r14,0.2723,0.1
Build a Digital Twin for Industrial Machinery with buffer Monitoring,r15,0.3288,0.0
Build a Digital Twin for Industrial Machinery with buffer Monitoring,r16,0.3558,0.1
Build a Digital Twin for Industrial Machinery with buffer Monitoring,r17,0.2516,0.0
Build a Digital Twin for Industrial Machinery with buffer Monitoring,r18,0.3963,0.1
Build a Digital Twin for Industrial Machinery with buffer Monitoring,r19,0.3268,0.2
Build a Digital Twin for Industrial Machinery with buffer Monitoring,r20,0.3172,0.2
Build a Digital Twin for Industrial Machinery with buffer Monitoring,r21,0.3268,0.2
Build a Digital Twin for Industrial Machinery with buffer Monitoring,r22,0.2976,0.2
Build a Digital Twin for Industrial Machinery with buffer Monitoring,r23,0.3064,0.7
Build a Digital Twin for Industrial Machinery with buffer Monitoring,r24,0.2933,0.7
Build a Digital Twin for Industrial Machinery with buffer Monitoring,r25,0.3052,0.6
Build a Digital Twin for Industrial Machinery with buffer Monitoring,r26,0.2787,0.5
Build a Digital Twin for Industrial Machinery with buffer Monitoring,r27,0.226,0.5
Build a Digital Twin for Industrial Machinery with buffer Monitoring,r28,0.2531,0.2
Build a Digital Twin for Industrial Machinery with buffer Monitoring,r29,0.2651,0.2
Build a Digital Twin for Industrial Machinery with buffer Monitoring,r30,0.2531,0.2
Build a Digital Twin for Industrial Machinery with buffer Monitoring,r31,0.2362,0.2
Build a Digital Twin for Industrial Machinery with buffer Monitoring,r32,0.2067,0.85
Build a Digital Twin for Industrial Machinery with buffer Monitoring,r33,0.3426,0.7
Setup a Cryptocurrency Mining Rig with Thermal Safeguards,r1,0.3981,0.1
Setup a Cryptocurrency Mining Rig with Thermal Safeguards,r2,0.4335,0.6
Setup a Cryptocurrency Mining Rig with Thermal Safeguards,r3,0.4326,0.8
Setup a Cryptocurrency Mining Rig with Thermal Safeguards,r4,0.437,0.1
Setup a Cryptocurrency Mining Rig with Thermal Safeguards,r5,0.3817,0.6
Setup a Cryptocurrency Mining Rig with Thermal Safeguards,r6,0.2604,0.7
Setup a Cryptocurrency Mining Rig with Thermal Safeguards,r7,0.3283,0.7
Setup a Cryptocurrency Mining Rig with Thermal Safeguards,r8,0.3678,0.9
Setup a Cryptocurrency Mining Rig with Thermal Safeguards,r9,0.2592,0.1
Setup a Cryptocurrency Mining Rig with Thermal Safeguards,r10,0.2942,0.6
Setup a Cryptocurrency Mining Rig with Thermal Safeguards,r11,0.4089,0.9
Setup a Cryptocurrency Mining Rig with Thermal Safeguards,r12,0.3359,0.0
Setup a Cryptocurrency Mining Rig with Thermal Safeguards,r13,0.2319,0.0
Setup a Cryptocurrency Mining Rig with Thermal Safeguards,r14,0.3214,0.1
Setup a Cryptocurrency Mining Rig with Thermal Safeguards,r15,0.4211,0.1
Setup a Cryptocurrency Mining Rig with Thermal Safeguards,r16,0.3602,0.1
Setup a Cryptocurrency Mining Rig with Thermal Safeguards,r17,0.1986,0.1
Setup a Cryptocurrency Mining Rig with Thermal Safeguards,r18,0.3111,0.1
Setup a Cryptocurrency Mining Rig with Thermal Safeguards,r19,0.2328,0.6
Setup a Cryptocurrency Mining Rig with Thermal Safeguards,r20,0.2875,0.1
Setup a Cryptocurrency Mining Rig with Thermal Safeguards,r21,0.2328,0.6
Setup a Cryptocurrency Mining Rig with Thermal Safeguards,r22,0.3032,0.1
Setup a Cryptocurrency Mining Rig with Thermal Safeguards,r23,0.4253,0.1
Setup a Cryptocurrency Mining Rig with Thermal Safeguards,r24,0.2435,0.1
Setup a Cryptocurrency Mining Rig with Thermal Safeguards,r25,0.2268,0.1
Setup a Cryptocurrency Mining Rig with Thermal Safeguards,r26,0.1903,0.1
Setup a Cryptocurrency Mining Rig with Thermal Safeguards,r27,0.158,0.1
Setup a Cryptocurrency Mining Rig with Thermal Safeguards,r28,0.1606,0.6
Setup a Cryptocurrency Mining Rig with Thermal Safeguards,r29,0.2127,0.1
Setup a Cryptocurrency Mining Rig with Thermal Safeguards,r30,0.1606,0.6
Setup a Cryptocurrency Mining Rig with Thermal Safeguards,r31,0.2027,0.1
Setup a Cryptocurrency Mining Rig with Thermal Safeguards,r32,0.3291,0.4
Setup a Cryptocurrency Mining Rig with Thermal Safeguards,r33,0.3538,0.1
Create a Wildlife Tracking System with Network Error Detection,r1,0.1576,0.05
Create a Wildlife Tracking System with Network Error Detection,r2,0.2316,0.1
Create a Wildlife Tracking System with Network Error Detection,r3,0.1501,0.1
Create a Wildlife Tracking System with Network Error Detection,r4,0.2358,0.1
Create a Wildlife Tracking System with Network Error Detection,r5,0.2466,0.1
Create a Wildlife Tracking System with Network Error Detection,r6,-0.0952,0.05
Create a Wildlife Tracking System with Network Error Detection,r7,0.1299,0.1
Create a Wildlife Tracking System with Network Error Detection,r8,0.108,0.1
Create a Wildlife Tracking System with Network Error Detection,r9,0.1294,0.1
Create a Wildlife Tracking System with Network Error Detection,r10,0.1964,0.1
Create a Wildlife Tracking System with Network Error Detection,r11,-0.0404,0.2
Create a Wildlife Tracking System with Network Error Detection,r12,-0.0825,0.2
Create a Wildlife Tracking System with Network Error Detection,r13,0.2181,0.2
Create a Wildlife Tracking System with Network Error Detection,r14,-0.0062,0.05
Create a Wildlife Tracking System with Network Error Detection,r15,0.1972,0.6
Create a Wildlife Tracking System with Network Error Detection,r16,0.3991,0.7
Create a Wildlife Tracking System with Network Error Detection,r17,0.2573,0.6
Create a Wildlife Tracking System with Network Error Detection,r18,0.314,0.7
Create a Wildlife Tracking System with Network Error Detection,r19,0.4542,0.7
Create a Wildlife Tracking System with Network Error Detection,r20,0.3735,0.7
Create a Wildlife Tracking System with Network Error Detection,r21,0.4542,0.7
Create a Wildlife Tracking System with Network Error Detection,r22,0.3632,0.7
Create a Wildlife Tracking System with Network Error Detection,r23,0.4512,0.4
Create a Wildlife Tracking System with Network Error Detection,r24,0.4842,0.4
Create a Wildlife Tracking System with Network Error Detection,r25,0.525,0.4
Create a Wildlife Tracking System with Network Error Detection,r26,0.6322,0.4
Create a Wildlife Tracking System with Network Error Detection,r27,0.5245,0.4
Create a Wildlife Tracking System with Network Error Detection,r28,0.661,0.7
Create a Wildlife Tracking System with Network Error Detection,r29,0.6056,0.7
Create a Wildlife Tracking System with Network Error Detection,r30,0.661,0.7
Create a Wildlife Tracking System with Network Error Detection,r31,0.5826,0.7
Create a Wildlife Tracking System with Network Error Detection,r32,0.3035,0.3
Create a Wildlife Tracking System with Network Error Detection,r33,0.5006,0.4
Provision a Voice-over-IP (VoIP) Gateway with Packet Integrity,r1,0.2916,0.05
Provision a Voice-over-IP (VoIP) Gateway with Packet Integrity,r2,0.3183,0.1
Provision a Voice-over-IP (VoIP) Gateway with Packet Integrity,r3,0.1845,0.1
Provision a Voice-over-IP (VoIP) Gateway with Packet Integrity,r4,0.3461,0.1
Provision a Voice-over-IP (VoIP) Gateway with Packet Integrity,r5,0.2528,0.1
Provision a Voice-over-IP (VoIP) Gateway with Packet Integrity,r6,0.0553,0.0
Provision a Voice-over-IP (VoIP) Gateway with Packet Integrity,r7,0.1088,0.2
Provision a Voice-over-IP (VoIP) Gateway with Packet Integrity,r8,0.0978,0.2
Provision a Voice-over-IP (VoIP) Gateway with Packet Integrity,r9,0.1143,0.2
Provision a Voice-over-IP (VoIP) Gateway with Packet Integrity,r10,0.1313,0.2
Provision a Voice-over-IP (VoIP) Gateway with Packet Integrity,r11,0.0756,0.0
Provision a Voice-over-IP (VoIP) Gateway with Packet Integrity,r12,-0.0276,0.0
Provision a Voice-over-IP (VoIP) Gateway with Packet Integrity,r13,0.142,0.0
Provision a Voice-over-IP (VoIP) Gateway with Packet Integrity,r14,0.0282,0.0
Provision a Voice-over-IP (VoIP) Gateway with Packet Integrity,r15,0.3984,0.6
Provision a Voice-over-IP (VoIP) Gateway with Packet Integrity,r16,0.254,0.7
Provision a Voice-over-IP (VoIP) Gateway with Packet Integrity,r17,0.2233,0.7
Provision a Voice-over-IP (VoIP) Gateway with Packet Integrity,r18,0.3698,0.7
Provision a Voice-over-IP (VoIP) Gateway with Packet Integrity,r19,0.2744,0.8
Provision a Voice-over-IP (VoIP) Gateway with Packet Integrity,r20,0.2874,0.8
Provision a Voice-over-IP (VoIP) Gateway with Packet Integrity,r21,0.2744,0.8
Provision a Voice-over-IP (VoIP) Gateway with Packet Integrity,r22,0.2497,0.8
Provision a Voice-over-IP (VoIP) Gateway with Packet Integrity,r23,0.3518,0.8
Provision a Voice-over-IP (VoIP) Gateway with Packet Integrity,r24,0.4071,0.8
Provision a Voice-over-IP (VoIP) Gateway with Packet Integrity,r25,0.4626,0.8
Provision a Voice-over-IP (VoIP) Gateway with Packet Integrity,r26,0.4585,0.8
Provision a Voice-over-IP (VoIP) Gateway with Packet Integrity,r27,0.4547,0.8
Provision a Voice-over-IP (VoIP) Gateway with Packet Integrity,r28,0.4303,0.8
Provision a Voice-over-IP (VoIP) Gateway with Packet Integrity,r29,0.4453,0.8
Provision a Voice-over-IP (VoIP) Gateway with Packet Integrity,r30,0.4303,0.8
Provision a Voice-over-IP (VoIP) Gateway with Packet Integrity,r31,0.416,0.8
Provision a Voice-over-IP (VoIP) Gateway with Packet Integrity,r32,0.274,0.0
Provision a Voice-over-IP (VoIP) Gateway with Packet Integrity,r33,0.3906,0.8
Implement a Smart Metering Hub with Memory Stability,r1,0.7214,0.2
Implement a Smart Metering Hub with Memory Stability,r2,0.7064,0.9
Implement a Smart Metering Hub with Memory Stability,r3,0.6631,0.95
Implement a Smart Metering Hub with Memory Stability,r4,0.6723,0.9
Implement a Smart Metering Hub with Memory Stability,r5,0.6248,0.95
Implement a Smart Metering Hub with Memory Stability,r6,0.1711,0.7
Implement a Smart Metering Hub with Memory Stability,r7,0.3186,0.3
Implement a Smart Metering Hub with Memory Stability,r8,0.3322,0.4
Implement a Smart Metering Hub with Memory Stability,r9,0.2954,0.3
Implement a Smart Metering Hub with Memory Stability,r10,0.3128,0.4
Implement a Smart Metering Hub with Memory Stability,r11,0.1072,0.1
Implement a Smart Metering Hub with Memory Stability,r12,0.0953,0.15
Implement a Smart Metering Hub with Memory Stability,r13,0.2047,0.1
Implement a Smart Metering Hub with Memory Stability,r14,0.1126,0.2
Implement a Smart Metering Hub with Memory Stability,r15,0.33,0.1
Implement a Smart Metering Hub with Memory Stability,r16,0.3176,0.1
Implement a Smart Metering Hub with Memory Stability,r17,0.1798,0.1
Implement a Smart Metering Hub with Memory Stability,r18,0.2517,0.1
Implement a Smart Metering Hub with Memory Stability,r19,0.2839,0.1
Implement a Smart Metering Hub with Memory Stability,r20,0.2684,0.1
Implement a Smart Metering Hub with Memory Stability,r21,0.2839,0.1
Implement a Smart Metering Hub with Memory Stability,r22,0.24,0.1
Implement a Smart Metering Hub with Memory Stability,r23,0.4276,0.1
Implement a Smart Metering Hub with Memory Stability,r24,0.4732,0.1
Implement a Smart Metering Hub with Memory Stability,r25,0.4117,0.1
Implement a Smart Metering Hub with Memory Stability,r26,0.3631,0.1
Implement a Smart Metering Hub with Memory Stability,r27,0.3279,0.1
Implement a Smart Metering Hub with Memory Stability,r28,0.3634,0.1
Implement a Smart Metering Hub with Memory Stability,r29,0.3571,0.1
Implement a Smart Metering Hub with Memory Stability,r30,0.3634,0.1
Implement a Smart Metering Hub with Memory Stability,r31,0.3076,0.1
Implement a Smart Metering Hub with Memory Stability,r32,0.6296,0.85
Implement a Smart Metering Hub with Memory Stability,r33,0.6827,0.1
Deploy a Quantum Computing Interface with Fan Speed Alerts,r1,0.2271,0.05
Deploy a Quantum Computing Interface with Fan Speed Alerts,r2,0.237,0.1
Deploy a Quantum Computing Interface with Fan Speed Alerts,r3,0.3466,0.1
Deploy a Quantum Computing Interface with Fan Speed Alerts,r4,0.3319,0.05
Deploy a Quantum Computing Interface with Fan Speed Alerts,r5,0.543,0.1
Deploy a Quantum Computing Interface with Fan Speed Alerts,r6,0.164,0.05
Deploy a Quantum Computing Interface with Fan Speed Alerts,r7,0.4697,0.1
Deploy a Quantum Computing Interface with Fan Speed Alerts,r8,0.5279,0.1
Deploy a Quantum Computing Interface with Fan Speed Alerts,r9,0.4658,0.1
Deploy a Quantum Computing Interface with Fan Speed Alerts,r10,0.615,0.1
Deploy a Quantum Computing Interface with Fan Speed Alerts,r11,0.2874,0.8
Deploy a Quantum Computing Interface with Fan Speed Alerts,r12,0.4214,0.9
Deploy a Quantum Computing Interface with Fan Speed Alerts,r13,0.7124,0.9
Deploy a Quantum Computing Interface with Fan Speed Alerts,r14,0.2978,0.05
Deploy a Quantum Computing Interface with Fan Speed Alerts,r15,0.2646,0.05
Deploy a Quantum Computing Interface with Fan Speed Alerts,r16,0.5798,0.1
Deploy a Quantum Computing Interface with Fan Speed Alerts,r17,0.2738,0.05
Deploy a Quantum Computing Interface with Fan Speed Alerts,r18,0.3924,0.1
Deploy a Quantum Computing Interface with Fan Speed Alerts,r19,0.4323,0.1
Deploy a Quantum Computing Interface with Fan Speed Alerts,r20,0.3926,0.1
Deploy a Quantum Computing Interface with Fan Speed Alerts,r21,0.4323,0.1
Deploy a Quantum Computing Interface with Fan Speed Alerts,r22,0.3471,0.1
Deploy a Quantum Computing Interface with Fan Speed Alerts,r23,0.3414,0.05
Deploy a Quantum Computing Interface with Fan Speed Alerts,r24,0.2749,0.05
Deploy a Quantum Computing Interface with Fan Speed Alerts,r25,0.282,0.05
Deploy a Quantum Computing Interface with Fan Speed Alerts,r26,0.3149,0.05
Deploy a Quantum Computing Interface with Fan Speed Alerts,r27,0.2565,0.05
Deploy a Quantum Computing Interface with Fan Speed Alerts,r28,0.3447,0.1
Deploy a Quantum Computing Interface with Fan Speed Alerts,r29,0.3394,0.1
Deploy a Quantum Computing Interface with Fan Speed Alerts,r30,0.3447,0.1
Deploy a Quantum Computing Interface with Fan Speed Alerts,r31,0.2841,0.1
Deploy a Quantum Computing Interface with Fan Speed Alerts,r32,0.2081,0.05
Deploy a Quantum Computing Interface with Fan Speed Alerts,r33,0.2423,0.05
Build a Satellite IoT Gateway with MTU Compliance,r1,0.1455,0.0
Build a Satellite IoT Gateway with MTU Compliance,r2,0.1509,0.0
Build a Satellite IoT Gateway with MTU Compliance,r3,0.0963,0.0
Build a Satellite IoT Gateway with MTU Compliance,r4,0.2026,0.0
Build a Satellite IoT Gateway with MTU Compliance,r5,0.168,0.0
Build a Satellite IoT Gateway with MTU Compliance,r6,0.0804,0.0
Build a Satellite IoT Gateway with MTU Compliance,r7,0.1749,0.0
Build a Satellite IoT Gateway with MTU Compliance,r8,0.1881,0.0
Build a Satellite IoT Gateway with MTU Compliance,r9,0.168,0.0
Build a Satellite IoT Gateway with MTU Compliance,r10,0.1926,0.0
Build a Satellite IoT Gateway with MTU Compliance,r11,0.138,0.0
Build a Satellite IoT Gateway with MTU Compliance,r12,0.0825,0.0
Build a Satellite IoT Gateway with MTU Compliance,r13,0.2175,0.0
Build a Satellite IoT Gateway with MTU Compliance,r14,0.0864,0.0
Build a Satellite IoT Gateway with MTU Compliance,r15,0.304,0.0
Build a Satellite IoT Gateway with MTU Compliance,r16,0.2706,0.7
Build a Satellite IoT Gateway with MTU Compliance,r17,0.404,0.9
Build a Satellite IoT Gateway with MTU Compliance,r18,0.3587,0.0
Build a Satellite IoT Gateway with MTU Compliance,r19,0.384,0.0
Build a Satellite IoT Gateway with MTU Compliance,r20,0.2767,0.0
Build a Satellite IoT Gateway with MTU Compliance,r21,0.384,0.0
Build a Satellite IoT Gateway with MTU Compliance,r22,0.2407,0.0
Build a Satellite IoT Gateway with MTU Compliance,r23,0.2594,0.0
Build a Satellite IoT Gateway with MTU Compliance,r24,0.3605,0.0
Build a Satellite IoT Gateway with MTU Compliance,r25,0.3305,0.0
Build a Satellite IoT Gateway with MTU Compliance,r26,0.3587,0.0
Build a Satellite IoT Gateway with MTU Compliance,r27,0.3184,0.0
Build a Satellite IoT Gateway with MTU Compliance,r28,0.3495,0.0
Build a Satellite IoT Gateway with MTU Compliance,r29,0.2717,0.0
Build a Satellite IoT Gateway with MTU Compliance,r30,0.3495,0.0
Build a Satellite IoT Gateway with MTU Compliance,r31,0.2385,0.0
Build a Satellite IoT Gateway with MTU Compliance,r32,0.0545,0.0
Build a Satellite IoT Gateway with MTU Compliance,r33,0.1923,0.0
Setup a Telemetry Server for Drones with Low Latency,r1,0.1363,0.05
Setup a Telemetry Server for Drones with Low Latency,r2,0.1766,0.3
Setup a Telemetry Server for Drones with Low Latency,r3,0.1503,0.4
Setup a Telemetry Server for Drones with Low Latency,r4,0.2842,0.3
Setup a Telemetry Server for Drones with Low Latency,r5,0.3682,0.4
Setup a Telemetry Server for Drones with Low Latency,r6,0.0015,0.05
Setup a Telemetry Server for Drones with Low Latency,r7,0.2368,0.6
Setup a Telemetry Server for Drones with Low Latency,r8,0.213,0.7
Setup a Telemetry Server for Drones with Low Latency,r9,0.299,0.6
Setup a Telemetry Server for Drones with Low Latency,r10,0.3724,0.7
Setup a Telemetry Server for Drones with Low Latency,r11,0.0787,0.2
Setup a Telemetry Server for Drones with Low Latency,r12,0.0838,0.3
Setup a Telemetry Server for Drones with Low Latency,r13,0.3901,0.2
Setup a Telemetry Server for Drones with Low Latency,r14,0.1287,0.1
Setup a Telemetry Server for Drones with Low Latency,r15,0.2922,0.5
Setup a Telemetry Server for Drones with Low Latency,r16,0.3146,0.8
Setup a Telemetry Server for Drones with Low Latency,r17,0.2477,0.7
Setup a Telemetry Server for Drones with Low Latency,r18,0.3241,0.8
Setup a Telemetry Server for Drones with Low Latency,r19,0.3369,0.8
Setup a Telemetry Server for Drones with Low Latency,r20,0.363,0.8
Setup a Telemetry Server for Drones with Low Latency,r21,0.3369,0.8
Setup a Telemetry Server for Drones with Low Latency,r22,0.2845,0.8
Setup a Telemetry Server for Drones with Low Latency,r23,0.3132,0.9
Setup a Telemetry Server for Drones with Low Latency,r24,0.314,0.9
Setup a Telemetry Server for Drones with Low Latency,r25,0.3283,0.9
Setup a Telemetry Server for Drones with Low Latency,r26,0.4108,0.7
Setup a Telemetry Server for Drones with Low Latency,r27,0.3331,0.7
Setup a Telemetry Server for Drones with Low Latency,r28,0.3899,0.8
Setup a Telemetry Server for Drones with Low Latency,r29,0.4351,0.8
Setup a Telemetry Server for Drones with Low Latency,r30,0.3899,0.8
Setup a Telemetry Server for Drones with Low Latency,r31,0.3617,0.8
Setup a Telemetry Server for Drones with Low Latency,r32,0.1929,0.4
Setup a Telemetry Server for Drones with Low Latency,r33,0.2473,0.9
Create a Biometric Authentication System with SSH access,r1,0.3318,0.05
Create a Biometric Authentication System with SSH access,r2,0.299,0.1
Create a Biometric Authentication System with SSH access,r3,0.279,0.1
Create a Biometric Authentication System with SSH access,r4,0.3533,0.1
Create a Biometric Authentication System with SSH access,r5,0.3521,0.1
Create a Biometric Authentication System with SSH access,r6,0.1107,0.0
Create a Biometric Authentication System with SSH access,r7,0.208,0.1
Create a Biometric Authentication System with SSH access,r8,0.1959,0.1
Create a Biometric Authentication System with SSH access,r9,0.2532,0.1
Create a Biometric Authentication System with SSH access,r10,0.2605,0.1
Create a Biometric Authentication System with SSH access,r11,0.1377,0.0
Create a Biometric Authentication System with SSH access,r12,0.0776,0.0
Create a Biometric Authentication System with SSH access,r13,0.1306,0.0
Create a Biometric Authentication System with SSH access,r14,0.2696,0.0
Create a Biometric Authentication System with SSH access,r15,0.772,0.7
Create a Biometric Authentication System with SSH access,r16,0.2238,0.0
Create a Biometric Authentication System with SSH access,r17,0.1882,0.0
Create a Biometric Authentication System with SSH access,r18,0.2684,0.0
Create a Biometric Authentication System with SSH access,r19,0.181,0.0
Create a Biometric Authentication System with SSH access,r20,0.124,0.0
Create a Biometric Authentication System with SSH access,r21,0.181,0.0
Create a Biometric Authentication System with SSH access,r22,0.1498,0.0
Create a Biometric Authentication System with SSH access,r23,0.2237,0.0
Create a Biometric Authentication System with SSH access,r24,0.2396,0.0
Create a Biometric Authentication System with SSH access,r25,0.2668,0.0
Create a Biometric Authentication System with SSH access,r26,0.2269,0.0
Create a Biometric Authentication System with SSH access,r27,0.2247,0.0
Create a Biometric Authentication System with SSH access,r28,0.2013,0.0
Create a Biometric Authentication System with SSH access,r29,0.1512,0.0
Create a Biometric Authentication System with SSH access,r30,0.2013,0.0
Create a Biometric Authentication System with SSH access,r31,0.1603,0.0
Create a Biometric Authentication System with SSH access,r32,0.2195,0.0
Create a Biometric Authentication System with SSH access,r33,0.2443,0.0
Provision a Genomics Data Processing with CPU Headroom,r1,0.2425,0.05
Provision a Genomics Data Processing with CPU Headroom,r2,0.2415,0.6
Provision a Genomics Data Processing with CPU Headroom,r3,0.2084,0.8
Provision a Genomics Data Processing with CPU Headroom,r4,0.3779,0.6
Provision a Genomics Data Processing with CPU Headroom,r5,0.3359,0.8
Provision a Genomics Data Processing with CPU Headroom,r6,0.1867,0.05
Provision a Genomics Data Processing with CPU Headroom,r7,0.4368,0.7
Provision a Genomics Data Processing with CPU Headroom,r8,0.3285,0.9
Provision a Genomics Data Processing with CPU Headroom,r9,0.4598,0.7
Provision a Genomics Data Processing with CPU Headroom,r10,0.3993,0.9
Provision a Genomics Data Processing with CPU Headroom,r11,0.1912,0.05
Provision a Genomics Data Processing with CPU Headroom,r12,0.1632,0.1
Provision a Genomics Data Processing with CPU Headroom,r13,0.2902,0.1
Provision a Genomics Data Processing with CPU Headroom,r14,0.2249,0.1
Provision a Genomics Data Processing with CPU Headroom,r15,0.3262,0.05
Provision a Genomics Data Processing with CPU Headroom,r16,0.2293,0.05
Provision a Genomics Data Processing with CPU Headroom,r17,0.2801,0.05
Provision a Genomics Data Processing with CPU Headroom,r18,0.3183,0.05
Provision a Genomics Data Processing with CPU Headroom,r19,0.2843,0.05
Provision a Genomics Data Processing with CPU Headroom,r20,0.277,0.05
Provision a Genomics Data Processing with CPU Headroom,r21,0.2843,0.05
Provision a Genomics Data Processing with CPU Headroom,r22,0.2525,0.05
Provision a Genomics Data Processing with CPU Headroom,r23,0.2885,0.05
Provision a Genomics Data Processing with CPU Headroom,r24,0.4071,0.05
Provision a Genomics Data Processing with CPU Headroom,r25,0.3651,0.05
Provision a Genomics Data Processing with CPU Headroom,r26,0.3362,0.05
Provision a Genomics Data Processing with CPU Headroom,r27,0.3406,0.05
Provision a Genomics Data Processing with CPU Headroom,r28,0.2774,0.05
Provision a Genomics Data Processing with CPU Headroom,r29,0.2947,0.05
Provision a Genomics Data Processing with CPU Headroom,r30,0.2774,0.05
Provision a Genomics Data Processing with CPU Headroom,r31,0.2582,0.05
Provision a Genomics Data Processing with CPU Headroom,r32,0.2135,0.1
Provision a Genomics Data Processing with CPU Headroom,r33,0.2898,0.05
Deploy a Fleet Management System with No Rx Errors,r1,0.1906,0.0
Deploy a Fleet Management System with No Rx Errors,r2,0.2357,0.0
Deploy a Fleet Management System with No Rx Errors,r3,0.1706,0.0
Deploy a Fleet Management System with No Rx Errors,r4,0.2708,0.0
Deploy a Fleet Management System with No Rx Errors,r5,0.2487,0.0
Deploy a Fleet Management System with No Rx Errors,r6,-0.0439,0.0
Deploy a Fleet Management System with No Rx Errors,r7,0.1281,0.0
Deploy a Fleet Management System with No Rx Errors,r8,0.1327,0.0
Deploy a Fleet Management System with No Rx Errors,r9,0.1831,0.0
Deploy a Fleet Management System with No Rx Errors,r10,0.2339,0.0
Deploy a Fleet Management System with No Rx Errors,r11,-0.0685,0.0
Deploy a Fleet Management System with No Rx Errors,r12,-0.0215,0.0
Deploy a Fleet Management System with No Rx Errors,r13,0.1297,0.0
Deploy a Fleet Management System with No Rx Errors,r14,-0.0408,0.0
Deploy a Fleet Management System with No Rx Errors,r15,0.1723,0.0
Deploy a Fleet Management System with No Rx Errors,r16,0.2114,0.0
Deploy a Fleet Management System with No Rx Errors,r17,0.1679,0.0
Deploy a Fleet Management System with No Rx Errors,r18,0.1513,0.0
Deploy a Fleet Management System with No Rx Errors,r19,0.312,0.9
Deploy a Fleet Management System with No Rx Errors,r20,0.2111,0.0
Deploy a Fleet Management System with No Rx Errors,r21,0.312,0.0
Deploy a Fleet Management System with No Rx Errors,r22,0.2278,0.0
Deploy a Fleet Management System with No Rx Errors,r23,0.2465,0.0
Deploy a Fleet Management System with No Rx Errors,r24,0.3311,0.0
Deploy a Fleet Management System with No Rx Errors,r25,0.3529,0.0
Deploy a Fleet Management System with No Rx Errors,r26,0.4032,0.0
Deploy a Fleet Management System with No Rx Errors,r27,0.3626,0.0
Deploy a Fleet Management System with No Rx Errors,r28,0.4949,0.9
Deploy a Fleet Management System with No Rx Errors,r29,0.3578,0.0
Deploy a Fleet Management System with No Rx Errors,r30,0.4949,0.0
Deploy a Fleet Management System with No Rx Errors,r31,0.3914,0.0
Deploy a Fleet Management System with No Rx Errors,r32,0.3437,0.0
Deploy a Fleet Management System with No Rx Errors,r33,0.4554,0.0
Implement a Smart Lighting Controller with Thermal Limits,r1,0.2083,0.05
Implement a Smart Lighting Controller with Thermal Limits,r2,0.1782,0.4
Implement a Smart Lighting Controller with Thermal Limits,r3,0.1974,0.6
Implement a Smart Lighting Controller with Thermal Limits,r4,0.221,0.05
Implement a Smart Lighting Controller with Thermal Limits,r5,0.2522,0.6
Implement a Smart Lighting Controller with Thermal Limits,r6,0.1568,0.05
Implement a Smart Lighting Controller with Thermal Limits,r7,0.2687,0.3
Implement a Smart Lighting Controller with Thermal Limits,r8,0.2836,0.5
Implement a Smart Lighting Controller with Thermal Limits,r9,0.2244,0.3
Implement a Smart Lighting Controller with Thermal Limits,r10,0.2526,0.5
Implement a Smart Lighting Controller with Thermal Limits,r11,0.3423,0.8
Implement a Smart Lighting Controller with Thermal Limits,r12,0.3357,0.9
Implement a Smart Lighting Controller with Thermal Limits,r13,0.3438,0.7
Implement a Smart Lighting Controller with Thermal Limits,r14,0.1895,0.1
Implement a Smart Lighting Controller with Thermal Limits,r15,0.233,0.0
Implement a Smart Lighting Controller with Thermal Limits,r16,0.2153,0.0
Implement a Smart Lighting Controller with Thermal Limits,r17,0.1494,0.0
Implement a Smart Lighting Controller with Thermal Limits,r18,0.2082,0.0
Implement a Smart Lighting Controller with Thermal Limits,r19,0.184,0.0
Implement a Smart Lighting Controller with Thermal Limits,r20,0.1658,0.0
Implement a Smart Lighting Controller with Thermal Limits,r21,0.184,0.0
Implement a Smart Lighting Controller with Thermal Limits,r22,0.1435,0.0
Implement a Smart Lighting Controller with Thermal Limits,r23,0.2765,0.0
Implement a Smart Lighting Controller with Thermal Limits,r24,0.2553,0.0
Implement a Smart Lighting Controller with Thermal Limits,r25,0.1714,0.0
Implement a Smart Lighting Controller with Thermal Limits,r26,0.218,0.0
Implement a Smart Lighting Controller with Thermal Limits,r27,0.1212,0.0
Implement a Smart Lighting Controller with Thermal Limits,r28,0.2125,0.0
Implement a Smart Lighting Controller with Thermal Limits,r29,0.1819,0.0
Implement a Smart Lighting Controller with Thermal Limits,r30,0.2125,0.0
Implement a Smart Lighting Controller with Thermal Limits,r31,0.1677,0.0
Implement a Smart Lighting Controller with Thermal Limits,r32,0.1754,0.4
Implement a Smart Lighting Controller with Thermal Limits,r33,0.1815,0.0
Build a Hydroponics Monitoring Node with Network Stability,r1,0.2172,0.1
Build a Hydroponics Monitoring Node with Network Stability,r2,0.2129,0.3
Build a Hydroponics Monitoring Node with Network Stability,r3,0.2112,0.4
Build a Hydroponics Monitoring Node with Network Stability,r4,0.2512,0.3
Build a Hydroponics Monitoring Node with Network Stability,r5,0.2128,0.4
Build a Hydroponics Monitoring Node with Network Stability,r6,0.1106,0.1
Build a Hydroponics Monitoring Node with Network Stability,r7,0.1731,0.3
Build a Hydroponics Monitoring Node with Network Stability,r8,0.2761,0.4
Build a Hydroponics Monitoring Node with Network Stability,r9,0.1499,0.3
Build a Hydroponics Monitoring Node with Network Stability,r10,0.2209,0.4
Build a Hydroponics Monitoring Node with Network Stability,r11,0.0961,0.7
Build a Hydroponics Monitoring Node with Network Stability,r12,0.1739,0.8
Build a Hydroponics Monitoring Node with Network Stability,r13,0.2737,0.7
Build a Hydroponics Monitoring Node with Network Stability,r14,0.0765,0.1
Build a Hydroponics Monitoring Node with Network Stability,r15,0.1037,0.6
Build a Hydroponics Monitoring Node with Network Stability,r16,0.3792,0.8
Build a Hydroponics Monitoring Node with Network Stability,r17,0.2713,0.5
Build a Hydroponics Monitoring Node with Network Stability,r18,0.3486,0.9
Build a Hydroponics Monitoring Node with Network Stability,r19,0.3553,0.8
Build a Hydroponics Monitoring Node with Network Stability,r20,0.3224,0.8
Build a Hydroponics Monitoring Node with Network Stability,r21,0.3553,0.8
Build a Hydroponics Monitoring Node with Network Stability,r22,0.2957,0.8
Build a Hydroponics Monitoring Node with Network Stability,r23,0.4585,0.2
Build a Hydroponics Monitoring Node with Network Stability,r24,0.4415,0.2
Build a Hydroponics Monitoring Node with Network Stability,r25,0.3939,0.2
Build a Hydroponics Monitoring Node with Network Stability,r26,0.3781,0.2
Build a Hydroponics Monitoring Node with Network Stability,r27,0.3578,0.2
Build a Hydroponics Monitoring Node with Network Stability,r28,0.3996,0.8
Build a Hydroponics Monitoring Node with Network Stability,r29,0.3737,0.8
Build a Hydroponics Monitoring Node with Network Stability,r30,0.3996,0.8
Build a Hydroponics Monitoring Node with Network Stability,r31,0.3563,0.8
Build a Hydroponics Monitoring Node with Network Stability,r32,0.175,0.2
Build a Hydroponics Monitoring Node with Network Stability,r33,0.3473,0.2
Setup a E-Commerce API Gateway with MTU Enforcement,r1,0.2255,0.05
Setup a E-Commerce API Gateway with MTU Enforcement,r2,0.22,0.1
Setup a E-Commerce API Gateway with MTU Enforcement,r3,0.1353,0.1
Setup a E-Commerce API Gateway with MTU Enforcement,r4,0.28,0.1
Setup a E-Commerce API Gateway with MTU Enforcement,r5,0.1786,0.1
Setup a E-Commerce API Gateway with MTU Enforcement,r6,0.1094,0.05
Setup a E-Commerce API Gateway with MTU Enforcement,r7,0.1448,0.1
Setup a E-Commerce API Gateway with MTU Enforcement,r8,0.1736,0.1
Setup a E-Commerce API Gateway with MTU Enforcement,r9,0.1307,0.1
Setup a E-Commerce API Gateway with MTU Enforcement,r10,0.1489,0.1
Setup a E-Commerce API Gateway with MTU Enforcement,r11,0.1602,0.2
Setup a E-Commerce API Gateway with MTU Enforcement,r12,0.1046,0.2
Setup a E-Commerce API Gateway with MTU Enforcement,r13,0.1456,0.2
Setup a E-Commerce API Gateway with MTU Enforcement,r14,0.0999,0.05
Setup a E-Commerce API Gateway with MTU Enforcement,r15,0.2942,0.1
Setup a E-Commerce API Gateway with MTU Enforcement,r16,0.22,0.7
Setup a E-Commerce API Gateway with MTU Enforcement,r17,0.3115,0.8
Setup a E-Commerce API Gateway with MTU Enforcement,r18,0.3603,0.6
Setup a E-Commerce API Gateway with MTU Enforcement,r19,0.2074,0.3
Setup a E-Commerce API Gateway with MTU Enforcement,r20,0.2376,0.3
Setup a E-Commerce API Gateway with MTU Enforcement,r21,0.2074,0.3
Setup a E-Commerce API Gateway with MTU Enforcement,r22,0.1801,0.3
Setup a E-Commerce API Gateway with MTU Enforcement,r23,0.3362,0.05
Setup a E-Commerce API Gateway with MTU Enforcement,r24,0.3212,0.05
Setup a E-Commerce API Gateway with MTU Enforcement,r25,0.2765,0.05
Setup a E-Commerce API Gateway with MTU Enforcement,r26,0.2602,0.05
Setup a E-Commerce API Gateway with MTU Enforcement,r27,0.22,0.05
Setup a E-Commerce API Gateway with MTU Enforcement,r28,0.2049,0.3
Setup a E-Commerce API Gateway with MTU Enforcement,r29,0.2376,0.3
Setup a E-Commerce API Gateway with MTU Enforcement,r30,0.2049,0.3
Setup a E-Commerce API Gateway with MTU Enforcement,r31,0.1912,0.3
Setup a E-Commerce API Gateway with MTU Enforcement,r32,0.1096,0.05
Setup a E-Commerce API Gateway with MTU Enforcement,r33,0.2427,0.05
Create a Robotics Simulation with memory Guarantees,r1,0.6904,0.1
Create a Robotics Simulation with memory Guarantees,r2,0.7053,0.9
Create a Robotics Simulation with memory Guarantees,r3,0.6338,0.8
Create a Robotics Simulation with memory Guarantees,r4,0.7537,0.9
Create a Robotics Simulation with memory Guarantees,r5,0.6834,0.8
Create a Robotics Simulation with memory Guarantees,r6,0.1415,0.7
Create a Robotics Simulation with memory Guarantees,r7,0.2928,0.3
Create a Robotics Simulation with memory Guarantees,r8,0.2634,0.2
Create a Robotics Simulation with memory Guarantees,r9,0.3675,0.3
Create a Robotics Simulation with memory Guarantees,r10,0.362,0.2
Create a Robotics Simulation with memory Guarantees,r11,0.0874,0.1
Create a Robotics Simulation with memory Guarantees,r12,0.0293,0.1
Create a Robotics Simulation with memory Guarantees,r13,0.133,0.1
Create a Robotics Simulation with memory Guarantees,r14,0.2497,0.2
Create a Robotics Simulation with memory Guarantees,r15,0.4492,0.1
Create a Robotics Simulation with memory Guarantees,r16,0.2481,0.1
Create a Robotics Simulation with memory Guarantees,r17,0.1722,0.1
Create a Robotics Simulation with memory Guarantees,r18,0.2122,0.1
Create a Robotics Simulation with memory Guarantees,r19,0.2372,0.1
Create a Robotics Simulation with memory Guarantees,r20,0.2362,0.1
Create a Robotics Simulation with memory Guarantees,r21,0.2372,0.1
Create a Robotics Simulation with memory Guarantees,r22,0.2251,0.1
Create a Robotics Simulation with memory Guarantees,r23,0.4804,0.1
Create a Robotics Simulation with memory Guarantees,r24,0.4726,0.1
Create a Robotics Simulation with memory Guarantees,r25,0.4548,0.1
Create a Robotics Simulation with memory Guarantees,r26,0.4115,0.1
Create a Robotics Simulation with memory Guarantees,r27,0.3797,0.1
Create a Robotics Simulation with memory Guarantees,r28,0.3772,0.1
Create a Robotics Simulation with memory Guarantees,r29,0.3816,0.1
Create a Robotics Simulation with memory Guarantees,r30,0.3772,0.1
Create a Robotics Simulation with memory Guarantees,r31,0.3507,0.1
Create a Robotics Simulation with memory Guarantees,r32,0.6729,0.9
Create a Robotics Simulation with memory Guarantees,r33,0.6917,0.1
Provision a Spacecraft Telemetry Relay with DPDK Buffers,r1,0.3805,0.05
Provision a Spacecraft Telemetry Relay with DPDK Buffers,r2,0.4372,0.1
Provision a Spacecraft Telemetry Relay with DPDK Buffers,r3,0.3558,0.1
Provision a Spacecraft Telemetry Relay with DPDK Buffers,r4,0.5252,0.1
Provision a Spacecraft Telemetry Relay with DPDK Buffers,r5,0.421,0.1
Provision a Spacecraft Telemetry Relay with DPDK Buffers,r6,0.0911,0.05
Provision a Spacecraft Telemetry Relay with DPDK Buffers,r7,0.1646,0.1
Provision a Spacecraft Telemetry Relay with DPDK Buffers,r8,0.1844,0.1
Provision a Spacecraft Telemetry Relay with DPDK Buffers,r9,0.1819,0.1
Provision a Spacecraft Telemetry Relay with DPDK Buffers,r10,0.2362,0.1
Provision a Spacecraft Telemetry Relay with DPDK Buffers,r11,0.0927,0.2
Provision a Spacecraft Telemetry Relay with DPDK Buffers,r12,0.0681,0.3
Provision a Spacecraft Telemetry Relay with DPDK Buffers,r13,0.1161,0.3
Provision a Spacecraft Telemetry Relay with DPDK Buffers,r14,0.063,0.05
Provision a Spacecraft Telemetry Relay with DPDK Buffers,r15,0.328,0.05
Provision a Spacecraft Telemetry Relay with DPDK Buffers,r16,0.2629,0.2
Provision a Spacecraft Telemetry Relay with DPDK Buffers,r17,0.2546,0.05
Provision a Spacecraft Telemetry Relay with DPDK Buffers,r18,0.2422,0.2
Provision a Spacecraft Telemetry Relay with DPDK Buffers,r19,0.2182,0.3
Provision a Spacecraft Telemetry Relay with DPDK Buffers,r20,0.3098,0.3
Provision a Spacecraft Telemetry Relay with DPDK Buffers,r21,0.2182,0.3
Provision a Spacecraft Telemetry Relay with DPDK Buffers,r22,0.2873,0.3
Provision a Spacecraft Telemetry Relay with DPDK Buffers,r23,0.635,0.7
Provision a Spacecraft Telemetry Relay with DPDK Buffers,r24,0.6163,0.7
Provision a Spacecraft Telemetry Relay with DPDK Buffers,r25,0.5695,0.6
Provision a Spacecraft Telemetry Relay with DPDK Buffers,r26,0.5644,0.6
Provision a Spacecraft Telemetry Relay with DPDK Buffers,r27,0.4642,0.6
Provision a Spacecraft Telemetry Relay with DPDK Buffers,r28,0.5053,0.3
Provision a Spacecraft Telemetry Relay with DPDK Buffers,r29,0.5236,0.3
Provision a Spacecraft Telemetry Relay with DPDK Buffers,r30,0.5053,0.3
Provision a Spacecraft Telemetry Relay with DPDK Buffers,r31,0.5099,0.3
Provision a Spacecraft Telemetry Relay with DPDK Buffers,r32,0.5446,0.8
Provision a Spacecraft Telemetry Relay with DPDK Buffers,r33,0.6225,0.7
Deploy a Waste Management IoT Sensor with Fan Alerts,r1,0.2522,0.05
Deploy a Waste Management IoT Sensor with Fan Alerts,r2,0.3579,0.1
Deploy a Waste Management IoT Sensor with Fan Alerts,r3,0.4228,0.1
Deploy a Waste Management IoT Sensor with Fan Alerts,r4,0.3232,0.05
Deploy a Waste Management IoT Sensor with Fan Alerts,r5,0.4921,0.1
Deploy a Waste Management IoT Sensor with Fan Alerts,r6,0.1824,0.05
Deploy a Waste Management IoT Sensor with Fan Alerts,r7,0.3716,0.1
Deploy a Waste Management IoT Sensor with Fan Alerts,r8,0.5143,0.1
Deploy a Waste Management IoT Sensor with Fan Alerts,r9,0.3503,0.1
Deploy a Waste Management IoT Sensor with Fan Alerts,r10,0.5412,0.1
Deploy a Waste Management IoT Sensor with Fan Alerts,r11,0.2875,0.8
Deploy a Waste Management IoT Sensor with Fan Alerts,r12,0.3571,0.9
Deploy a Waste Management IoT Sensor with Fan Alerts,r13,0.4274,0.9
Deploy a Waste Management IoT Sensor with Fan Alerts,r14,0.2896,0.05
Deploy a Waste Management IoT Sensor with Fan Alerts,r15,0.2031,0.0
Deploy a Waste Management IoT Sensor with Fan Alerts,r16,0.5818,0.0
Deploy a Waste Management IoT Sensor with Fan Alerts,r17,0.176,0.0
Deploy a Waste Management IoT Sensor with Fan Alerts,r18,0.2119,0.0
Deploy a Waste Management IoT Sensor with Fan Alerts,r19,0.363,0.0
Deploy a Waste Management IoT Sensor with Fan Alerts,r20,0.3483,0.0
Deploy a Waste Management IoT Sensor with Fan Alerts,r21,0.363,0.0
Deploy a Waste Management IoT Sensor with Fan Alerts,r22,0.3554,0.0
Deploy a Waste Management IoT Sensor with Fan Alerts,r23,0.3421,0.0
Deploy a Waste Management IoT Sensor with Fan Alerts,r24,0.2538,0.0
Deploy a Waste Management IoT Sensor with Fan Alerts,r25,0.2635,0.0
Deploy a Waste Management IoT Sensor with Fan Alerts,r26,0.3013,0.0
Deploy a Waste Management IoT Sensor with Fan Alerts,r27,0.2155,0.0
Deploy a Waste Management IoT Sensor with Fan Alerts,r28,0.3528,0.0
Deploy a Waste Management IoT Sensor with Fan Alerts,r29,0.365,0.0
Deploy a Waste Management IoT Sensor with Fan Alerts,r30,0.3528,0.0
Deploy a Waste Management IoT Sensor with Fan Alerts,r31,0.3586,0.0
Deploy a Waste Management IoT Sensor with Fan Alerts,r32,0.3314,0.0
Deploy a Waste Management IoT Sensor with Fan Alerts,r33,0.2838,0.0
Implement a Air Traffic Control Backup System with ARP Checks,r1,0.3074,0.05
Implement a Air Traffic Control Backup System with ARP Checks,r2,0.3465,0.1
Implement a Air Traffic Control Backup System with ARP Checks,r3,0.278,0.1
Implement a Air Traffic Control Backup System with ARP Checks,r4,0.4177,0.1
Implement a Air Traffic Control Backup System with ARP Checks,r5,0.3874,0.1
Implement a Air Traffic Control Backup System with ARP Checks,r6,0.0263,0.05
Implement a Air Traffic Control Backup System with ARP Checks,r7,0.1578,0.1
Implement a Air Traffic Control Backup System with ARP Checks,r8,0.2084,0.1
Implement a Air Traffic Control Backup System with ARP Checks,r9,0.1836,0.1
Implement a Air Traffic Control Backup System with ARP Checks,r10,0.2603,0.1
Implement a Air Traffic Control Backup System with ARP Checks,r11,-0.0757,0.2
Implement a Air Traffic Control Backup System with ARP Checks,r12,0.0318,0.2
Implement a Air Traffic Control Backup System with ARP Checks,r13,0.2535,0.2
Implement a Air Traffic Control Backup System with ARP Checks,r14,0.0063,0.05
Implement a Air Traffic Control Backup System with ARP Checks,r15,0.2101,0.1
Implement a Air Traffic Control Backup System with ARP Checks,r16,0.2522,0.8
Implement a Air Traffic Control Backup System with ARP Checks,r17,0.0758,0.1
Implement a Air Traffic Control Backup System with ARP Checks,r18,0.1798,0.6
Implement a Air Traffic Control Backup System with ARP Checks,r19,0.2285,0.3
Implement a Air Traffic Control Backup System with ARP Checks,r20,0.1804,0.3
Implement a Air Traffic Control Backup System with ARP Checks,r21,0.2285,0.3
Implement a Air Traffic Control Backup System with ARP Checks,r22,0.1706,0.3
Implement a Air Traffic Control Backup System with ARP Checks,r23,0.417,0.05
Implement a Air Traffic Control Backup System with ARP Checks,r24,0.3777,0.05
Implement a Air Traffic Control Backup System with ARP Checks,r25,0.3425,0.05
Implement a Air Traffic Control Backup System with ARP Checks,r26,0.365,0.05
Implement a Air Traffic Control Backup System with ARP Checks,r27,0.2603,0.05
Implement a Air Traffic Control Backup System with ARP Checks,r28,0.4145,0.3
Implement a Air Traffic Control Backup System with ARP Checks,r29,0.3359,0.3
Implement a Air Traffic Control Backup System with ARP Checks,r30,0.4145,0.3
Implement a Air Traffic Control Backup System with ARP Checks,r31,0.3194,0.3
Implement a Air Traffic Control Backup System with ARP Checks,r32,0.3535,0.05
Implement a Air Traffic Control Backup System with ARP Checks,r33,0.4774,0.05
Build a Nuclear Plant Sensor Network with Zero Packet Loss,r1,0.3349,0.05
Build a Nuclear Plant Sensor Network with Zero Packet Loss,r2,0.3703,0.1
Build a Nuclear Plant Sensor Network with Zero Packet Loss,r3,0.3544,0.1
Build a Nuclear Plant Sensor Network with Zero Packet Loss,r4,0.3812,0.1
Build a Nuclear Plant Sensor Network with Zero Packet Loss,r5,0.3648,0.1
Build a Nuclear Plant Sensor Network with Zero Packet Loss,r6,0.2275,0.05
Build a Nuclear Plant Sensor Network with Zero Packet Loss,r7,0.3539,0.2
Build a Nuclear Plant Sensor Network with Zero Packet Loss,r8,0.3605,0.2
Build a Nuclear Plant Sensor Network with Zero Packet Loss,r9,0.2809,0.2
Build a Nuclear Plant Sensor Network with Zero Packet Loss,r10,0.3271,0.2
Build a Nuclear Plant Sensor Network with Zero Packet Loss,r11,0.3006,0.7
Build a Nuclear Plant Sensor Network with Zero Packet Loss,r12,0.2794,0.8
Build a Nuclear Plant Sensor Network with Zero Packet Loss,r13,0.4067,0.7
Build a Nuclear Plant Sensor Network with Zero Packet Loss,r14,0.3028,0.05
Build a Nuclear Plant Sensor Network with Zero Packet Loss,r15,0.2856,0.1
Build a Nuclear Plant Sensor Network with Zero Packet Loss,r16,0.4831,0.9
Build a Nuclear Plant Sensor Network with Zero Packet Loss,r17,0.4607,0.1
Build a Nuclear Plant Sensor Network with Zero Packet Loss,r18,0.5193,0.8
Build a Nuclear Plant Sensor Network with Zero Packet Loss,r19,0.5309,0.9
Build a Nuclear Plant Sensor Network with Zero Packet Loss,r20,0.5173,0.9
Build a Nuclear Plant Sensor Network with Zero Packet Loss,r21,0.5309,0.9
Build a Nuclear Plant Sensor Network with Zero Packet Loss,r22,0.4937,0.9
Build a Nuclear Plant Sensor Network with Zero Packet Loss,r23,0.5121,0.5
Build a Nuclear Plant Sensor Network with Zero Packet Loss,r24,0.4586,0.5
Build a Nuclear Plant Sensor Network with Zero Packet Loss,r25,0.471,0.5
Build a Nuclear Plant Sensor Network with Zero Packet Loss,r26,0.4075,0.5
Build a Nuclear Plant Sensor Network with Zero Packet Loss,r27,0.4325,0.5
Build a Nuclear Plant Sensor Network with Zero Packet Loss,r28,0.4792,0.9
Build a Nuclear Plant Sensor Network with Zero Packet Loss,r29,0.4699,0.9
Build a Nuclear Plant Sensor Network with Zero Packet Loss,r30,0.4792,0.9
Build a Nuclear Plant Sensor Network with Zero Packet Loss,r31,0.4477,0.9
Build a Nuclear Plant Sensor Network with Zero Packet Loss,r32,0.3262,0.4
Build a Nuclear Plant Sensor Network with Zero Packet Loss,r33,0.4094,0.5
Setup a Railway Signaling System with CPU Stability,r1,0.2791,0.0
Setup a Railway Signaling System with CPU Stability,r2,0.306,0.3
Setup a Railway Signaling System with CPU Stability,r3,0.3172,0.6
Setup a Railway Signaling System with CPU Stability,r4,0.3675,0.3
Setup a Railway Signaling System with CPU Stability,r5,0.3883,0.6
Setup a Railway Signaling System with CPU Stability,r6,0.0427,0.0
Setup a Railway Signaling System with CPU Stability,r7,0.3389,0.8
Setup a Railway Signaling System with CPU Stability,r8,0.292,0.9
Setup a Railway Signaling System with CPU Stability,r9,0.3134,0.8
Setup a Railway Signaling System with CPU Stability,r10,0.3253,0.9
Setup a Railway Signaling System with CPU Stability,r11,0.1657,0.0
Setup a Railway Signaling System with CPU Stability,r12,0.0959,0.0
Setup a Railway Signaling System with CPU Stability,r13,0.359,0.0
Setup a Railway Signaling System with CPU Stability,r14,0.1467,0.5
Setup a Railway Signaling System with CPU Stability,r15,0.3189,0.0
Setup a Railway Signaling System with CPU Stability,r16,0.3838,0.0
Setup a Railway Signaling System with CPU Stability,r17,0.132,0.0
Setup a Railway Signaling System with CPU Stability,r18,0.3436,0.0
Setup a Railway Signaling System with CPU Stability,r19,0.3111,0.0
Setup a Railway Signaling System with CPU Stability,r20,0.2483,0.0
Setup a Railway Signaling System with CPU Stability,r21,0.3111,0.0
Setup a Railway Signaling System with CPU Stability,r22,0.213,0.0
Setup a Railway Signaling System with CPU Stability,r23,0.3477,0.0
Setup a Railway Signaling System with CPU Stability,r24,0.3488,0.0
Setup a Railway Signaling System with CPU Stability,r25,0.3707,0.0
Setup a Railway Signaling System with CPU Stability,r26,0.3543,0.0
Setup a Railway Signaling System with CPU Stability,r27,0.3331,0.0
Setup a Railway Signaling System with CPU Stability,r28,0.3525,0.0
Setup a Railway Signaling System with CPU Stability,r29,0.3299,0.0
Setup a Railway Signaling System with CPU Stability,r30,0.3525,0.0
Setup a Railway Signaling System with CPU Stability,r31,0.273,0.0
Setup a Railway Signaling System with CPU Stability,r32,0.3014,0.3
Setup a Railway Signaling System with CPU Stability,r33,0.4127,0.0
Create a Augmented Reality Classroom with SSH Access,r1,0.3045,0.05
Create a Augmented Reality Classroom with SSH Access,r2,0.2882,0.1
Create a Augmented Reality Classroom with SSH Access,r3,0.2225,0.1
Create a Augmented Reality Classroom with SSH Access,r4,0.4357,0.1
Create a Augmented Reality Classroom with SSH Access,r5,0.4327,0.1
Create a Augmented Reality Classroom with SSH Access,r6,0.0753,0.0
Create a Augmented Reality Classroom with SSH Access,r7,0.2897,0.0
Create a Augmented Reality Classroom with SSH Access,r8,0.2186,0.0
Create a Augmented Reality Classroom with SSH Access,r9,0.4126,0.0
Create a Augmented Reality Classroom with SSH Access,r10,0.3875,0.0
Create a Augmented Reality Classroom with SSH Access,r11,0.0629,0.0
Create a Augmented Reality Classroom with SSH Access,r12,0.0335,0.0
Create a Augmented Reality Classroom with SSH Access,r13,0.1472,0.0
Create a Augmented Reality Classroom with SSH Access,r14,0.1764,0.0
Create a Augmented Reality Classroom with SSH Access,r15,0.7459,0.7
Create a Augmented Reality Classroom with SSH Access,r16,0.2241,0.0
Create a Augmented Reality Classroom with SSH Access,r17,0.205,0.0
Create a Augmented Reality Classroom with SSH Access,r18,0.245,0.0
Create a Augmented Reality Classroom with SSH Access,r19,0.2707,0.0
Create a Augmented Reality Classroom with SSH Access,r20,0.1836,0.0
Create a Augmented Reality Classroom with SSH Access,r21,0.2707,0.0
Create a Augmented Reality Classroom with SSH Access,r22,0.1942,0.0
Create a Augmented Reality Classroom with SSH Access,r23,0.2436,0.0
Create a Augmented Reality Classroom with SSH Access,r24,0.3341,0.0
Create a Augmented Reality Classroom with SSH Access,r25,0.3159,0.0
Create a Augmented Reality Classroom with SSH Access,r26,0.3704,0.0
Create a Augmented Reality Classroom with SSH Access,r27,0.289,0.0
Create a Augmented Reality Classroom with SSH Access,r28,0.3367,0.0
Create a Augmented Reality Classroom with SSH Access,r29,0.2686,0.0
Create a Augmented Reality Classroom with SSH Access,r30,0.3367,0.0
Create a Augmented Reality Classroom with SSH Access,r31,0.2638,0.0
Create a Augmented Reality Classroom with SSH Access,r32,0.2641,0.0
Create a Augmented Reality Classroom with SSH Access,r33,0.3396,0.0
Provision a Wind Turbine Monitoring Node with Thermal Controls,r1,0.1944,0.1
Provision a Wind Turbine Monitoring Node with Thermal Controls,r2,0.1801,0.6
Provision a Wind Turbine Monitoring Node with Thermal Controls,r3,0.1572,0.8
Provision a Wind Turbine Monitoring Node with Thermal Controls,r4,0.3081,0.1
Provision a Wind Turbine Monitoring Node with Thermal Controls,r5,0.2637,0.6
Provision a Wind Turbine Monitoring Node with Thermal Controls,r6,0.0731,0.1
Provision a Wind Turbine Monitoring Node with Thermal Controls,r7,0.1919,0.5
Provision a Wind Turbine Monitoring Node with Thermal Controls,r8,0.2065,0.7
Provision a Wind Turbine Monitoring Node with Thermal Controls,r9,0.2152,0.1
Provision a Wind Turbine Monitoring Node with Thermal Controls,r10,0.2539,0.5
Provision a Wind Turbine Monitoring Node with Thermal Controls,r11,0.208,0.9
Provision a Wind Turbine Monitoring Node with Thermal Controls,r12,0.2546,0.0
Provision a Wind Turbine Monitoring Node with Thermal Controls,r13,0.3457,0.8
Provision a Wind Turbine Monitoring Node with Thermal Controls,r14,0.0954,0.1
Provision a Wind Turbine Monitoring Node with Thermal Controls,r15,0.1748,0.1
Provision a Wind Turbine Monitoring Node with Thermal Controls,r16,0.1837,0.2
Provision a Wind Turbine Monitoring Node with Thermal Controls,r17,0.1705,0.1
Provision a Wind Turbine Monitoring Node with Thermal Controls,r18,0.2228,0.2
Provision a Wind Turbine Monitoring Node with Thermal Controls,r19,0.1728,0.3
Provision a Wind Turbine Monitoring Node with Thermal Controls,r20,0.1696,0.2
Provision a Wind Turbine Monitoring Node with Thermal Controls,r21,0.1728,0.3
Provision a Wind Turbine Monitoring Node with Thermal Controls,r22,0.1382,0.2
Provision a Wind Turbine Monitoring Node with Thermal Controls,r23,0.2717,0.1
Provision a Wind Turbine Monitoring Node with Thermal Controls,r24,0.2716,0.1
Provision a Wind Turbine Monitoring Node with Thermal Controls,r25,0.245,0.1
Provision a Wind Turbine Monitoring Node with Thermal Controls,r26,0.2256,0.1
Provision a Wind Turbine Monitoring Node with Thermal Controls,r27,0.2274,0.1
Provision a Wind Turbine Monitoring Node with Thermal Controls,r28,0.2478,0.3
Provision a Wind Turbine Monitoring Node with Thermal Controls,r29,0.238,0.2
Provision a Wind Turbine Monitoring Node with Thermal Controls,r30,0.2478,0.3
Provision a Wind Turbine Monitoring Node with Thermal Controls,r31,0.2111,0.2
Provision a Wind Turbine Monitoring Node with Thermal Controls,r32,0.1282,0.1
Provision a Wind Turbine Monitoring Node with Thermal Controls,r33,0.1921,0.1
Deploy a Underwater Data Acoustic Link with Buffer Protection,r1,0.1986,0.05
Deploy a Underwater Data Acoustic Link with Buffer Protection,r2,0.2513,0.3
Deploy a Underwater Data Acoustic Link with Buffer Protection,r3,0.2762,0.4
Deploy a Underwater Data Acoustic Link with Buffer Protection,r4,0.3109,0.3
Deploy a Underwater Data Acoustic Link with Buffer Protection,r5,0.3275,0.4
Deploy a Underwater Data Acoustic Link with Buffer Protection,r6,0.0149,0.05
Deploy a Underwater Data Acoustic Link with Buffer Protection,r7,0.1472,0.1
Deploy a Underwater Data Acoustic Link with Buffer Protection,r8,0.2275,0.2
Deploy a Underwater Data Acoustic Link with Buffer Protection,r9,0.1297,0.1
Deploy a Underwater Data Acoustic Link with Buffer Protection,r10,0.248,0.2
Deploy a Underwater Data Acoustic Link with Buffer Protection,r11,0.1632,0.05
Deploy a Underwater Data Acoustic Link with Buffer Protection,r12,0.1564,0.1
Deploy a Underwater Data Acoustic Link with Buffer Protection,r13,0.1841,0.1
Deploy a Underwater Data Acoustic Link with Buffer Protection,r14,0.1272,0.05
Deploy a Underwater Data Acoustic Link with Buffer Protection,r15,0.2903,0.05
Deploy a Underwater Data Acoustic Link with Buffer Protection,r16,0.3421,0.7
Deploy a Underwater Data Acoustic Link with Buffer Protection,r17,0.1756,0.1
Deploy a Underwater Data Acoustic Link with Buffer Protection,r18,0.2269,0.7
Deploy a Underwater Data Acoustic Link with Buffer Protection,r19,0.1946,0.6
Deploy a Underwater Data Acoustic Link with Buffer Protection,r20,0.278,0.6
Deploy a Underwater Data Acoustic Link with Buffer Protection,r21,0.1946,0.6
Deploy a Underwater Data Acoustic Link with Buffer Protection,r22,0.2753,0.6
Deploy a Underwater Data Acoustic Link with Buffer Protection,r23,0.3908,0.8
Deploy a Underwater Data Acoustic Link with Buffer Protection,r24,0.3563,0.8
Deploy a Underwater Data Acoustic Link with Buffer Protection,r25,0.355,0.8
Deploy a Underwater Data Acoustic Link with Buffer Protection,r26,0.3504,0.7
Deploy a Underwater Data Acoustic Link with Buffer Protection,r27,0.277,0.7
Deploy a Underwater Data Acoustic Link with Buffer Protection,r28,0.3142,0.6
Deploy a Underwater Data Acoustic Link with Buffer Protection,r29,0.3589,0.6
Deploy a Underwater Data Acoustic Link with Buffer Protection,r30,0.3142,0.6
Deploy a Underwater Data Acoustic Link with Buffer Protection,r31,0.3637,0.6
Deploy a Underwater Data Acoustic Link with Buffer Protection,r32,0.2971,0.9
Deploy a Underwater Data Acoustic Link with Buffer Protection,r33,0.3783,0.8
Build a Lunar Rover Communication Hub with DPDK Optimizations,r1,0.1455,0.05
Build a Lunar Rover Communication Hub with DPDK Optimizations,r2,0.2184,0.1
Build a Lunar Rover Communication Hub with DPDK Optimizations,r3,0.1261,0.1
Build a Lunar Rover Communication Hub with DPDK Optimizations,r4,0.3308,0.1
Build a Lunar Rover Communication Hub with DPDK Optimizations,r5,0.2654,0.1
Build a Lunar Rover Communication Hub with DPDK Optimizations,r6,0.0509,0.05
Build a Lunar Rover Communication Hub with DPDK Optimizations,r7,0.1681,0.2
Build a Lunar Rover Communication Hub with DPDK Optimizations,r8,0.1384,0.2
Build a Lunar Rover Communication Hub with DPDK Optimizations,r9,0.2492,0.2
Build a Lunar Rover Communication Hub with DPDK Optimizations,r10,0.2669,0.2
Build a Lunar Rover Communication Hub with DPDK Optimizations,r11,0.094,0.1
Build a Lunar Rover Communication Hub with DPDK Optimizations,r12,0.0588,0.1
Build a Lunar Rover Communication Hub with DPDK Optimizations,r13,0.1684,0.1
Build a Lunar Rover Communication Hub with DPDK Optimizations,r14,0.1684,0.05
Build a Lunar Rover Communication Hub with DPDK Optimizations,r15,0.2971,0.6
Build a Lunar Rover Communication Hub with DPDK Optimizations,r16,0.2975,0.7
Build a Lunar Rover Communication Hub with DPDK Optimizations,r17,0.2634,0.7
Build a Lunar Rover Communication Hub with DPDK Optimizations,r18,0.233,0.7
Build a Lunar Rover Communication Hub with DPDK Optimizations,r19,0.3464,0.8
Build a Lunar Rover Communication Hub with DPDK Optimizations,r20,0.3771,0.8
Build a Lunar Rover Communication Hub with DPDK Optimizations,r21,0.3464,0.8
Build a Lunar Rover Communication Hub with DPDK Optimizations,r22,0.3233,0.8
Build a Lunar Rover Communication Hub with DPDK Optimizations,r23,0.4857,0.9
Build a Lunar Rover Communication Hub with DPDK Optimizations,r24,0.5339,0.9
Build a Lunar Rover Communication Hub with DPDK Optimizations,r25,0.5054,0.9
Build a Lunar Rover Communication Hub with DPDK Optimizations,r26,0.557,0.9
Build a Lunar Rover Communication Hub with DPDK Optimizations,r27,0.4919,0.9
Build a Lunar Rover Communication Hub with DPDK Optimizations,r28,0.5674,0.8
Build a Lunar Rover Communication Hub with DPDK Optimizations,r29,0.5791,0.8
Build a Lunar Rover Communication Hub with DPDK Optimizations,r30,0.5674,0.8
Build a Lunar Rover Communication Hub with DPDK Optimizations,r31,0.5339,0.8
Build a Lunar Rover Communication Hub with DPDK Optimizations,r32,0.3449,0.9
Build a Lunar Rover Communication Hub with DPDK Optimizations,r33,0.4649,0.9
Deploy a load balancer with 3GHz of processing capabilites,r1,0.4258,0.05
Deploy a load balancer with 3GHz of processing capabilites,r2,0.4175,0.6
Deploy a load balancer with 3GHz of processing capabilites,r3,0.3412,0.7
Deploy a load balancer with 3GHz of processing capabilites,r4,0.4791,0.6
Deploy a load balancer with 3GHz of processing capabilites,r5,0.4062,0.7
Deploy a load balancer with 3GHz of processing capabilites,r6,0.1548,0.05
Deploy a load balancer with 3GHz of processing capabilites,r7,0.3157,0.8
Deploy a load balancer with 3GHz of processing capabilites,r8,0.3229,0.9
Deploy a load balancer with 3GHz of processing capabilites,r9,0.3389,0.8
Deploy a load balancer with 3GHz of processing capabilites,r10,0.3304,0.9
Deploy a load balancer with 3GHz of processing capabilites,r11,0.0791,0.05
Deploy a load balancer with 3GHz of processing capabilites,r12,0.1415,0.1
Deploy a load balancer with 3GHz of processing capabilites,r13,0.3229,0.1
Deploy a load balancer with 3GHz of processing capabilites,r14,0.1038,0.05
Deploy a load balancer with 3GHz of processing capabilites,r15,0.2667,0.05
Deploy a load balancer with 3GHz of processing capabilites,r16,0.3114,0.1
Deploy a load balancer with 3GHz of processing capabilites,r17,0.2953,0.05
Deploy a load balancer with 3GHz of processing capabilites,r18,0.3701,0.1
Deploy a load balancer with 3GHz of processing capabilites,r19,0.3854,0.1
Deploy a load balancer with 3GHz of processing capabilites,r20,0.3387,0.1
Deploy a load balancer with 3GHz of processing capabilites,r21,0.3854,0.1
Deploy a load balancer with 3GHz of processing capabilites,r22,0.2865,0.1
Deploy a load balancer with 3GHz of processing capabilites,r23,0.4066,0.05
Deploy a load balancer with 3GHz of processing capabilites,r24,0.4605,0.05
Deploy a load balancer with 3GHz of processing capabilites,r25,0.4531,0.05
Deploy a load balancer with 3GHz of processing capabilites,r26,0.3968,0.05
Deploy a load balancer with 3GHz of processing capabilites,r27,0.421,0.05
Deploy a load balancer with 3GHz of processing capabilites,r28,0.4304,0.1
Deploy a load balancer with 3GHz of processing capabilites,r29,0.3965,0.1
Deploy a load balancer with 3GHz of processing capabilites,r30,0.4304,0.1
Deploy a load balancer with 3GHz of processing capabilites,r31,0.3504,0.1
Deploy a load balancer with 3GHz of processing capabilites,r32,0.3634,0.05
Deploy a load balancer with 3GHz of processing capabilites,r33,0.4511,0.05
