timestamp,elapsed_sec,host,asset_id,health_score,level_of_trust,historical_average,source_file,timestamp_dt
1781165931.242,30.24,host1,/node[name=host1],100,100.0,100.0,host1_host_timeseries.csv,2026-06-11 08:18:51.242000103
1781165931.242,30.24,host1,/node[name=host1]/bm,100,100.0,100.0,host1_host_timeseries.csv,2026-06-11 08:18:51.242000103
1781165931.242,30.24,host1,/node[name=host1]/bm/cpus,100,100.0,100.0,host1_host_timeseries.csv,2026-06-11 08:18:51.242000103
1781165931.242,30.24,host1,/node[name=host1]/bm/cpus/cpu[name=cpu],100,100.0,100.0,host1_host_timeseries.csv,2026-06-11 08:18:51.242000103
1781165931.243,30.24,host1,/node[name=host1]/bm/cpus/cpu[name=cpu1],100,100.0,100.0,host1_host_timeseries.csv,2026-06-11 08:18:51.243000031
1781165931.243,30.24,host1,/node[name=host1]/bm/cpus/cpu[name=cpu0],100,100.0,100.0,host1_host_timeseries.csv,2026-06-11 08:18:51.243000031
1781165931.243,30.24,host1,/node[name=host1]/bm/sensors,100,100.0,100.0,host1_host_timeseries.csv,2026-06-11 08:18:51.243000031
1781165931.243,30.24,host1,/node[name=host1]/bm/disks,100,100.0,100.0,host1_host_timeseries.csv,2026-06-11 08:18:51.243000031
1781165931.243,30.24,host1,/node[name=host1]/bm/disks/disk[name=sda2],100,100.0,100.0,host1_host_timeseries.csv,2026-06-11 08:18:51.243000031
1781165931.243,30.24,host1,/node[name=host1]/bm/disks/disk[name=loop4],100,100.0,100.0,host1_host_timeseries.csv,2026-06-11 08:18:51.243000031
1781165931.243,30.24,host1,/node[name=host1]/bm/disks/disk[name=loop2],100,100.0,100.0,host1_host_timeseries.csv,2026-06-11 08:18:51.243000031
1781165931.243,30.24,host1,/node[name=host1]/bm/disks/disk[name=loop1],100,100.0,100.0,host1_host_timeseries.csv,2026-06-11 08:18:51.243000031
1781165931.243,30.24,host1,/node[name=host1]/bm/disks/disk[name=cgroup2],100,100.0,100.0,host1_host_timeseries.csv,2026-06-11 08:18:51.243000031
1781165931.243,30.24,host1,/node[name=host1]/bm/disks/disk[name=loop3],100,100.0,100.0,host1_host_timeseries.csv,2026-06-11 08:18:51.243000031
1781165931.243,30.24,host1,/node[name=host1]/bm/disks/disk[name=loop0],100,100.0,100.0,host1_host_timeseries.csv,2026-06-11 08:18:51.243000031
1781165931.244,30.24,host1,/node[name=host1]/bm/disks/disk[name=loop5],100,100.0,100.0,host1_host_timeseries.csv,2026-06-11 08:18:51.243999958
1781165931.244,30.24,host1,/node[name=host1]/bm/disks/disk[name=systemd-1],100,100.0,100.0,host1_host_timeseries.csv,2026-06-11 08:18:51.243999958
1781165931.244,30.24,host1,/node[name=host1]/bm/mem,100,100.0,100.0,host1_host_timeseries.csv,2026-06-11 08:18:51.243999958
1781165931.244,30.24,host1,/node[name=host1]/bm/proc,100,100.0,100.0,host1_host_timeseries.csv,2026-06-11 08:18:51.243999958
1781165931.244,30.24,host1,/node[name=host1]/bm/net,100,100.0,100.0,host1_host_timeseries.csv,2026-06-11 08:18:51.243999958
1781165931.244,30.24,host1,/node[name=host1]/bm/net/if[name=docker0],100,100.0,100.0,host1_host_timeseries.csv,2026-06-11 08:18:51.243999958
1781165931.244,30.24,host1,/node[name=host1]/bm/net/if[name=enp0s8],100,100.0,100.0,host1_host_timeseries.csv,2026-06-11 08:18:51.243999958
1781165931.244,30.24,host1,/node[name=host1]/bm/net/if[name=br-858e2815bf25],100,100.0,100.0,host1_host_timeseries.csv,2026-06-11 08:18:51.243999958
1781165931.244,30.24,host1,/node[name=host1]/bm/net/if[name=lo],100,100.0,100.0,host1_host_timeseries.csv,2026-06-11 08:18:51.243999958
1781165931.244,30.24,host1,/node[name=host1]/bm/net/if[name=enp0s9],100,100.0,100.0,host1_host_timeseries.csv,2026-06-11 08:18:51.243999958
1781165940.323,39.32,host1,/node[name=host1],100,100.0,100.0,host1_host_timeseries.csv,2026-06-11 08:19:00.322999954
1781165940.323,39.32,host1,/node[name=host1]/bm,100,100.0,100.0,host1_host_timeseries.csv,2026-06-11 08:19:00.322999954
1781165940.323,39.32,host1,/node[name=host1]/bm/cpus,100,100.0,100.0,host1_host_timeseries.csv,2026-06-11 08:19:00.322999954
1781165940.323,39.32,host1,/node[name=host1]/bm/cpus/cpu[name=cpu],100,100.0,100.0,host1_host_timeseries.csv,2026-06-11 08:19:00.322999954
1781165940.323,39.32,host1,/node[name=host1]/bm/cpus/cpu[name=cpu1],100,100.0,100.0,host1_host_timeseries.csv,2026-06-11 08:19:00.322999954
1781165940.323,39.32,host1,/node[name=host1]/bm/cpus/cpu[name=cpu0],100,100.0,100.0,host1_host_timeseries.csv,2026-06-11 08:19:00.322999954
1781165940.323,39.32,host1,/node[name=host1]/bm/sensors,100,100.0,100.0,host1_host_timeseries.csv,2026-06-11 08:19:00.322999954
1781165940.323,39.32,host1,/node[name=host1]/bm/disks,100,100.0,100.0,host1_host_timeseries.csv,2026-06-11 08:19:00.322999954
1781165940.323,39.32,host1,/node[name=host1]/bm/disks/disk[name=sda2],100,100.0,100.0,host1_host_timeseries.csv,2026-06-11 08:19:00.322999954
1781165940.323,39.32,host1,/node[name=host1]/bm/disks/disk[name=loop4],100,100.0,100.0,host1_host_timeseries.csv,2026-06-11 08:19:00.322999954
1781165940.323,39.32,host1,/node[name=host1]/bm/disks/disk[name=loop2],100,100.0,100.0,host1_host_timeseries.csv,2026-06-11 08:19:00.322999954
1781165940.324,39.32,host1,/node[name=host1]/bm/disks/disk[name=loop1],100,100.0,100.0,host1_host_timeseries.csv,2026-06-11 08:19:00.323999882
1781165940.324,39.32,host1,/node[name=host1]/bm/disks/disk[name=cgroup2],100,100.0,100.0,host1_host_timeseries.csv,2026-06-11 08:19:00.323999882
1781165940.324,39.32,host1,/node[name=host1]/bm/disks/disk[name=loop3],100,100.0,100.0,host1_host_timeseries.csv,2026-06-11 08:19:00.323999882
1781165940.324,39.32,host1,/node[name=host1]/bm/disks/disk[name=loop0],100,100.0,100.0,host1_host_timeseries.csv,2026-06-11 08:19:00.323999882
1781165940.324,39.32,host1,/node[name=host1]/bm/disks/disk[name=loop5],100,100.0,100.0,host1_host_timeseries.csv,2026-06-11 08:19:00.323999882
1781165940.324,39.32,host1,/node[name=host1]/bm/disks/disk[name=systemd-1],100,100.0,100.0,host1_host_timeseries.csv,2026-06-11 08:19:00.323999882
1781165940.324,39.32,host1,/node[name=host1]/bm/mem,100,100.0,100.0,host1_host_timeseries.csv,2026-06-11 08:19:00.323999882
1781165940.324,39.32,host1,/node[name=host1]/bm/proc,100,100.0,100.0,host1_host_timeseries.csv,2026-06-11 08:19:00.323999882
1781165940.324,39.32,host1,/node[name=host1]/bm/net,100,100.0,100.0,host1_host_timeseries.csv,2026-06-11 08:19:00.323999882
1781165940.324,39.32,host1,/node[name=host1]/bm/net/if[name=docker0],100,100.0,100.0,host1_host_timeseries.csv,2026-06-11 08:19:00.323999882
1781165940.324,39.32,host1,/node[name=host1]/bm/net/if[name=enp0s8],100,100.0,100.0,host1_host_timeseries.csv,2026-06-11 08:19:00.323999882
1781165940.324,39.32,host1,/node[name=host1]/bm/net/if[name=br-858e2815bf25],100,100.0,100.0,host1_host_timeseries.csv,2026-06-11 08:19:00.323999882
1781165940.324,39.32,host1,/node[name=host1]/bm/net/if[name=lo],100,100.0,100.0,host1_host_timeseries.csv,2026-06-11 08:19:00.323999882
1781165940.324,39.32,host1,/node[name=host1]/bm/net/if[name=enp0s9],100,100.0,100.0,host1_host_timeseries.csv,2026-06-11 08:19:00.323999882
1781165950.407,49.4,host1,/node[name=host1],100,100.0,100.0,host1_host_timeseries.csv,2026-06-11 08:19:10.407000065
1781165950.408,49.4,host1,/node[name=host1]/bm,100,100.0,100.0,host1_host_timeseries.csv,2026-06-11 08:19:10.407999992
1781165950.408,49.4,host1,/node[name=host1]/bm/cpus,100,100.0,100.0,host1_host_timeseries.csv,2026-06-11 08:19:10.407999992
1781165950.408,49.4,host1,/node[name=host1]/bm/cpus/cpu[name=cpu],100,100.0,100.0,host1_host_timeseries.csv,2026-06-11 08:19:10.407999992
1781165950.408,49.4,host1,/node[name=host1]/bm/cpus/cpu[name=cpu1],100,100.0,100.0,host1_host_timeseries.csv,2026-06-11 08:19:10.407999992
1781165950.408,49.4,host1,/node[name=host1]/bm/cpus/cpu[name=cpu0],100,100.0,100.0,host1_host_timeseries.csv,2026-06-11 08:19:10.407999992
1781165950.408,49.4,host1,/node[name=host1]/bm/sensors,100,100.0,100.0,host1_host_timeseries.csv,2026-06-11 08:19:10.407999992
1781165950.408,49.4,host1,/node[name=host1]/bm/disks,100,100.0,100.0,host1_host_timeseries.csv,2026-06-11 08:19:10.407999992
1781165950.408,49.4,host1,/node[name=host1]/bm/disks/disk[name=sda2],100,100.0,100.0,host1_host_timeseries.csv,2026-06-11 08:19:10.407999992
1781165950.408,49.4,host1,/node[name=host1]/bm/disks/disk[name=loop4],100,100.0,100.0,host1_host_timeseries.csv,2026-06-11 08:19:10.407999992
1781165950.408,49.4,host1,/node[name=host1]/bm/disks/disk[name=loop2],100,100.0,100.0,host1_host_timeseries.csv,2026-06-11 08:19:10.407999992
1781165950.408,49.4,host1,/node[name=host1]/bm/disks/disk[name=loop1],100,100.0,100.0,host1_host_timeseries.csv,2026-06-11 08:19:10.407999992
1781165950.408,49.4,host1,/node[name=host1]/bm/disks/disk[name=cgroup2],100,100.0,100.0,host1_host_timeseries.csv,2026-06-11 08:19:10.407999992
1781165950.408,49.4,host1,/node[name=host1]/bm/disks/disk[name=loop3],100,100.0,100.0,host1_host_timeseries.csv,2026-06-11 08:19:10.407999992
1781165950.409,49.4,host1,/node[name=host1]/bm/disks/disk[name=loop0],100,100.0,100.0,host1_host_timeseries.csv,2026-06-11 08:19:10.408999920
1781165950.409,49.41,host1,/node[name=host1]/bm/disks/disk[name=loop5],100,100.0,100.0,host1_host_timeseries.csv,2026-06-11 08:19:10.408999920
1781165950.409,49.41,host1,/node[name=host1]/bm/disks/disk[name=systemd-1],100,100.0,100.0,host1_host_timeseries.csv,2026-06-11 08:19:10.408999920
1781165950.409,49.41,host1,/node[name=host1]/bm/mem,100,100.0,100.0,host1_host_timeseries.csv,2026-06-11 08:19:10.408999920
1781165950.409,49.41,host1,/node[name=host1]/bm/proc,100,100.0,100.0,host1_host_timeseries.csv,2026-06-11 08:19:10.408999920
1781165950.409,49.41,host1,/node[name=host1]/bm/net,100,100.0,100.0,host1_host_timeseries.csv,2026-06-11 08:19:10.408999920
1781165950.409,49.41,host1,/node[name=host1]/bm/net/if[name=docker0],100,100.0,100.0,host1_host_timeseries.csv,2026-06-11 08:19:10.408999920
1781165950.409,49.41,host1,/node[name=host1]/bm/net/if[name=enp0s8],100,100.0,100.0,host1_host_timeseries.csv,2026-06-11 08:19:10.408999920
1781165950.409,49.41,host1,/node[name=host1]/bm/net/if[name=br-858e2815bf25],100,100.0,100.0,host1_host_timeseries.csv,2026-06-11 08:19:10.408999920
1781165950.409,49.41,host1,/node[name=host1]/bm/net/if[name=lo],100,100.0,100.0,host1_host_timeseries.csv,2026-06-11 08:19:10.408999920
1781165950.409,49.41,host1,/node[name=host1]/bm/net/if[name=enp0s9],100,100.0,100.0,host1_host_timeseries.csv,2026-06-11 08:19:10.408999920
1781165960.444,59.44,host1,/node[name=host1],100,100.0,100.0,host1_host_timeseries.csv,2026-06-11 08:19:20.444000006
1781165960.444,59.44,host1,/node[name=host1]/bm,100,100.0,100.0,host1_host_timeseries.csv,2026-06-11 08:19:20.444000006
1781165960.444,59.44,host1,/node[name=host1]/bm/cpus,100,100.0,100.0,host1_host_timeseries.csv,2026-06-11 08:19:20.444000006
1781165960.444,59.44,host1,/node[name=host1]/bm/cpus/cpu[name=cpu],100,100.0,100.0,host1_host_timeseries.csv,2026-06-11 08:19:20.444000006
1781165960.444,59.44,host1,/node[name=host1]/bm/cpus/cpu[name=cpu1],100,100.0,100.0,host1_host_timeseries.csv,2026-06-11 08:19:20.444000006
1781165960.444,59.44,host1,/node[name=host1]/bm/cpus/cpu[name=cpu0],100,100.0,100.0,host1_host_timeseries.csv,2026-06-11 08:19:20.444000006
1781165960.444,59.44,host1,/node[name=host1]/bm/sensors,100,100.0,100.0,host1_host_timeseries.csv,2026-06-11 08:19:20.444000006
1781165960.444,59.44,host1,/node[name=host1]/bm/disks,100,100.0,100.0,host1_host_timeseries.csv,2026-06-11 08:19:20.444000006
1781165960.444,59.44,host1,/node[name=host1]/bm/disks/disk[name=sda2],100,100.0,100.0,host1_host_timeseries.csv,2026-06-11 08:19:20.444000006
1781165960.444,59.44,host1,/node[name=host1]/bm/disks/disk[name=loop4],100,100.0,100.0,host1_host_timeseries.csv,2026-06-11 08:19:20.444000006
1781165960.444,59.44,host1,/node[name=host1]/bm/disks/disk[name=loop2],100,100.0,100.0,host1_host_timeseries.csv,2026-06-11 08:19:20.444000006
1781165960.445,59.44,host1,/node[name=host1]/bm/disks/disk[name=loop1],100,100.0,100.0,host1_host_timeseries.csv,2026-06-11 08:19:20.444999933
1781165960.445,59.44,host1,/node[name=host1]/bm/disks/disk[name=cgroup2],100,100.0,100.0,host1_host_timeseries.csv,2026-06-11 08:19:20.444999933
1781165960.445,59.44,host1,/node[name=host1]/bm/disks/disk[name=loop3],100,100.0,100.0,host1_host_timeseries.csv,2026-06-11 08:19:20.444999933
1781165960.445,59.44,host1,/node[name=host1]/bm/disks/disk[name=loop0],100,100.0,100.0,host1_host_timeseries.csv,2026-06-11 08:19:20.444999933
1781165960.445,59.44,host1,/node[name=host1]/bm/disks/disk[name=loop5],100,100.0,100.0,host1_host_timeseries.csv,2026-06-11 08:19:20.444999933
1781165960.445,59.44,host1,/node[name=host1]/bm/disks/disk[name=systemd-1],100,100.0,100.0,host1_host_timeseries.csv,2026-06-11 08:19:20.444999933
1781165960.445,59.44,host1,/node[name=host1]/bm/mem,100,100.0,100.0,host1_host_timeseries.csv,2026-06-11 08:19:20.444999933
1781165960.445,59.44,host1,/node[name=host1]/bm/proc,100,100.0,100.0,host1_host_timeseries.csv,2026-06-11 08:19:20.444999933
1781165960.445,59.44,host1,/node[name=host1]/bm/net,100,100.0,100.0,host1_host_timeseries.csv,2026-06-11 08:19:20.444999933
1781165960.445,59.44,host1,/node[name=host1]/bm/net/if[name=docker0],100,100.0,100.0,host1_host_timeseries.csv,2026-06-11 08:19:20.444999933
1781165960.445,59.44,host1,/node[name=host1]/bm/net/if[name=enp0s8],100,100.0,100.0,host1_host_timeseries.csv,2026-06-11 08:19:20.444999933
1781165960.445,59.44,host1,/node[name=host1]/bm/net/if[name=br-858e2815bf25],100,100.0,100.0,host1_host_timeseries.csv,2026-06-11 08:19:20.444999933
1781165960.445,59.44,host1,/node[name=host1]/bm/net/if[name=lo],100,100.0,100.0,host1_host_timeseries.csv,2026-06-11 08:19:20.444999933
1781165960.445,59.44,host1,/node[name=host1]/bm/net/if[name=enp0s9],100,100.0,100.0,host1_host_timeseries.csv,2026-06-11 08:19:20.444999933
1781165970.502,69.5,host1,/node[name=host1],100,100.0,100.0,host1_host_timeseries.csv,2026-06-11 08:19:30.502000093
1781165970.503,69.5,host1,/node[name=host1]/bm,100,100.0,100.0,host1_host_timeseries.csv,2026-06-11 08:19:30.503000020
1781165970.503,69.5,host1,/node[name=host1]/bm/cpus,100,100.0,100.0,host1_host_timeseries.csv,2026-06-11 08:19:30.503000020
1781165970.503,69.5,host1,/node[name=host1]/bm/cpus/cpu[name=cpu],100,100.0,100.0,host1_host_timeseries.csv,2026-06-11 08:19:30.503000020
1781165970.503,69.5,host1,/node[name=host1]/bm/cpus/cpu[name=cpu1],100,100.0,100.0,host1_host_timeseries.csv,2026-06-11 08:19:30.503000020
1781165970.503,69.5,host1,/node[name=host1]/bm/cpus/cpu[name=cpu0],100,100.0,100.0,host1_host_timeseries.csv,2026-06-11 08:19:30.503000020
1781165970.503,69.5,host1,/node[name=host1]/bm/sensors,100,100.0,100.0,host1_host_timeseries.csv,2026-06-11 08:19:30.503000020
1781165970.503,69.5,host1,/node[name=host1]/bm/disks,100,100.0,100.0,host1_host_timeseries.csv,2026-06-11 08:19:30.503000020
1781165970.503,69.5,host1,/node[name=host1]/bm/disks/disk[name=sda2],100,100.0,100.0,host1_host_timeseries.csv,2026-06-11 08:19:30.503000020
1781165970.503,69.5,host1,/node[name=host1]/bm/disks/disk[name=loop4],100,100.0,100.0,host1_host_timeseries.csv,2026-06-11 08:19:30.503000020
1781165970.503,69.5,host1,/node[name=host1]/bm/disks/disk[name=loop2],100,100.0,100.0,host1_host_timeseries.csv,2026-06-11 08:19:30.503000020
1781165970.503,69.5,host1,/node[name=host1]/bm/disks/disk[name=loop1],100,100.0,100.0,host1_host_timeseries.csv,2026-06-11 08:19:30.503000020
1781165970.504,69.5,host1,/node[name=host1]/bm/disks/disk[name=cgroup2],100,100.0,100.0,host1_host_timeseries.csv,2026-06-11 08:19:30.503999949
1781165970.504,69.5,host1,/node[name=host1]/bm/disks/disk[name=loop3],100,100.0,100.0,host1_host_timeseries.csv,2026-06-11 08:19:30.503999949
1781165970.504,69.5,host1,/node[name=host1]/bm/disks/disk[name=loop0],100,100.0,100.0,host1_host_timeseries.csv,2026-06-11 08:19:30.503999949
1781165970.504,69.5,host1,/node[name=host1]/bm/disks/disk[name=loop5],100,100.0,100.0,host1_host_timeseries.csv,2026-06-11 08:19:30.503999949
1781165970.504,69.5,host1,/node[name=host1]/bm/disks/disk[name=systemd-1],100,100.0,100.0,host1_host_timeseries.csv,2026-06-11 08:19:30.503999949
1781165970.504,69.5,host1,/node[name=host1]/bm/mem,100,100.0,100.0,host1_host_timeseries.csv,2026-06-11 08:19:30.503999949
1781165970.504,69.5,host1,/node[name=host1]/bm/proc,100,100.0,100.0,host1_host_timeseries.csv,2026-06-11 08:19:30.503999949
1781165970.504,69.5,host1,/node[name=host1]/bm/net,100,100.0,100.0,host1_host_timeseries.csv,2026-06-11 08:19:30.503999949
1781165970.504,69.5,host1,/node[name=host1]/bm/net/if[name=docker0],100,100.0,100.0,host1_host_timeseries.csv,2026-06-11 08:19:30.503999949
1781165970.504,69.5,host1,/node[name=host1]/bm/net/if[name=enp0s8],100,100.0,100.0,host1_host_timeseries.csv,2026-06-11 08:19:30.503999949
1781165970.504,69.5,host1,/node[name=host1]/bm/net/if[name=br-858e2815bf25],100,100.0,100.0,host1_host_timeseries.csv,2026-06-11 08:19:30.503999949
1781165970.504,69.5,host1,/node[name=host1]/bm/net/if[name=lo],100,100.0,100.0,host1_host_timeseries.csv,2026-06-11 08:19:30.503999949
1781165970.504,69.5,host1,/node[name=host1]/bm/net/if[name=enp0s9],100,100.0,100.0,host1_host_timeseries.csv,2026-06-11 08:19:30.503999949
1781165980.569,79.57,host1,/node[name=host1],100,100.0,100.0,host1_host_timeseries.csv,2026-06-11 08:19:40.569000006
1781165980.569,79.57,host1,/node[name=host1]/bm,100,100.0,100.0,host1_host_timeseries.csv,2026-06-11 08:19:40.569000006
1781165980.569,79.57,host1,/node[name=host1]/bm/cpus,100,100.0,100.0,host1_host_timeseries.csv,2026-06-11 08:19:40.569000006
1781165980.569,79.57,host1,/node[name=host1]/bm/cpus/cpu[name=cpu],100,100.0,100.0,host1_host_timeseries.csv,2026-06-11 08:19:40.569000006
1781165980.569,79.57,host1,/node[name=host1]/bm/cpus/cpu[name=cpu1],100,100.0,100.0,host1_host_timeseries.csv,2026-06-11 08:19:40.569000006
1781165980.569,79.57,host1,/node[name=host1]/bm/cpus/cpu[name=cpu0],100,100.0,100.0,host1_host_timeseries.csv,2026-06-11 08:19:40.569000006
1781165980.569,79.57,host1,/node[name=host1]/bm/sensors,100,100.0,100.0,host1_host_timeseries.csv,2026-06-11 08:19:40.569000006
1781165980.569,79.57,host1,/node[name=host1]/bm/disks,100,100.0,100.0,host1_host_timeseries.csv,2026-06-11 08:19:40.569000006
1781165980.57,79.57,host1,/node[name=host1]/bm/disks/disk[name=sda2],100,100.0,100.0,host1_host_timeseries.csv,2026-06-11 08:19:40.569999933
1781165980.57,79.57,host1,/node[name=host1]/bm/disks/disk[name=loop4],100,100.0,100.0,host1_host_timeseries.csv,2026-06-11 08:19:40.569999933
1781165980.57,79.57,host1,/node[name=host1]/bm/disks/disk[name=loop2],100,100.0,100.0,host1_host_timeseries.csv,2026-06-11 08:19:40.569999933
1781165980.57,79.57,host1,/node[name=host1]/bm/disks/disk[name=loop1],100,100.0,100.0,host1_host_timeseries.csv,2026-06-11 08:19:40.569999933
1781165980.57,79.57,host1,/node[name=host1]/bm/disks/disk[name=cgroup2],100,100.0,100.0,host1_host_timeseries.csv,2026-06-11 08:19:40.569999933
1781165980.57,79.57,host1,/node[name=host1]/bm/disks/disk[name=loop3],100,100.0,100.0,host1_host_timeseries.csv,2026-06-11 08:19:40.569999933
1781165980.57,79.57,host1,/node[name=host1]/bm/disks/disk[name=loop0],100,100.0,100.0,host1_host_timeseries.csv,2026-06-11 08:19:40.569999933
1781165980.57,79.57,host1,/node[name=host1]/bm/disks/disk[name=loop5],100,100.0,100.0,host1_host_timeseries.csv,2026-06-11 08:19:40.569999933
1781165980.57,79.57,host1,/node[name=host1]/bm/disks/disk[name=systemd-1],100,100.0,100.0,host1_host_timeseries.csv,2026-06-11 08:19:40.569999933
1781165980.57,79.57,host1,/node[name=host1]/bm/mem,100,100.0,100.0,host1_host_timeseries.csv,2026-06-11 08:19:40.569999933
1781165980.57,79.57,host1,/node[name=host1]/bm/proc,100,100.0,100.0,host1_host_timeseries.csv,2026-06-11 08:19:40.569999933
1781165980.57,79.57,host1,/node[name=host1]/bm/net,100,100.0,100.0,host1_host_timeseries.csv,2026-06-11 08:19:40.569999933
1781165980.571,79.57,host1,/node[name=host1]/bm/net/if[name=docker0],100,100.0,100.0,host1_host_timeseries.csv,2026-06-11 08:19:40.571000099
1781165980.571,79.57,host1,/node[name=host1]/bm/net/if[name=enp0s8],100,100.0,100.0,host1_host_timeseries.csv,2026-06-11 08:19:40.571000099
1781165980.571,79.57,host1,/node[name=host1]/bm/net/if[name=br-858e2815bf25],100,100.0,100.0,host1_host_timeseries.csv,2026-06-11 08:19:40.571000099
1781165980.571,79.57,host1,/node[name=host1]/bm/net/if[name=lo],100,100.0,100.0,host1_host_timeseries.csv,2026-06-11 08:19:40.571000099
1781165980.571,79.57,host1,/node[name=host1]/bm/net/if[name=enp0s9],100,100.0,100.0,host1_host_timeseries.csv,2026-06-11 08:19:40.571000099
1781165990.613,89.61,host1,/node[name=host1],100,100.0,100.0,host1_host_timeseries.csv,2026-06-11 08:19:50.612999916
1781165990.613,89.61,host1,/node[name=host1]/bm,100,100.0,100.0,host1_host_timeseries.csv,2026-06-11 08:19:50.612999916
1781165990.613,89.61,host1,/node[name=host1]/bm/cpus,100,100.0,100.0,host1_host_timeseries.csv,2026-06-11 08:19:50.612999916
1781165990.614,89.61,host1,/node[name=host1]/bm/cpus/cpu[name=cpu],100,100.0,100.0,host1_host_timeseries.csv,2026-06-11 08:19:50.614000082
1781165990.614,89.61,host1,/node[name=host1]/bm/cpus/cpu[name=cpu1],100,100.0,100.0,host1_host_timeseries.csv,2026-06-11 08:19:50.614000082
1781165990.614,89.61,host1,/node[name=host1]/bm/cpus/cpu[name=cpu0],100,100.0,100.0,host1_host_timeseries.csv,2026-06-11 08:19:50.614000082
1781165990.614,89.61,host1,/node[name=host1]/bm/sensors,100,100.0,100.0,host1_host_timeseries.csv,2026-06-11 08:19:50.614000082
1781165990.614,89.61,host1,/node[name=host1]/bm/disks,100,100.0,100.0,host1_host_timeseries.csv,2026-06-11 08:19:50.614000082
1781165990.614,89.61,host1,/node[name=host1]/bm/disks/disk[name=sda2],100,100.0,100.0,host1_host_timeseries.csv,2026-06-11 08:19:50.614000082
1781165990.614,89.61,host1,/node[name=host1]/bm/disks/disk[name=loop4],100,100.0,100.0,host1_host_timeseries.csv,2026-06-11 08:19:50.614000082
1781165990.614,89.61,host1,/node[name=host1]/bm/disks/disk[name=loop2],100,100.0,100.0,host1_host_timeseries.csv,2026-06-11 08:19:50.614000082
1781165990.614,89.61,host1,/node[name=host1]/bm/disks/disk[name=loop1],100,100.0,100.0,host1_host_timeseries.csv,2026-06-11 08:19:50.614000082
1781165990.614,89.61,host1,/node[name=host1]/bm/disks/disk[name=cgroup2],100,100.0,100.0,host1_host_timeseries.csv,2026-06-11 08:19:50.614000082
1781165990.614,89.61,host1,/node[name=host1]/bm/disks/disk[name=loop3],100,100.0,100.0,host1_host_timeseries.csv,2026-06-11 08:19:50.614000082
1781165990.614,89.61,host1,/node[name=host1]/bm/disks/disk[name=loop0],100,100.0,100.0,host1_host_timeseries.csv,2026-06-11 08:19:50.614000082
1781165990.614,89.61,host1,/node[name=host1]/bm/disks/disk[name=loop5],100,100.0,100.0,host1_host_timeseries.csv,2026-06-11 08:19:50.614000082
1781165990.614,89.61,host1,/node[name=host1]/bm/disks/disk[name=systemd-1],100,100.0,100.0,host1_host_timeseries.csv,2026-06-11 08:19:50.614000082
1781165990.615,89.61,host1,/node[name=host1]/bm/mem,100,100.0,100.0,host1_host_timeseries.csv,2026-06-11 08:19:50.615000010
1781165990.615,89.61,host1,/node[name=host1]/bm/proc,100,100.0,100.0,host1_host_timeseries.csv,2026-06-11 08:19:50.615000010
1781165990.615,89.61,host1,/node[name=host1]/bm/net,98,99.2,100.0,host1_host_timeseries.csv,2026-06-11 08:19:50.615000010
1781165990.615,89.61,host1,/node[name=host1]/bm/net/if[name=docker0],100,100.0,100.0,host1_host_timeseries.csv,2026-06-11 08:19:50.615000010
1781165990.615,89.61,host1,/node[name=host1]/bm/net/if[name=enp0s8],100,100.0,100.0,host1_host_timeseries.csv,2026-06-11 08:19:50.615000010
1781165990.615,89.61,host1,/node[name=host1]/bm/net/if[name=br-858e2815bf25],100,100.0,100.0,host1_host_timeseries.csv,2026-06-11 08:19:50.615000010
1781165990.615,89.61,host1,/node[name=host1]/bm/net/if[name=lo],100,100.0,100.0,host1_host_timeseries.csv,2026-06-11 08:19:50.615000010
1781165990.615,89.61,host1,/node[name=host1]/bm/net/if[name=enp0s9],90,96.0,100.0,host1_host_timeseries.csv,2026-06-11 08:19:50.615000010
1781166000.659,99.66,host1,/node[name=host1],100,100.0,100.0,host1_host_timeseries.csv,2026-06-11 08:20:00.658999920
1781166000.659,99.66,host1,/node[name=host1]/bm,100,100.0,100.0,host1_host_timeseries.csv,2026-06-11 08:20:00.658999920
1781166000.659,99.66,host1,/node[name=host1]/bm/cpus,100,100.0,100.0,host1_host_timeseries.csv,2026-06-11 08:20:00.658999920
1781166000.659,99.66,host1,/node[name=host1]/bm/cpus/cpu[name=cpu],100,100.0,100.0,host1_host_timeseries.csv,2026-06-11 08:20:00.658999920
1781166000.659,99.66,host1,/node[name=host1]/bm/cpus/cpu[name=cpu1],100,100.0,100.0,host1_host_timeseries.csv,2026-06-11 08:20:00.658999920
1781166000.66,99.66,host1,/node[name=host1]/bm/cpus/cpu[name=cpu0],100,100.0,100.0,host1_host_timeseries.csv,2026-06-11 08:20:00.660000086
1781166000.66,99.66,host1,/node[name=host1]/bm/sensors,100,100.0,100.0,host1_host_timeseries.csv,2026-06-11 08:20:00.660000086
1781166000.66,99.66,host1,/node[name=host1]/bm/disks,100,100.0,100.0,host1_host_timeseries.csv,2026-06-11 08:20:00.660000086
1781166000.66,99.66,host1,/node[name=host1]/bm/disks/disk[name=sda2],100,100.0,100.0,host1_host_timeseries.csv,2026-06-11 08:20:00.660000086
1781166000.66,99.66,host1,/node[name=host1]/bm/disks/disk[name=loop4],100,100.0,100.0,host1_host_timeseries.csv,2026-06-11 08:20:00.660000086
1781166000.66,99.66,host1,/node[name=host1]/bm/disks/disk[name=loop2],100,100.0,100.0,host1_host_timeseries.csv,2026-06-11 08:20:00.660000086
1781166000.66,99.66,host1,/node[name=host1]/bm/disks/disk[name=loop1],100,100.0,100.0,host1_host_timeseries.csv,2026-06-11 08:20:00.660000086
1781166000.66,99.66,host1,/node[name=host1]/bm/disks/disk[name=cgroup2],100,100.0,100.0,host1_host_timeseries.csv,2026-06-11 08:20:00.660000086
1781166000.66,99.66,host1,/node[name=host1]/bm/disks/disk[name=loop3],100,100.0,100.0,host1_host_timeseries.csv,2026-06-11 08:20:00.660000086
1781166000.661,99.66,host1,/node[name=host1]/bm/disks/disk[name=loop0],100,100.0,100.0,host1_host_timeseries.csv,2026-06-11 08:20:00.661000013
1781166000.661,99.66,host1,/node[name=host1]/bm/disks/disk[name=loop5],100,100.0,100.0,host1_host_timeseries.csv,2026-06-11 08:20:00.661000013
1781166000.661,99.66,host1,/node[name=host1]/bm/disks/disk[name=systemd-1],100,100.0,100.0,host1_host_timeseries.csv,2026-06-11 08:20:00.661000013
1781166000.661,99.66,host1,/node[name=host1]/bm/mem,100,100.0,100.0,host1_host_timeseries.csv,2026-06-11 08:20:00.661000013
1781166000.661,99.66,host1,/node[name=host1]/bm/proc,100,100.0,100.0,host1_host_timeseries.csv,2026-06-11 08:20:00.661000013
1781166000.661,99.66,host1,/node[name=host1]/bm/net,98,99.0,99.67,host1_host_timeseries.csv,2026-06-11 08:20:00.661000013
1781166000.661,99.66,host1,/node[name=host1]/bm/net/if[name=docker0],100,100.0,100.0,host1_host_timeseries.csv,2026-06-11 08:20:00.661000013
1781166000.661,99.66,host1,/node[name=host1]/bm/net/if[name=enp0s8],100,100.0,100.0,host1_host_timeseries.csv,2026-06-11 08:20:00.661000013
1781166000.661,99.66,host1,/node[name=host1]/bm/net/if[name=br-858e2815bf25],100,100.0,100.0,host1_host_timeseries.csv,2026-06-11 08:20:00.661000013
1781166000.661,99.66,host1,/node[name=host1]/bm/net/if[name=lo],100,100.0,100.0,host1_host_timeseries.csv,2026-06-11 08:20:00.661000013
1781166000.661,99.66,host1,/node[name=host1]/bm/net/if[name=enp0s9],90,95.0,98.33,host1_host_timeseries.csv,2026-06-11 08:20:00.661000013
1781166010.704,109.7,host1,/node[name=host1],100,100.0,100.0,host1_host_timeseries.csv,2026-06-11 08:20:10.703999996
1781166010.704,109.7,host1,/node[name=host1]/bm,100,100.0,100.0,host1_host_timeseries.csv,2026-06-11 08:20:10.703999996
1781166010.704,109.7,host1,/node[name=host1]/bm/cpus,100,100.0,100.0,host1_host_timeseries.csv,2026-06-11 08:20:10.703999996
1781166010.705,109.7,host1,/node[name=host1]/bm/cpus/cpu[name=cpu],100,100.0,100.0,host1_host_timeseries.csv,2026-06-11 08:20:10.704999924
1781166010.705,109.7,host1,/node[name=host1]/bm/cpus/cpu[name=cpu1],100,100.0,100.0,host1_host_timeseries.csv,2026-06-11 08:20:10.704999924
1781166010.705,109.7,host1,/node[name=host1]/bm/cpus/cpu[name=cpu0],100,100.0,100.0,host1_host_timeseries.csv,2026-06-11 08:20:10.704999924
1781166010.705,109.7,host1,/node[name=host1]/bm/sensors,100,100.0,100.0,host1_host_timeseries.csv,2026-06-11 08:20:10.704999924
1781166010.705,109.7,host1,/node[name=host1]/bm/disks,100,100.0,100.0,host1_host_timeseries.csv,2026-06-11 08:20:10.704999924
1781166010.705,109.7,host1,/node[name=host1]/bm/disks/disk[name=sda2],100,100.0,100.0,host1_host_timeseries.csv,2026-06-11 08:20:10.704999924
1781166010.705,109.7,host1,/node[name=host1]/bm/disks/disk[name=loop4],100,100.0,100.0,host1_host_timeseries.csv,2026-06-11 08:20:10.704999924
1781166010.705,109.7,host1,/node[name=host1]/bm/disks/disk[name=loop2],100,100.0,100.0,host1_host_timeseries.csv,2026-06-11 08:20:10.704999924
1781166010.705,109.7,host1,/node[name=host1]/bm/disks/disk[name=loop1],100,100.0,100.0,host1_host_timeseries.csv,2026-06-11 08:20:10.704999924
1781166010.705,109.7,host1,/node[name=host1]/bm/disks/disk[name=cgroup2],100,100.0,100.0,host1_host_timeseries.csv,2026-06-11 08:20:10.704999924
1781166010.705,109.7,host1,/node[name=host1]/bm/disks/disk[name=loop3],100,100.0,100.0,host1_host_timeseries.csv,2026-06-11 08:20:10.704999924
1781166010.705,109.7,host1,/node[name=host1]/bm/disks/disk[name=loop0],100,100.0,100.0,host1_host_timeseries.csv,2026-06-11 08:20:10.704999924
1781166010.706,109.7,host1,/node[name=host1]/bm/disks/disk[name=loop5],100,100.0,100.0,host1_host_timeseries.csv,2026-06-11 08:20:10.706000090
1781166010.706,109.7,host1,/node[name=host1]/bm/disks/disk[name=systemd-1],100,100.0,100.0,host1_host_timeseries.csv,2026-06-11 08:20:10.706000090
1781166010.706,109.7,host1,/node[name=host1]/bm/mem,100,100.0,100.0,host1_host_timeseries.csv,2026-06-11 08:20:10.706000090
1781166010.706,109.7,host1,/node[name=host1]/bm/proc,100,100.0,100.0,host1_host_timeseries.csv,2026-06-11 08:20:10.706000090
1781166010.706,109.7,host1,/node[name=host1]/bm/net,98,98.8,99.33,host1_host_timeseries.csv,2026-06-11 08:20:10.706000090
1781166010.706,109.7,host1,/node[name=host1]/bm/net/if[name=docker0],100,100.0,100.0,host1_host_timeseries.csv,2026-06-11 08:20:10.706000090
1781166010.706,109.7,host1,/node[name=host1]/bm/net/if[name=enp0s8],100,100.0,100.0,host1_host_timeseries.csv,2026-06-11 08:20:10.706000090
1781166010.706,109.7,host1,/node[name=host1]/bm/net/if[name=br-858e2815bf25],100,100.0,100.0,host1_host_timeseries.csv,2026-06-11 08:20:10.706000090
1781166010.706,109.7,host1,/node[name=host1]/bm/net/if[name=lo],100,100.0,100.0,host1_host_timeseries.csv,2026-06-11 08:20:10.706000090
1781166010.706,109.7,host1,/node[name=host1]/bm/net/if[name=enp0s9],90,94.0,96.67,host1_host_timeseries.csv,2026-06-11 08:20:10.706000090
1781166020.745,119.74,host1,/node[name=host1],99,99.6,100.0,host1_host_timeseries.csv,2026-06-11 08:20:20.744999886
1781166020.745,119.74,host1,/node[name=host1]/bm,99,99.6,100.0,host1_host_timeseries.csv,2026-06-11 08:20:20.744999886
1781166020.746,119.74,host1,/node[name=host1]/bm/cpus,100,100.0,100.0,host1_host_timeseries.csv,2026-06-11 08:20:20.746000051
1781166020.746,119.74,host1,/node[name=host1]/bm/cpus/cpu[name=cpu],100,100.0,100.0,host1_host_timeseries.csv,2026-06-11 08:20:20.746000051
1781166020.746,119.74,host1,/node[name=host1]/bm/cpus/cpu[name=cpu1],100,100.0,100.0,host1_host_timeseries.csv,2026-06-11 08:20:20.746000051
1781166020.746,119.74,host1,/node[name=host1]/bm/cpus/cpu[name=cpu0],100,100.0,100.0,host1_host_timeseries.csv,2026-06-11 08:20:20.746000051
1781166020.746,119.74,host1,/node[name=host1]/bm/sensors,100,100.0,100.0,host1_host_timeseries.csv,2026-06-11 08:20:20.746000051
1781166020.746,119.74,host1,/node[name=host1]/bm/disks,100,100.0,100.0,host1_host_timeseries.csv,2026-06-11 08:20:20.746000051
1781166020.746,119.74,host1,/node[name=host1]/bm/disks/disk[name=sda2],100,100.0,100.0,host1_host_timeseries.csv,2026-06-11 08:20:20.746000051
1781166020.746,119.74,host1,/node[name=host1]/bm/disks/disk[name=loop4],100,100.0,100.0,host1_host_timeseries.csv,2026-06-11 08:20:20.746000051
1781166020.746,119.74,host1,/node[name=host1]/bm/disks/disk[name=loop2],100,100.0,100.0,host1_host_timeseries.csv,2026-06-11 08:20:20.746000051
1781166020.747,119.74,host1,/node[name=host1]/bm/disks/disk[name=loop1],100,100.0,100.0,host1_host_timeseries.csv,2026-06-11 08:20:20.746999979
1781166020.747,119.74,host1,/node[name=host1]/bm/disks/disk[name=cgroup2],100,100.0,100.0,host1_host_timeseries.csv,2026-06-11 08:20:20.746999979
1781166020.747,119.74,host1,/node[name=host1]/bm/disks/disk[name=loop3],100,100.0,100.0,host1_host_timeseries.csv,2026-06-11 08:20:20.746999979
1781166020.747,119.74,host1,/node[name=host1]/bm/disks/disk[name=loop0],100,100.0,100.0,host1_host_timeseries.csv,2026-06-11 08:20:20.746999979
1781166020.747,119.74,host1,/node[name=host1]/bm/disks/disk[name=loop5],100,100.0,100.0,host1_host_timeseries.csv,2026-06-11 08:20:20.746999979
1781166020.747,119.74,host1,/node[name=host1]/bm/disks/disk[name=systemd-1],100,100.0,100.0,host1_host_timeseries.csv,2026-06-11 08:20:20.746999979
1781166020.747,119.74,host1,/node[name=host1]/bm/mem,100,100.0,100.0,host1_host_timeseries.csv,2026-06-11 08:20:20.746999979
1781166020.747,119.74,host1,/node[name=host1]/bm/proc,100,100.0,100.0,host1_host_timeseries.csv,2026-06-11 08:20:20.746999979
1781166020.747,119.74,host1,/node[name=host1]/bm/net,91,95.8,99.0,host1_host_timeseries.csv,2026-06-11 08:20:20.746999979
1781166020.747,119.74,host1,/node[name=host1]/bm/net/if[name=docker0],100,100.0,100.0,host1_host_timeseries.csv,2026-06-11 08:20:20.746999979
1781166020.747,119.74,host1,/node[name=host1]/bm/net/if[name=enp0s8],100,100.0,100.0,host1_host_timeseries.csv,2026-06-11 08:20:20.746999979
1781166020.747,119.74,host1,/node[name=host1]/bm/net/if[name=br-858e2815bf25],100,100.0,100.0,host1_host_timeseries.csv,2026-06-11 08:20:20.746999979
1781166020.748,119.74,host1,/node[name=host1]/bm/net/if[name=lo],100,100.0,100.0,host1_host_timeseries.csv,2026-06-11 08:20:20.747999907
1781166020.748,119.74,host1,/node[name=host1]/bm/net/if[name=enp0s9],40,73.0,95.0,host1_host_timeseries.csv,2026-06-11 08:20:20.747999907
1781166030.795,129.79,host1,/node[name=host1],99,99.5,99.83,host1_host_timeseries.csv,2026-06-11 08:20:30.795000076
1781166030.795,129.79,host1,/node[name=host1]/bm,99,99.5,99.83,host1_host_timeseries.csv,2026-06-11 08:20:30.795000076
1781166030.795,129.79,host1,/node[name=host1]/bm/cpus,100,100.0,100.0,host1_host_timeseries.csv,2026-06-11 08:20:30.795000076
1781166030.795,129.79,host1,/node[name=host1]/bm/cpus/cpu[name=cpu],100,100.0,100.0,host1_host_timeseries.csv,2026-06-11 08:20:30.795000076
1781166030.795,129.79,host1,/node[name=host1]/bm/cpus/cpu[name=cpu1],100,100.0,100.0,host1_host_timeseries.csv,2026-06-11 08:20:30.795000076
1781166030.795,129.79,host1,/node[name=host1]/bm/cpus/cpu[name=cpu0],100,100.0,100.0,host1_host_timeseries.csv,2026-06-11 08:20:30.795000076
1781166030.795,129.79,host1,/node[name=host1]/bm/sensors,100,100.0,100.0,host1_host_timeseries.csv,2026-06-11 08:20:30.795000076
1781166030.795,129.79,host1,/node[name=host1]/bm/disks,100,100.0,100.0,host1_host_timeseries.csv,2026-06-11 08:20:30.795000076
1781166030.796,129.79,host1,/node[name=host1]/bm/disks/disk[name=sda2],100,100.0,100.0,host1_host_timeseries.csv,2026-06-11 08:20:30.796000004
1781166030.796,129.79,host1,/node[name=host1]/bm/disks/disk[name=loop4],100,100.0,100.0,host1_host_timeseries.csv,2026-06-11 08:20:30.796000004
1781166030.796,129.79,host1,/node[name=host1]/bm/disks/disk[name=loop2],100,100.0,100.0,host1_host_timeseries.csv,2026-06-11 08:20:30.796000004
1781166030.796,129.79,host1,/node[name=host1]/bm/disks/disk[name=loop1],100,100.0,100.0,host1_host_timeseries.csv,2026-06-11 08:20:30.796000004
1781166030.796,129.79,host1,/node[name=host1]/bm/disks/disk[name=cgroup2],100,100.0,100.0,host1_host_timeseries.csv,2026-06-11 08:20:30.796000004
1781166030.796,129.79,host1,/node[name=host1]/bm/disks/disk[name=loop3],100,100.0,100.0,host1_host_timeseries.csv,2026-06-11 08:20:30.796000004
1781166030.796,129.79,host1,/node[name=host1]/bm/disks/disk[name=loop0],100,100.0,100.0,host1_host_timeseries.csv,2026-06-11 08:20:30.796000004
1781166030.796,129.79,host1,/node[name=host1]/bm/disks/disk[name=loop5],100,100.0,100.0,host1_host_timeseries.csv,2026-06-11 08:20:30.796000004
1781166030.796,129.79,host1,/node[name=host1]/bm/disks/disk[name=systemd-1],100,100.0,100.0,host1_host_timeseries.csv,2026-06-11 08:20:30.796000004
1781166030.796,129.79,host1,/node[name=host1]/bm/mem,100,100.0,100.0,host1_host_timeseries.csv,2026-06-11 08:20:30.796000004
1781166030.796,129.79,host1,/node[name=host1]/bm/proc,100,100.0,100.0,host1_host_timeseries.csv,2026-06-11 08:20:30.796000004
1781166030.796,129.79,host1,/node[name=host1]/bm/net,91,94.9,97.5,host1_host_timeseries.csv,2026-06-11 08:20:30.796000004
1781166030.797,129.79,host1,/node[name=host1]/bm/net/if[name=docker0],100,100.0,100.0,host1_host_timeseries.csv,2026-06-11 08:20:30.796999931
1781166030.797,129.79,host1,/node[name=host1]/bm/net/if[name=enp0s8],100,100.0,100.0,host1_host_timeseries.csv,2026-06-11 08:20:30.796999931
1781166030.797,129.79,host1,/node[name=host1]/bm/net/if[name=br-858e2815bf25],100,100.0,100.0,host1_host_timeseries.csv,2026-06-11 08:20:30.796999931
1781166030.797,129.79,host1,/node[name=host1]/bm/net/if[name=lo],100,100.0,100.0,host1_host_timeseries.csv,2026-06-11 08:20:30.796999931
1781166030.797,129.79,host1,/node[name=host1]/bm/net/if[name=enp0s9],40,67.0,85.0,host1_host_timeseries.csv,2026-06-11 08:20:30.796999931
1781166040.839,139.84,host1,/node[name=host1],99,99.4,99.67,host1_host_timeseries.csv,2026-06-11 08:20:40.838999987
1781166040.839,139.84,host1,/node[name=host1]/bm,99,99.4,99.67,host1_host_timeseries.csv,2026-06-11 08:20:40.838999987
1781166040.839,139.84,host1,/node[name=host1]/bm/cpus,100,100.0,100.0,host1_host_timeseries.csv,2026-06-11 08:20:40.838999987
1781166040.839,139.84,host1,/node[name=host1]/bm/cpus/cpu[name=cpu],100,100.0,100.0,host1_host_timeseries.csv,2026-06-11 08:20:40.838999987
1781166040.84,139.84,host1,/node[name=host1]/bm/cpus/cpu[name=cpu1],100,100.0,100.0,host1_host_timeseries.csv,2026-06-11 08:20:40.839999914
1781166040.84,139.84,host1,/node[name=host1]/bm/cpus/cpu[name=cpu0],100,100.0,100.0,host1_host_timeseries.csv,2026-06-11 08:20:40.839999914
1781166040.84,139.84,host1,/node[name=host1]/bm/sensors,100,100.0,100.0,host1_host_timeseries.csv,2026-06-11 08:20:40.839999914
1781166040.84,139.84,host1,/node[name=host1]/bm/disks,100,100.0,100.0,host1_host_timeseries.csv,2026-06-11 08:20:40.839999914
1781166040.84,139.84,host1,/node[name=host1]/bm/disks/disk[name=sda2],100,100.0,100.0,host1_host_timeseries.csv,2026-06-11 08:20:40.839999914
1781166040.84,139.84,host1,/node[name=host1]/bm/disks/disk[name=loop4],100,100.0,100.0,host1_host_timeseries.csv,2026-06-11 08:20:40.839999914
1781166040.84,139.84,host1,/node[name=host1]/bm/disks/disk[name=loop2],100,100.0,100.0,host1_host_timeseries.csv,2026-06-11 08:20:40.839999914
1781166040.84,139.84,host1,/node[name=host1]/bm/disks/disk[name=loop1],100,100.0,100.0,host1_host_timeseries.csv,2026-06-11 08:20:40.839999914
1781166040.84,139.84,host1,/node[name=host1]/bm/disks/disk[name=cgroup2],100,100.0,100.0,host1_host_timeseries.csv,2026-06-11 08:20:40.839999914
1781166040.84,139.84,host1,/node[name=host1]/bm/disks/disk[name=loop3],100,100.0,100.0,host1_host_timeseries.csv,2026-06-11 08:20:40.839999914
1781166040.84,139.84,host1,/node[name=host1]/bm/disks/disk[name=loop0],100,100.0,100.0,host1_host_timeseries.csv,2026-06-11 08:20:40.839999914
1781166040.84,139.84,host1,/node[name=host1]/bm/disks/disk[name=loop5],100,100.0,100.0,host1_host_timeseries.csv,2026-06-11 08:20:40.839999914
1781166040.841,139.84,host1,/node[name=host1]/bm/disks/disk[name=systemd-1],100,100.0,100.0,host1_host_timeseries.csv,2026-06-11 08:20:40.841000080
1781166040.841,139.84,host1,/node[name=host1]/bm/mem,100,100.0,100.0,host1_host_timeseries.csv,2026-06-11 08:20:40.841000080
1781166040.841,139.84,host1,/node[name=host1]/bm/proc,100,100.0,100.0,host1_host_timeseries.csv,2026-06-11 08:20:40.841000080
1781166040.841,139.84,host1,/node[name=host1]/bm/net,91,94.0,96.0,host1_host_timeseries.csv,2026-06-11 08:20:40.841000080
1781166040.841,139.84,host1,/node[name=host1]/bm/net/if[name=docker0],100,100.0,100.0,host1_host_timeseries.csv,2026-06-11 08:20:40.841000080
1781166040.841,139.84,host1,/node[name=host1]/bm/net/if[name=enp0s8],100,100.0,100.0,host1_host_timeseries.csv,2026-06-11 08:20:40.841000080
1781166040.841,139.84,host1,/node[name=host1]/bm/net/if[name=br-858e2815bf25],100,100.0,100.0,host1_host_timeseries.csv,2026-06-11 08:20:40.841000080
1781166040.841,139.84,host1,/node[name=host1]/bm/net/if[name=lo],100,100.0,100.0,host1_host_timeseries.csv,2026-06-11 08:20:40.841000080
1781166040.841,139.84,host1,/node[name=host1]/bm/net/if[name=enp0s9],40,61.0,75.0,host1_host_timeseries.csv,2026-06-11 08:20:40.841000080
1781166050.868,149.86,host1,/node[name=host1],99,99.3,99.5,host1_host_timeseries.csv,2026-06-11 08:20:50.868000031
1781166050.869,149.87,host1,/node[name=host1]/bm,99,99.3,99.5,host1_host_timeseries.csv,2026-06-11 08:20:50.868999958
1781166050.869,149.87,host1,/node[name=host1]/bm/cpus,100,100.0,100.0,host1_host_timeseries.csv,2026-06-11 08:20:50.868999958
1781166050.869,149.87,host1,/node[name=host1]/bm/cpus/cpu[name=cpu],100,100.0,100.0,host1_host_timeseries.csv,2026-06-11 08:20:50.868999958
1781166050.869,149.87,host1,/node[name=host1]/bm/cpus/cpu[name=cpu1],100,100.0,100.0,host1_host_timeseries.csv,2026-06-11 08:20:50.868999958
1781166050.869,149.87,host1,/node[name=host1]/bm/cpus/cpu[name=cpu0],100,100.0,100.0,host1_host_timeseries.csv,2026-06-11 08:20:50.868999958
1781166050.869,149.87,host1,/node[name=host1]/bm/sensors,100,100.0,100.0,host1_host_timeseries.csv,2026-06-11 08:20:50.868999958
1781166050.869,149.87,host1,/node[name=host1]/bm/disks,100,100.0,100.0,host1_host_timeseries.csv,2026-06-11 08:20:50.868999958
1781166050.869,149.87,host1,/node[name=host1]/bm/disks/disk[name=sda2],100,100.0,100.0,host1_host_timeseries.csv,2026-06-11 08:20:50.868999958
1781166050.869,149.87,host1,/node[name=host1]/bm/disks/disk[name=loop4],100,100.0,100.0,host1_host_timeseries.csv,2026-06-11 08:20:50.868999958
1781166050.87,149.87,host1,/node[name=host1]/bm/disks/disk[name=loop2],100,100.0,100.0,host1_host_timeseries.csv,2026-06-11 08:20:50.869999886
1781166050.87,149.87,host1,/node[name=host1]/bm/disks/disk[name=loop1],100,100.0,100.0,host1_host_timeseries.csv,2026-06-11 08:20:50.869999886
1781166050.87,149.87,host1,/node[name=host1]/bm/disks/disk[name=cgroup2],100,100.0,100.0,host1_host_timeseries.csv,2026-06-11 08:20:50.869999886
1781166050.87,149.87,host1,/node[name=host1]/bm/disks/disk[name=loop3],100,100.0,100.0,host1_host_timeseries.csv,2026-06-11 08:20:50.869999886
1781166050.87,149.87,host1,/node[name=host1]/bm/disks/disk[name=loop0],100,100.0,100.0,host1_host_timeseries.csv,2026-06-11 08:20:50.869999886
1781166050.87,149.87,host1,/node[name=host1]/bm/disks/disk[name=loop5],100,100.0,100.0,host1_host_timeseries.csv,2026-06-11 08:20:50.869999886
1781166050.87,149.87,host1,/node[name=host1]/bm/disks/disk[name=systemd-1],100,100.0,100.0,host1_host_timeseries.csv,2026-06-11 08:20:50.869999886
1781166050.87,149.87,host1,/node[name=host1]/bm/mem,100,100.0,100.0,host1_host_timeseries.csv,2026-06-11 08:20:50.869999886
1781166050.87,149.87,host1,/node[name=host1]/bm/proc,100,100.0,100.0,host1_host_timeseries.csv,2026-06-11 08:20:50.869999886
1781166050.87,149.87,host1,/node[name=host1]/bm/net,91,93.1,94.5,host1_host_timeseries.csv,2026-06-11 08:20:50.869999886
1781166050.87,149.87,host1,/node[name=host1]/bm/net/if[name=docker0],100,100.0,100.0,host1_host_timeseries.csv,2026-06-11 08:20:50.869999886
1781166050.87,149.87,host1,/node[name=host1]/bm/net/if[name=enp0s8],100,100.0,100.0,host1_host_timeseries.csv,2026-06-11 08:20:50.869999886
1781166050.871,149.87,host1,/node[name=host1]/bm/net/if[name=br-858e2815bf25],100,100.0,100.0,host1_host_timeseries.csv,2026-06-11 08:20:50.871000051
1781166050.871,149.87,host1,/node[name=host1]/bm/net/if[name=lo],100,100.0,100.0,host1_host_timeseries.csv,2026-06-11 08:20:50.871000051
1781166050.871,149.87,host1,/node[name=host1]/bm/net/if[name=enp0s9],40,55.0,65.0,host1_host_timeseries.csv,2026-06-11 08:20:50.871000051
1781166060.928,159.92,host1,/node[name=host1],99,99.2,99.33,host1_host_timeseries.csv,2026-06-11 08:21:00.927999973
1781166060.928,159.92,host1,/node[name=host1]/bm,99,99.2,99.33,host1_host_timeseries.csv,2026-06-11 08:21:00.927999973
1781166060.928,159.92,host1,/node[name=host1]/bm/cpus,100,100.0,100.0,host1_host_timeseries.csv,2026-06-11 08:21:00.927999973
1781166060.928,159.92,host1,/node[name=host1]/bm/cpus/cpu[name=cpu],100,100.0,100.0,host1_host_timeseries.csv,2026-06-11 08:21:00.927999973
1781166060.928,159.92,host1,/node[name=host1]/bm/cpus/cpu[name=cpu1],100,100.0,100.0,host1_host_timeseries.csv,2026-06-11 08:21:00.927999973
1781166060.928,159.92,host1,/node[name=host1]/bm/cpus/cpu[name=cpu0],100,100.0,100.0,host1_host_timeseries.csv,2026-06-11 08:21:00.927999973
1781166060.929,159.93,host1,/node[name=host1]/bm/sensors,100,100.0,100.0,host1_host_timeseries.csv,2026-06-11 08:21:00.928999901
1781166060.929,159.93,host1,/node[name=host1]/bm/disks,100,100.0,100.0,host1_host_timeseries.csv,2026-06-11 08:21:00.928999901
1781166060.929,159.93,host1,/node[name=host1]/bm/disks/disk[name=sda2],100,100.0,100.0,host1_host_timeseries.csv,2026-06-11 08:21:00.928999901
1781166060.929,159.93,host1,/node[name=host1]/bm/disks/disk[name=loop4],100,100.0,100.0,host1_host_timeseries.csv,2026-06-11 08:21:00.928999901
1781166060.929,159.93,host1,/node[name=host1]/bm/disks/disk[name=loop2],100,100.0,100.0,host1_host_timeseries.csv,2026-06-11 08:21:00.928999901
1781166060.929,159.93,host1,/node[name=host1]/bm/disks/disk[name=loop1],100,100.0,100.0,host1_host_timeseries.csv,2026-06-11 08:21:00.928999901
1781166060.929,159.93,host1,/node[name=host1]/bm/disks/disk[name=cgroup2],100,100.0,100.0,host1_host_timeseries.csv,2026-06-11 08:21:00.928999901
1781166060.929,159.93,host1,/node[name=host1]/bm/disks/disk[name=loop3],100,100.0,100.0,host1_host_timeseries.csv,2026-06-11 08:21:00.928999901
1781166060.929,159.93,host1,/node[name=host1]/bm/disks/disk[name=loop0],100,100.0,100.0,host1_host_timeseries.csv,2026-06-11 08:21:00.928999901
1781166060.929,159.93,host1,/node[name=host1]/bm/disks/disk[name=loop5],100,100.0,100.0,host1_host_timeseries.csv,2026-06-11 08:21:00.928999901
1781166060.93,159.93,host1,/node[name=host1]/bm/disks/disk[name=systemd-1],100,100.0,100.0,host1_host_timeseries.csv,2026-06-11 08:21:00.930000067
1781166060.93,159.93,host1,/node[name=host1]/bm/mem,100,100.0,100.0,host1_host_timeseries.csv,2026-06-11 08:21:00.930000067
1781166060.93,159.93,host1,/node[name=host1]/bm/proc,100,100.0,100.0,host1_host_timeseries.csv,2026-06-11 08:21:00.930000067
1781166060.93,159.93,host1,/node[name=host1]/bm/net,91,92.4,93.33,host1_host_timeseries.csv,2026-06-11 08:21:00.930000067
1781166060.93,159.93,host1,/node[name=host1]/bm/net/if[name=docker0],100,100.0,100.0,host1_host_timeseries.csv,2026-06-11 08:21:00.930000067
1781166060.93,159.93,host1,/node[name=host1]/bm/net/if[name=enp0s8],100,100.0,100.0,host1_host_timeseries.csv,2026-06-11 08:21:00.930000067
1781166060.93,159.93,host1,/node[name=host1]/bm/net/if[name=br-858e2815bf25],100,100.0,100.0,host1_host_timeseries.csv,2026-06-11 08:21:00.930000067
1781166060.93,159.93,host1,/node[name=host1]/bm/net/if[name=lo],100,100.0,100.0,host1_host_timeseries.csv,2026-06-11 08:21:00.930000067
1781166060.93,159.93,host1,/node[name=host1]/bm/net/if[name=enp0s9],40,50.0,56.67,host1_host_timeseries.csv,2026-06-11 08:21:00.930000067
1781166070.981,169.98,host1,/node[name=host1],99,99.1,99.17,host1_host_timeseries.csv,2026-06-11 08:21:10.980999947
1781166070.981,169.98,host1,/node[name=host1]/bm,99,99.1,99.17,host1_host_timeseries.csv,2026-06-11 08:21:10.980999947
1781166070.981,169.98,host1,/node[name=host1]/bm/cpus,100,100.0,100.0,host1_host_timeseries.csv,2026-06-11 08:21:10.980999947
1781166070.982,169.98,host1,/node[name=host1]/bm/cpus/cpu[name=cpu],100,100.0,100.0,host1_host_timeseries.csv,2026-06-11 08:21:10.982000113
1781166070.982,169.98,host1,/node[name=host1]/bm/cpus/cpu[name=cpu1],100,100.0,100.0,host1_host_timeseries.csv,2026-06-11 08:21:10.982000113
1781166070.982,169.98,host1,/node[name=host1]/bm/cpus/cpu[name=cpu0],100,100.0,100.0,host1_host_timeseries.csv,2026-06-11 08:21:10.982000113
1781166070.982,169.98,host1,/node[name=host1]/bm/sensors,100,100.0,100.0,host1_host_timeseries.csv,2026-06-11 08:21:10.982000113
1781166070.982,169.98,host1,/node[name=host1]/bm/disks,100,100.0,100.0,host1_host_timeseries.csv,2026-06-11 08:21:10.982000113
1781166070.982,169.98,host1,/node[name=host1]/bm/disks/disk[name=sda2],100,100.0,100.0,host1_host_timeseries.csv,2026-06-11 08:21:10.982000113
1781166070.982,169.98,host1,/node[name=host1]/bm/disks/disk[name=loop4],100,100.0,100.0,host1_host_timeseries.csv,2026-06-11 08:21:10.982000113
1781166070.982,169.98,host1,/node[name=host1]/bm/disks/disk[name=loop2],100,100.0,100.0,host1_host_timeseries.csv,2026-06-11 08:21:10.982000113
1781166070.982,169.98,host1,/node[name=host1]/bm/disks/disk[name=loop1],100,100.0,100.0,host1_host_timeseries.csv,2026-06-11 08:21:10.982000113
1781166070.982,169.98,host1,/node[name=host1]/bm/disks/disk[name=cgroup2],100,100.0,100.0,host1_host_timeseries.csv,2026-06-11 08:21:10.982000113
1781166070.982,169.98,host1,/node[name=host1]/bm/disks/disk[name=loop3],100,100.0,100.0,host1_host_timeseries.csv,2026-06-11 08:21:10.982000113
1781166070.982,169.98,host1,/node[name=host1]/bm/disks/disk[name=loop0],100,100.0,100.0,host1_host_timeseries.csv,2026-06-11 08:21:10.982000113
1781166070.982,169.98,host1,/node[name=host1]/bm/disks/disk[name=loop5],100,100.0,100.0,host1_host_timeseries.csv,2026-06-11 08:21:10.982000113
1781166070.982,169.98,host1,/node[name=host1]/bm/disks/disk[name=systemd-1],100,100.0,100.0,host1_host_timeseries.csv,2026-06-11 08:21:10.982000113
1781166070.983,169.98,host1,/node[name=host1]/bm/mem,100,100.0,100.0,host1_host_timeseries.csv,2026-06-11 08:21:10.983000040
1781166070.983,169.98,host1,/node[name=host1]/bm/proc,100,100.0,100.0,host1_host_timeseries.csv,2026-06-11 08:21:10.983000040
1781166070.983,169.98,host1,/node[name=host1]/bm/net,91,91.7,92.17,host1_host_timeseries.csv,2026-06-11 08:21:10.983000040
1781166070.983,169.98,host1,/node[name=host1]/bm/net/if[name=docker0],100,100.0,100.0,host1_host_timeseries.csv,2026-06-11 08:21:10.983000040
1781166070.983,169.98,host1,/node[name=host1]/bm/net/if[name=enp0s8],100,100.0,100.0,host1_host_timeseries.csv,2026-06-11 08:21:10.983000040
1781166070.983,169.98,host1,/node[name=host1]/bm/net/if[name=br-858e2815bf25],100,100.0,100.0,host1_host_timeseries.csv,2026-06-11 08:21:10.983000040
1781166070.983,169.98,host1,/node[name=host1]/bm/net/if[name=lo],100,100.0,100.0,host1_host_timeseries.csv,2026-06-11 08:21:10.983000040
1781166070.983,169.98,host1,/node[name=host1]/bm/net/if[name=enp0s9],40,45.0,48.33,host1_host_timeseries.csv,2026-06-11 08:21:10.983000040
1781166080.965,179.96,host1,/node[name=host1],99,99.0,99.0,host1_host_timeseries.csv,2026-06-11 08:21:20.964999914
1781166080.965,179.96,host1,/node[name=host1]/bm,99,99.0,99.0,host1_host_timeseries.csv,2026-06-11 08:21:20.964999914
1781166080.965,179.96,host1,/node[name=host1]/bm/cpus,100,100.0,100.0,host1_host_timeseries.csv,2026-06-11 08:21:20.964999914
1781166080.965,179.96,host1,/node[name=host1]/bm/cpus/cpu[name=cpu],100,100.0,100.0,host1_host_timeseries.csv,2026-06-11 08:21:20.964999914
1781166080.965,179.96,host1,/node[name=host1]/bm/cpus/cpu[name=cpu1],100,100.0,100.0,host1_host_timeseries.csv,2026-06-11 08:21:20.964999914
1781166080.966,179.96,host1,/node[name=host1]/bm/cpus/cpu[name=cpu0],100,100.0,100.0,host1_host_timeseries.csv,2026-06-11 08:21:20.966000080
1781166080.966,179.96,host1,/node[name=host1]/bm/sensors,100,100.0,100.0,host1_host_timeseries.csv,2026-06-11 08:21:20.966000080
1781166080.966,179.96,host1,/node[name=host1]/bm/disks,100,100.0,100.0,host1_host_timeseries.csv,2026-06-11 08:21:20.966000080
1781166080.966,179.96,host1,/node[name=host1]/bm/disks/disk[name=sda2],100,100.0,100.0,host1_host_timeseries.csv,2026-06-11 08:21:20.966000080
1781166080.966,179.96,host1,/node[name=host1]/bm/disks/disk[name=loop4],100,100.0,100.0,host1_host_timeseries.csv,2026-06-11 08:21:20.966000080
1781166080.966,179.96,host1,/node[name=host1]/bm/disks/disk[name=loop2],100,100.0,100.0,host1_host_timeseries.csv,2026-06-11 08:21:20.966000080
1781166080.966,179.96,host1,/node[name=host1]/bm/disks/disk[name=loop1],100,100.0,100.0,host1_host_timeseries.csv,2026-06-11 08:21:20.966000080
1781166080.966,179.96,host1,/node[name=host1]/bm/disks/disk[name=cgroup2],100,100.0,100.0,host1_host_timeseries.csv,2026-06-11 08:21:20.966000080
1781166080.966,179.96,host1,/node[name=host1]/bm/disks/disk[name=loop3],100,100.0,100.0,host1_host_timeseries.csv,2026-06-11 08:21:20.966000080
1781166080.966,179.96,host1,/node[name=host1]/bm/disks/disk[name=loop0],100,100.0,100.0,host1_host_timeseries.csv,2026-06-11 08:21:20.966000080
1781166080.966,179.96,host1,/node[name=host1]/bm/disks/disk[name=loop5],100,100.0,100.0,host1_host_timeseries.csv,2026-06-11 08:21:20.966000080
1781166080.966,179.96,host1,/node[name=host1]/bm/disks/disk[name=systemd-1],100,100.0,100.0,host1_host_timeseries.csv,2026-06-11 08:21:20.966000080
1781166080.966,179.96,host1,/node[name=host1]/bm/mem,100,100.0,100.0,host1_host_timeseries.csv,2026-06-11 08:21:20.966000080
1781166080.966,179.96,host1,/node[name=host1]/bm/proc,100,100.0,100.0,host1_host_timeseries.csv,2026-06-11 08:21:20.966000080
1781166080.966,179.96,host1,/node[name=host1]/bm/net,91,91.0,91.0,host1_host_timeseries.csv,2026-06-11 08:21:20.966000080
1781166080.967,179.96,host1,/node[name=host1]/bm/net/if[name=docker0],100,100.0,100.0,host1_host_timeseries.csv,2026-06-11 08:21:20.967000008
1781166080.967,179.96,host1,/node[name=host1]/bm/net/if[name=enp0s8],100,100.0,100.0,host1_host_timeseries.csv,2026-06-11 08:21:20.967000008
1781166080.967,179.96,host1,/node[name=host1]/bm/net/if[name=br-858e2815bf25],100,100.0,100.0,host1_host_timeseries.csv,2026-06-11 08:21:20.967000008
1781166080.967,179.96,host1,/node[name=host1]/bm/net/if[name=lo],100,100.0,100.0,host1_host_timeseries.csv,2026-06-11 08:21:20.967000008
1781166080.967,179.96,host1,/node[name=host1]/bm/net/if[name=enp0s9],40,40.0,40.0,host1_host_timeseries.csv,2026-06-11 08:21:20.967000008
1781166091.009,190.01,host1,/node[name=host1],99,99.0,99.0,host1_host_timeseries.csv,2026-06-11 08:21:31.009000063
1781166091.009,190.01,host1,/node[name=host1]/bm,99,99.0,99.0,host1_host_timeseries.csv,2026-06-11 08:21:31.009000063
1781166091.01,190.01,host1,/node[name=host1]/bm/cpus,100,100.0,100.0,host1_host_timeseries.csv,2026-06-11 08:21:31.009999990
1781166091.01,190.01,host1,/node[name=host1]/bm/cpus/cpu[name=cpu],100,100.0,100.0,host1_host_timeseries.csv,2026-06-11 08:21:31.009999990
1781166091.01,190.01,host1,/node[name=host1]/bm/cpus/cpu[name=cpu1],100,100.0,100.0,host1_host_timeseries.csv,2026-06-11 08:21:31.009999990
1781166091.01,190.01,host1,/node[name=host1]/bm/cpus/cpu[name=cpu0],100,100.0,100.0,host1_host_timeseries.csv,2026-06-11 08:21:31.009999990
1781166091.01,190.01,host1,/node[name=host1]/bm/sensors,100,100.0,100.0,host1_host_timeseries.csv,2026-06-11 08:21:31.009999990
1781166091.01,190.01,host1,/node[name=host1]/bm/disks,100,100.0,100.0,host1_host_timeseries.csv,2026-06-11 08:21:31.009999990
1781166091.01,190.01,host1,/node[name=host1]/bm/disks/disk[name=sda2],100,100.0,100.0,host1_host_timeseries.csv,2026-06-11 08:21:31.009999990
1781166091.01,190.01,host1,/node[name=host1]/bm/disks/disk[name=loop4],100,100.0,100.0,host1_host_timeseries.csv,2026-06-11 08:21:31.009999990
1781166091.01,190.01,host1,/node[name=host1]/bm/disks/disk[name=loop2],100,100.0,100.0,host1_host_timeseries.csv,2026-06-11 08:21:31.009999990
1781166091.01,190.01,host1,/node[name=host1]/bm/disks/disk[name=loop1],100,100.0,100.0,host1_host_timeseries.csv,2026-06-11 08:21:31.009999990
1781166091.01,190.01,host1,/node[name=host1]/bm/disks/disk[name=cgroup2],100,100.0,100.0,host1_host_timeseries.csv,2026-06-11 08:21:31.009999990
1781166091.011,190.01,host1,/node[name=host1]/bm/disks/disk[name=loop3],100,100.0,100.0,host1_host_timeseries.csv,2026-06-11 08:21:31.010999918
1781166091.011,190.01,host1,/node[name=host1]/bm/disks/disk[name=loop0],100,100.0,100.0,host1_host_timeseries.csv,2026-06-11 08:21:31.010999918
1781166091.011,190.01,host1,/node[name=host1]/bm/disks/disk[name=loop5],100,100.0,100.0,host1_host_timeseries.csv,2026-06-11 08:21:31.010999918
1781166091.011,190.01,host1,/node[name=host1]/bm/disks/disk[name=systemd-1],100,100.0,100.0,host1_host_timeseries.csv,2026-06-11 08:21:31.010999918
1781166091.011,190.01,host1,/node[name=host1]/bm/mem,100,100.0,100.0,host1_host_timeseries.csv,2026-06-11 08:21:31.010999918
1781166091.011,190.01,host1,/node[name=host1]/bm/proc,100,100.0,100.0,host1_host_timeseries.csv,2026-06-11 08:21:31.010999918
1781166091.011,190.01,host1,/node[name=host1]/bm/net,91,91.0,91.0,host1_host_timeseries.csv,2026-06-11 08:21:31.010999918
1781166091.011,190.01,host1,/node[name=host1]/bm/net/if[name=docker0],100,100.0,100.0,host1_host_timeseries.csv,2026-06-11 08:21:31.010999918
1781166091.011,190.01,host1,/node[name=host1]/bm/net/if[name=enp0s8],100,100.0,100.0,host1_host_timeseries.csv,2026-06-11 08:21:31.010999918
1781166091.011,190.01,host1,/node[name=host1]/bm/net/if[name=br-858e2815bf25],100,100.0,100.0,host1_host_timeseries.csv,2026-06-11 08:21:31.010999918
1781166091.011,190.01,host1,/node[name=host1]/bm/net/if[name=lo],100,100.0,100.0,host1_host_timeseries.csv,2026-06-11 08:21:31.010999918
1781166091.011,190.01,host1,/node[name=host1]/bm/net/if[name=enp0s9],40,40.0,40.0,host1_host_timeseries.csv,2026-06-11 08:21:31.010999918
1781166101.029,200.03,host1,/node[name=host1],99,99.0,99.0,host1_host_timeseries.csv,2026-06-11 08:21:41.029000044
1781166101.029,200.03,host1,/node[name=host1]/bm,99,99.0,99.0,host1_host_timeseries.csv,2026-06-11 08:21:41.029000044
1781166101.029,200.03,host1,/node[name=host1]/bm/cpus,100,100.0,100.0,host1_host_timeseries.csv,2026-06-11 08:21:41.029000044
1781166101.029,200.03,host1,/node[name=host1]/bm/cpus/cpu[name=cpu],100,100.0,100.0,host1_host_timeseries.csv,2026-06-11 08:21:41.029000044
1781166101.03,200.03,host1,/node[name=host1]/bm/cpus/cpu[name=cpu1],100,100.0,100.0,host1_host_timeseries.csv,2026-06-11 08:21:41.029999971
1781166101.03,200.03,host1,/node[name=host1]/bm/cpus/cpu[name=cpu0],100,100.0,100.0,host1_host_timeseries.csv,2026-06-11 08:21:41.029999971
1781166101.03,200.03,host1,/node[name=host1]/bm/sensors,100,100.0,100.0,host1_host_timeseries.csv,2026-06-11 08:21:41.029999971
1781166101.03,200.03,host1,/node[name=host1]/bm/disks,100,100.0,100.0,host1_host_timeseries.csv,2026-06-11 08:21:41.029999971
1781166101.03,200.03,host1,/node[name=host1]/bm/disks/disk[name=sda2],100,100.0,100.0,host1_host_timeseries.csv,2026-06-11 08:21:41.029999971
1781166101.03,200.03,host1,/node[name=host1]/bm/disks/disk[name=loop4],100,100.0,100.0,host1_host_timeseries.csv,2026-06-11 08:21:41.029999971
1781166101.03,200.03,host1,/node[name=host1]/bm/disks/disk[name=loop2],100,100.0,100.0,host1_host_timeseries.csv,2026-06-11 08:21:41.029999971
1781166101.03,200.03,host1,/node[name=host1]/bm/disks/disk[name=loop1],100,100.0,100.0,host1_host_timeseries.csv,2026-06-11 08:21:41.029999971
1781166101.03,200.03,host1,/node[name=host1]/bm/disks/disk[name=cgroup2],100,100.0,100.0,host1_host_timeseries.csv,2026-06-11 08:21:41.029999971
1781166101.03,200.03,host1,/node[name=host1]/bm/disks/disk[name=loop3],100,100.0,100.0,host1_host_timeseries.csv,2026-06-11 08:21:41.029999971
1781166101.03,200.03,host1,/node[name=host1]/bm/disks/disk[name=loop0],100,100.0,100.0,host1_host_timeseries.csv,2026-06-11 08:21:41.029999971
1781166101.03,200.03,host1,/node[name=host1]/bm/disks/disk[name=loop5],100,100.0,100.0,host1_host_timeseries.csv,2026-06-11 08:21:41.029999971
1781166101.03,200.03,host1,/node[name=host1]/bm/disks/disk[name=systemd-1],100,100.0,100.0,host1_host_timeseries.csv,2026-06-11 08:21:41.029999971
1781166101.03,200.03,host1,/node[name=host1]/bm/mem,100,100.0,100.0,host1_host_timeseries.csv,2026-06-11 08:21:41.029999971
1781166101.03,200.03,host1,/node[name=host1]/bm/proc,100,100.0,100.0,host1_host_timeseries.csv,2026-06-11 08:21:41.029999971
1781166101.03,200.03,host1,/node[name=host1]/bm/net,91,91.0,91.0,host1_host_timeseries.csv,2026-06-11 08:21:41.029999971
1781166101.03,200.03,host1,/node[name=host1]/bm/net/if[name=docker0],100,100.0,100.0,host1_host_timeseries.csv,2026-06-11 08:21:41.029999971
1781166101.031,200.03,host1,/node[name=host1]/bm/net/if[name=enp0s8],100,100.0,100.0,host1_host_timeseries.csv,2026-06-11 08:21:41.030999899
1781166101.031,200.03,host1,/node[name=host1]/bm/net/if[name=br-858e2815bf25],100,100.0,100.0,host1_host_timeseries.csv,2026-06-11 08:21:41.030999899
1781166101.031,200.03,host1,/node[name=host1]/bm/net/if[name=lo],100,100.0,100.0,host1_host_timeseries.csv,2026-06-11 08:21:41.030999899
1781166101.031,200.03,host1,/node[name=host1]/bm/net/if[name=enp0s9],40,40.0,40.0,host1_host_timeseries.csv,2026-06-11 08:21:41.030999899
1781166111.064,210.06,host1,/node[name=host1],99,99.0,99.0,host1_host_timeseries.csv,2026-06-11 08:21:51.063999891
1781166111.064,210.06,host1,/node[name=host1]/bm,99,99.0,99.0,host1_host_timeseries.csv,2026-06-11 08:21:51.063999891
1781166111.064,210.06,host1,/node[name=host1]/bm/cpus,100,100.0,100.0,host1_host_timeseries.csv,2026-06-11 08:21:51.063999891
1781166111.064,210.06,host1,/node[name=host1]/bm/cpus/cpu[name=cpu],100,100.0,100.0,host1_host_timeseries.csv,2026-06-11 08:21:51.063999891
1781166111.064,210.06,host1,/node[name=host1]/bm/cpus/cpu[name=cpu1],100,100.0,100.0,host1_host_timeseries.csv,2026-06-11 08:21:51.063999891
1781166111.064,210.06,host1,/node[name=host1]/bm/cpus/cpu[name=cpu0],100,100.0,100.0,host1_host_timeseries.csv,2026-06-11 08:21:51.063999891
1781166111.064,210.06,host1,/node[name=host1]/bm/sensors,100,100.0,100.0,host1_host_timeseries.csv,2026-06-11 08:21:51.063999891
1781166111.065,210.06,host1,/node[name=host1]/bm/disks,100,100.0,100.0,host1_host_timeseries.csv,2026-06-11 08:21:51.065000057
1781166111.065,210.06,host1,/node[name=host1]/bm/disks/disk[name=sda2],100,100.0,100.0,host1_host_timeseries.csv,2026-06-11 08:21:51.065000057
1781166111.065,210.06,host1,/node[name=host1]/bm/disks/disk[name=loop4],100,100.0,100.0,host1_host_timeseries.csv,2026-06-11 08:21:51.065000057
1781166111.065,210.06,host1,/node[name=host1]/bm/disks/disk[name=loop2],100,100.0,100.0,host1_host_timeseries.csv,2026-06-11 08:21:51.065000057
1781166111.065,210.06,host1,/node[name=host1]/bm/disks/disk[name=loop1],100,100.0,100.0,host1_host_timeseries.csv,2026-06-11 08:21:51.065000057
1781166111.065,210.06,host1,/node[name=host1]/bm/disks/disk[name=cgroup2],100,100.0,100.0,host1_host_timeseries.csv,2026-06-11 08:21:51.065000057
1781166111.065,210.06,host1,/node[name=host1]/bm/disks/disk[name=loop3],100,100.0,100.0,host1_host_timeseries.csv,2026-06-11 08:21:51.065000057
1781166111.065,210.06,host1,/node[name=host1]/bm/disks/disk[name=loop0],100,100.0,100.0,host1_host_timeseries.csv,2026-06-11 08:21:51.065000057
1781166111.065,210.06,host1,/node[name=host1]/bm/disks/disk[name=loop5],100,100.0,100.0,host1_host_timeseries.csv,2026-06-11 08:21:51.065000057
1781166111.065,210.06,host1,/node[name=host1]/bm/disks/disk[name=systemd-1],100,100.0,100.0,host1_host_timeseries.csv,2026-06-11 08:21:51.065000057
1781166111.065,210.06,host1,/node[name=host1]/bm/mem,100,100.0,100.0,host1_host_timeseries.csv,2026-06-11 08:21:51.065000057
1781166111.065,210.06,host1,/node[name=host1]/bm/proc,100,100.0,100.0,host1_host_timeseries.csv,2026-06-11 08:21:51.065000057
1781166111.066,210.06,host1,/node[name=host1]/bm/net,91,91.0,91.0,host1_host_timeseries.csv,2026-06-11 08:21:51.065999985
1781166111.066,210.06,host1,/node[name=host1]/bm/net/if[name=docker0],100,100.0,100.0,host1_host_timeseries.csv,2026-06-11 08:21:51.065999985
1781166111.066,210.06,host1,/node[name=host1]/bm/net/if[name=enp0s8],100,100.0,100.0,host1_host_timeseries.csv,2026-06-11 08:21:51.065999985
1781166111.066,210.06,host1,/node[name=host1]/bm/net/if[name=br-858e2815bf25],100,100.0,100.0,host1_host_timeseries.csv,2026-06-11 08:21:51.065999985
1781166111.066,210.06,host1,/node[name=host1]/bm/net/if[name=lo],100,100.0,100.0,host1_host_timeseries.csv,2026-06-11 08:21:51.065999985
1781166111.066,210.06,host1,/node[name=host1]/bm/net/if[name=enp0s9],40,40.0,40.0,host1_host_timeseries.csv,2026-06-11 08:21:51.065999985
1781166121.092,220.09,host1,/node[name=host1],100,99.4,99.0,host1_host_timeseries.csv,2026-06-11 08:22:01.092000008
1781166121.093,220.09,host1,/node[name=host1]/bm,100,99.4,99.0,host1_host_timeseries.csv,2026-06-11 08:22:01.092999935
1781166121.093,220.09,host1,/node[name=host1]/bm/cpus,100,100.0,100.0,host1_host_timeseries.csv,2026-06-11 08:22:01.092999935
1781166121.093,220.09,host1,/node[name=host1]/bm/cpus/cpu[name=cpu],100,100.0,100.0,host1_host_timeseries.csv,2026-06-11 08:22:01.092999935
1781166121.093,220.09,host1,/node[name=host1]/bm/cpus/cpu[name=cpu1],100,100.0,100.0,host1_host_timeseries.csv,2026-06-11 08:22:01.092999935
1781166121.093,220.09,host1,/node[name=host1]/bm/cpus/cpu[name=cpu0],100,100.0,100.0,host1_host_timeseries.csv,2026-06-11 08:22:01.092999935
1781166121.093,220.09,host1,/node[name=host1]/bm/sensors,100,100.0,100.0,host1_host_timeseries.csv,2026-06-11 08:22:01.092999935
1781166121.093,220.09,host1,/node[name=host1]/bm/disks,100,100.0,100.0,host1_host_timeseries.csv,2026-06-11 08:22:01.092999935
1781166121.093,220.09,host1,/node[name=host1]/bm/disks/disk[name=sda2],100,100.0,100.0,host1_host_timeseries.csv,2026-06-11 08:22:01.092999935
1781166121.093,220.09,host1,/node[name=host1]/bm/disks/disk[name=loop4],100,100.0,100.0,host1_host_timeseries.csv,2026-06-11 08:22:01.092999935
1781166121.093,220.09,host1,/node[name=host1]/bm/disks/disk[name=loop2],100,100.0,100.0,host1_host_timeseries.csv,2026-06-11 08:22:01.092999935
1781166121.093,220.09,host1,/node[name=host1]/bm/disks/disk[name=loop1],100,100.0,100.0,host1_host_timeseries.csv,2026-06-11 08:22:01.092999935
1781166121.094,220.09,host1,/node[name=host1]/bm/disks/disk[name=cgroup2],100,100.0,100.0,host1_host_timeseries.csv,2026-06-11 08:22:01.094000101
1781166121.094,220.09,host1,/node[name=host1]/bm/disks/disk[name=loop3],100,100.0,100.0,host1_host_timeseries.csv,2026-06-11 08:22:01.094000101
1781166121.094,220.09,host1,/node[name=host1]/bm/disks/disk[name=loop0],100,100.0,100.0,host1_host_timeseries.csv,2026-06-11 08:22:01.094000101
1781166121.094,220.09,host1,/node[name=host1]/bm/disks/disk[name=loop5],100,100.0,100.0,host1_host_timeseries.csv,2026-06-11 08:22:01.094000101
1781166121.094,220.09,host1,/node[name=host1]/bm/disks/disk[name=systemd-1],100,100.0,100.0,host1_host_timeseries.csv,2026-06-11 08:22:01.094000101
1781166121.094,220.09,host1,/node[name=host1]/bm/mem,100,100.0,100.0,host1_host_timeseries.csv,2026-06-11 08:22:01.094000101
1781166121.094,220.09,host1,/node[name=host1]/bm/proc,100,100.0,100.0,host1_host_timeseries.csv,2026-06-11 08:22:01.094000101
1781166121.094,220.09,host1,/node[name=host1]/bm/net,98,93.8,91.0,host1_host_timeseries.csv,2026-06-11 08:22:01.094000101
1781166121.094,220.09,host1,/node[name=host1]/bm/net/if[name=docker0],100,100.0,100.0,host1_host_timeseries.csv,2026-06-11 08:22:01.094000101
1781166121.094,220.09,host1,/node[name=host1]/bm/net/if[name=enp0s8],100,100.0,100.0,host1_host_timeseries.csv,2026-06-11 08:22:01.094000101
1781166121.094,220.09,host1,/node[name=host1]/bm/net/if[name=br-858e2815bf25],100,100.0,100.0,host1_host_timeseries.csv,2026-06-11 08:22:01.094000101
1781166121.094,220.09,host1,/node[name=host1]/bm/net/if[name=lo],100,100.0,100.0,host1_host_timeseries.csv,2026-06-11 08:22:01.094000101
1781166121.094,220.09,host1,/node[name=host1]/bm/net/if[name=enp0s9],90,60.0,40.0,host1_host_timeseries.csv,2026-06-11 08:22:01.094000101
1781166131.132,230.13,host1,/node[name=host1],100,99.5,99.17,host1_host_timeseries.csv,2026-06-11 08:22:11.131999969
1781166131.132,230.13,host1,/node[name=host1]/bm,100,99.5,99.17,host1_host_timeseries.csv,2026-06-11 08:22:11.131999969
1781166131.132,230.13,host1,/node[name=host1]/bm/cpus,100,100.0,100.0,host1_host_timeseries.csv,2026-06-11 08:22:11.131999969
1781166131.132,230.13,host1,/node[name=host1]/bm/cpus/cpu[name=cpu],100,100.0,100.0,host1_host_timeseries.csv,2026-06-11 08:22:11.131999969
1781166131.133,230.13,host1,/node[name=host1]/bm/cpus/cpu[name=cpu1],100,100.0,100.0,host1_host_timeseries.csv,2026-06-11 08:22:11.132999897
1781166131.133,230.13,host1,/node[name=host1]/bm/cpus/cpu[name=cpu0],100,100.0,100.0,host1_host_timeseries.csv,2026-06-11 08:22:11.132999897
1781166131.133,230.13,host1,/node[name=host1]/bm/sensors,100,100.0,100.0,host1_host_timeseries.csv,2026-06-11 08:22:11.132999897
1781166131.133,230.13,host1,/node[name=host1]/bm/disks,100,100.0,100.0,host1_host_timeseries.csv,2026-06-11 08:22:11.132999897
1781166131.133,230.13,host1,/node[name=host1]/bm/disks/disk[name=sda2],100,100.0,100.0,host1_host_timeseries.csv,2026-06-11 08:22:11.132999897
1781166131.133,230.13,host1,/node[name=host1]/bm/disks/disk[name=loop4],100,100.0,100.0,host1_host_timeseries.csv,2026-06-11 08:22:11.132999897
1781166131.133,230.13,host1,/node[name=host1]/bm/disks/disk[name=loop2],100,100.0,100.0,host1_host_timeseries.csv,2026-06-11 08:22:11.132999897
1781166131.133,230.13,host1,/node[name=host1]/bm/disks/disk[name=loop1],100,100.0,100.0,host1_host_timeseries.csv,2026-06-11 08:22:11.132999897
1781166131.133,230.13,host1,/node[name=host1]/bm/disks/disk[name=cgroup2],100,100.0,100.0,host1_host_timeseries.csv,2026-06-11 08:22:11.132999897
1781166131.133,230.13,host1,/node[name=host1]/bm/disks/disk[name=loop3],100,100.0,100.0,host1_host_timeseries.csv,2026-06-11 08:22:11.132999897
1781166131.133,230.13,host1,/node[name=host1]/bm/disks/disk[name=loop0],100,100.0,100.0,host1_host_timeseries.csv,2026-06-11 08:22:11.132999897
1781166131.133,230.13,host1,/node[name=host1]/bm/disks/disk[name=loop5],100,100.0,100.0,host1_host_timeseries.csv,2026-06-11 08:22:11.132999897
1781166131.133,230.13,host1,/node[name=host1]/bm/disks/disk[name=systemd-1],100,100.0,100.0,host1_host_timeseries.csv,2026-06-11 08:22:11.132999897
1781166131.133,230.13,host1,/node[name=host1]/bm/mem,100,100.0,100.0,host1_host_timeseries.csv,2026-06-11 08:22:11.132999897
1781166131.133,230.13,host1,/node[name=host1]/bm/proc,100,100.0,100.0,host1_host_timeseries.csv,2026-06-11 08:22:11.132999897
1781166131.134,230.13,host1,/node[name=host1]/bm/net,98,94.5,92.17,host1_host_timeseries.csv,2026-06-11 08:22:11.134000063
1781166131.134,230.13,host1,/node[name=host1]/bm/net/if[name=docker0],100,100.0,100.0,host1_host_timeseries.csv,2026-06-11 08:22:11.134000063
1781166131.134,230.13,host1,/node[name=host1]/bm/net/if[name=enp0s8],100,100.0,100.0,host1_host_timeseries.csv,2026-06-11 08:22:11.134000063
1781166131.134,230.13,host1,/node[name=host1]/bm/net/if[name=br-858e2815bf25],100,100.0,100.0,host1_host_timeseries.csv,2026-06-11 08:22:11.134000063
1781166131.134,230.13,host1,/node[name=host1]/bm/net/if[name=lo],100,100.0,100.0,host1_host_timeseries.csv,2026-06-11 08:22:11.134000063
1781166131.134,230.13,host1,/node[name=host1]/bm/net/if[name=enp0s9],90,65.0,48.33,host1_host_timeseries.csv,2026-06-11 08:22:11.134000063
1781166141.164,240.16,host1,/node[name=host1],100,99.6,99.33,host1_host_timeseries.csv,2026-06-11 08:22:21.164000034
1781166141.164,240.16,host1,/node[name=host1]/bm,100,99.6,99.33,host1_host_timeseries.csv,2026-06-11 08:22:21.164000034
1781166141.164,240.16,host1,/node[name=host1]/bm/cpus,100,100.0,100.0,host1_host_timeseries.csv,2026-06-11 08:22:21.164000034
1781166141.165,240.16,host1,/node[name=host1]/bm/cpus/cpu[name=cpu],100,100.0,100.0,host1_host_timeseries.csv,2026-06-11 08:22:21.164999962
1781166141.165,240.16,host1,/node[name=host1]/bm/cpus/cpu[name=cpu1],100,100.0,100.0,host1_host_timeseries.csv,2026-06-11 08:22:21.164999962
1781166141.165,240.16,host1,/node[name=host1]/bm/cpus/cpu[name=cpu0],100,100.0,100.0,host1_host_timeseries.csv,2026-06-11 08:22:21.164999962
1781166141.165,240.16,host1,/node[name=host1]/bm/sensors,100,100.0,100.0,host1_host_timeseries.csv,2026-06-11 08:22:21.164999962
1781166141.165,240.16,host1,/node[name=host1]/bm/disks,100,100.0,100.0,host1_host_timeseries.csv,2026-06-11 08:22:21.164999962
1781166141.165,240.16,host1,/node[name=host1]/bm/disks/disk[name=sda2],100,100.0,100.0,host1_host_timeseries.csv,2026-06-11 08:22:21.164999962
1781166141.165,240.16,host1,/node[name=host1]/bm/disks/disk[name=loop4],100,100.0,100.0,host1_host_timeseries.csv,2026-06-11 08:22:21.164999962
1781166141.165,240.16,host1,/node[name=host1]/bm/disks/disk[name=loop2],100,100.0,100.0,host1_host_timeseries.csv,2026-06-11 08:22:21.164999962
1781166141.165,240.16,host1,/node[name=host1]/bm/disks/disk[name=loop1],100,100.0,100.0,host1_host_timeseries.csv,2026-06-11 08:22:21.164999962
1781166141.166,240.16,host1,/node[name=host1]/bm/disks/disk[name=cgroup2],100,100.0,100.0,host1_host_timeseries.csv,2026-06-11 08:22:21.165999889
1781166141.166,240.16,host1,/node[name=host1]/bm/disks/disk[name=loop3],100,100.0,100.0,host1_host_timeseries.csv,2026-06-11 08:22:21.165999889
1781166141.166,240.16,host1,/node[name=host1]/bm/disks/disk[name=loop0],100,100.0,100.0,host1_host_timeseries.csv,2026-06-11 08:22:21.165999889
1781166141.166,240.16,host1,/node[name=host1]/bm/disks/disk[name=loop5],100,100.0,100.0,host1_host_timeseries.csv,2026-06-11 08:22:21.165999889
1781166141.166,240.16,host1,/node[name=host1]/bm/disks/disk[name=systemd-1],100,100.0,100.0,host1_host_timeseries.csv,2026-06-11 08:22:21.165999889
1781166141.166,240.16,host1,/node[name=host1]/bm/mem,100,100.0,100.0,host1_host_timeseries.csv,2026-06-11 08:22:21.165999889
1781166141.166,240.16,host1,/node[name=host1]/bm/proc,100,100.0,100.0,host1_host_timeseries.csv,2026-06-11 08:22:21.165999889
1781166141.166,240.16,host1,/node[name=host1]/bm/net,98,95.2,93.33,host1_host_timeseries.csv,2026-06-11 08:22:21.165999889
1781166141.166,240.16,host1,/node[name=host1]/bm/net/if[name=docker0],100,100.0,100.0,host1_host_timeseries.csv,2026-06-11 08:22:21.165999889
1781166141.166,240.16,host1,/node[name=host1]/bm/net/if[name=enp0s8],100,100.0,100.0,host1_host_timeseries.csv,2026-06-11 08:22:21.165999889
1781166141.166,240.16,host1,/node[name=host1]/bm/net/if[name=br-858e2815bf25],100,100.0,100.0,host1_host_timeseries.csv,2026-06-11 08:22:21.165999889
1781166141.167,240.16,host1,/node[name=host1]/bm/net/if[name=lo],100,100.0,100.0,host1_host_timeseries.csv,2026-06-11 08:22:21.167000055
1781166141.167,240.16,host1,/node[name=host1]/bm/net/if[name=enp0s9],90,70.0,56.67,host1_host_timeseries.csv,2026-06-11 08:22:21.167000055
1781166151.204,250.2,host1,/node[name=host1],100,99.7,99.5,host1_host_timeseries.csv,2026-06-11 08:22:31.203999996
1781166151.205,250.2,host1,/node[name=host1]/bm,100,99.7,99.5,host1_host_timeseries.csv,2026-06-11 08:22:31.204999924
1781166151.205,250.2,host1,/node[name=host1]/bm/cpus,100,100.0,100.0,host1_host_timeseries.csv,2026-06-11 08:22:31.204999924
1781166151.205,250.2,host1,/node[name=host1]/bm/cpus/cpu[name=cpu],100,100.0,100.0,host1_host_timeseries.csv,2026-06-11 08:22:31.204999924
1781166151.205,250.2,host1,/node[name=host1]/bm/cpus/cpu[name=cpu1],100,100.0,100.0,host1_host_timeseries.csv,2026-06-11 08:22:31.204999924
1781166151.205,250.2,host1,/node[name=host1]/bm/cpus/cpu[name=cpu0],100,100.0,100.0,host1_host_timeseries.csv,2026-06-11 08:22:31.204999924
1781166151.205,250.2,host1,/node[name=host1]/bm/sensors,100,100.0,100.0,host1_host_timeseries.csv,2026-06-11 08:22:31.204999924
1781166151.205,250.2,host1,/node[name=host1]/bm/disks,100,100.0,100.0,host1_host_timeseries.csv,2026-06-11 08:22:31.204999924
1781166151.205,250.2,host1,/node[name=host1]/bm/disks/disk[name=sda2],100,100.0,100.0,host1_host_timeseries.csv,2026-06-11 08:22:31.204999924
1781166151.205,250.2,host1,/node[name=host1]/bm/disks/disk[name=loop4],100,100.0,100.0,host1_host_timeseries.csv,2026-06-11 08:22:31.204999924
1781166151.205,250.2,host1,/node[name=host1]/bm/disks/disk[name=loop2],100,100.0,100.0,host1_host_timeseries.csv,2026-06-11 08:22:31.204999924
1781166151.205,250.2,host1,/node[name=host1]/bm/disks/disk[name=loop1],100,100.0,100.0,host1_host_timeseries.csv,2026-06-11 08:22:31.204999924
1781166151.205,250.2,host1,/node[name=host1]/bm/disks/disk[name=cgroup2],100,100.0,100.0,host1_host_timeseries.csv,2026-06-11 08:22:31.204999924
1781166151.206,250.2,host1,/node[name=host1]/bm/disks/disk[name=loop3],100,100.0,100.0,host1_host_timeseries.csv,2026-06-11 08:22:31.206000090
1781166151.206,250.2,host1,/node[name=host1]/bm/disks/disk[name=loop0],100,100.0,100.0,host1_host_timeseries.csv,2026-06-11 08:22:31.206000090
1781166151.206,250.2,host1,/node[name=host1]/bm/disks/disk[name=loop5],100,100.0,100.0,host1_host_timeseries.csv,2026-06-11 08:22:31.206000090
1781166151.206,250.2,host1,/node[name=host1]/bm/disks/disk[name=systemd-1],100,100.0,100.0,host1_host_timeseries.csv,2026-06-11 08:22:31.206000090
1781166151.206,250.2,host1,/node[name=host1]/bm/mem,100,100.0,100.0,host1_host_timeseries.csv,2026-06-11 08:22:31.206000090
1781166151.206,250.2,host1,/node[name=host1]/bm/proc,100,100.0,100.0,host1_host_timeseries.csv,2026-06-11 08:22:31.206000090
1781166151.206,250.2,host1,/node[name=host1]/bm/net,98,95.9,94.5,host1_host_timeseries.csv,2026-06-11 08:22:31.206000090
1781166151.206,250.2,host1,/node[name=host1]/bm/net/if[name=docker0],100,100.0,100.0,host1_host_timeseries.csv,2026-06-11 08:22:31.206000090
1781166151.206,250.2,host1,/node[name=host1]/bm/net/if[name=enp0s8],100,100.0,100.0,host1_host_timeseries.csv,2026-06-11 08:22:31.206000090
1781166151.206,250.2,host1,/node[name=host1]/bm/net/if[name=br-858e2815bf25],100,100.0,100.0,host1_host_timeseries.csv,2026-06-11 08:22:31.206000090
1781166151.206,250.2,host1,/node[name=host1]/bm/net/if[name=lo],100,100.0,100.0,host1_host_timeseries.csv,2026-06-11 08:22:31.206000090
1781166151.206,250.2,host1,/node[name=host1]/bm/net/if[name=enp0s9],90,75.0,65.0,host1_host_timeseries.csv,2026-06-11 08:22:31.206000090
1781166161.244,260.24,host1,/node[name=host1],100,99.8,99.67,host1_host_timeseries.csv,2026-06-11 08:22:41.243999958
1781166161.244,260.24,host1,/node[name=host1]/bm,100,99.8,99.67,host1_host_timeseries.csv,2026-06-11 08:22:41.243999958
1781166161.245,260.24,host1,/node[name=host1]/bm/cpus,100,100.0,100.0,host1_host_timeseries.csv,2026-06-11 08:22:41.244999886
1781166161.245,260.24,host1,/node[name=host1]/bm/cpus/cpu[name=cpu],100,100.0,100.0,host1_host_timeseries.csv,2026-06-11 08:22:41.244999886
1781166161.245,260.24,host1,/node[name=host1]/bm/cpus/cpu[name=cpu1],100,100.0,100.0,host1_host_timeseries.csv,2026-06-11 08:22:41.244999886
1781166161.245,260.24,host1,/node[name=host1]/bm/cpus/cpu[name=cpu0],100,100.0,100.0,host1_host_timeseries.csv,2026-06-11 08:22:41.244999886
1781166161.245,260.24,host1,/node[name=host1]/bm/sensors,100,100.0,100.0,host1_host_timeseries.csv,2026-06-11 08:22:41.244999886
1781166161.245,260.24,host1,/node[name=host1]/bm/disks,100,100.0,100.0,host1_host_timeseries.csv,2026-06-11 08:22:41.244999886
1781166161.245,260.24,host1,/node[name=host1]/bm/disks/disk[name=sda2],100,100.0,100.0,host1_host_timeseries.csv,2026-06-11 08:22:41.244999886
1781166161.245,260.24,host1,/node[name=host1]/bm/disks/disk[name=loop4],100,100.0,100.0,host1_host_timeseries.csv,2026-06-11 08:22:41.244999886
1781166161.245,260.24,host1,/node[name=host1]/bm/disks/disk[name=loop2],100,100.0,100.0,host1_host_timeseries.csv,2026-06-11 08:22:41.244999886
1781166161.245,260.24,host1,/node[name=host1]/bm/disks/disk[name=loop1],100,100.0,100.0,host1_host_timeseries.csv,2026-06-11 08:22:41.244999886
1781166161.245,260.24,host1,/node[name=host1]/bm/disks/disk[name=cgroup2],100,100.0,100.0,host1_host_timeseries.csv,2026-06-11 08:22:41.244999886
1781166161.245,260.24,host1,/node[name=host1]/bm/disks/disk[name=loop3],100,100.0,100.0,host1_host_timeseries.csv,2026-06-11 08:22:41.244999886
1781166161.245,260.24,host1,/node[name=host1]/bm/disks/disk[name=loop0],100,100.0,100.0,host1_host_timeseries.csv,2026-06-11 08:22:41.244999886
1781166161.245,260.24,host1,/node[name=host1]/bm/disks/disk[name=loop5],100,100.0,100.0,host1_host_timeseries.csv,2026-06-11 08:22:41.244999886
1781166161.246,260.24,host1,/node[name=host1]/bm/disks/disk[name=systemd-1],100,100.0,100.0,host1_host_timeseries.csv,2026-06-11 08:22:41.246000051
1781166161.246,260.24,host1,/node[name=host1]/bm/mem,100,100.0,100.0,host1_host_timeseries.csv,2026-06-11 08:22:41.246000051
1781166161.246,260.24,host1,/node[name=host1]/bm/proc,100,100.0,100.0,host1_host_timeseries.csv,2026-06-11 08:22:41.246000051
1781166161.246,260.24,host1,/node[name=host1]/bm/net,100,97.4,95.67,host1_host_timeseries.csv,2026-06-11 08:22:41.246000051
1781166161.246,260.24,host1,/node[name=host1]/bm/net/if[name=docker0],100,100.0,100.0,host1_host_timeseries.csv,2026-06-11 08:22:41.246000051
1781166161.246,260.24,host1,/node[name=host1]/bm/net/if[name=enp0s8],100,100.0,100.0,host1_host_timeseries.csv,2026-06-11 08:22:41.246000051
1781166161.246,260.24,host1,/node[name=host1]/bm/net/if[name=br-858e2815bf25],100,100.0,100.0,host1_host_timeseries.csv,2026-06-11 08:22:41.246000051
1781166161.246,260.24,host1,/node[name=host1]/bm/net/if[name=lo],100,100.0,100.0,host1_host_timeseries.csv,2026-06-11 08:22:41.246000051
1781166161.246,260.24,host1,/node[name=host1]/bm/net/if[name=enp0s9],100,84.0,73.33,host1_host_timeseries.csv,2026-06-11 08:22:41.246000051
1781166171.336,270.33,host1,/node[name=host1],100,99.9,99.83,host1_host_timeseries.csv,2026-06-11 08:22:51.335999966
1781166171.336,270.33,host1,/node[name=host1]/bm,100,99.9,99.83,host1_host_timeseries.csv,2026-06-11 08:22:51.335999966
1781166171.337,270.33,host1,/node[name=host1]/bm/cpus,100,100.0,100.0,host1_host_timeseries.csv,2026-06-11 08:22:51.336999893
1781166171.337,270.33,host1,/node[name=host1]/bm/cpus/cpu[name=cpu],100,100.0,100.0,host1_host_timeseries.csv,2026-06-11 08:22:51.336999893
1781166171.337,270.33,host1,/node[name=host1]/bm/cpus/cpu[name=cpu1],100,100.0,100.0,host1_host_timeseries.csv,2026-06-11 08:22:51.336999893
1781166171.337,270.33,host1,/node[name=host1]/bm/cpus/cpu[name=cpu0],100,100.0,100.0,host1_host_timeseries.csv,2026-06-11 08:22:51.336999893
1781166171.337,270.33,host1,/node[name=host1]/bm/sensors,100,100.0,100.0,host1_host_timeseries.csv,2026-06-11 08:22:51.336999893
1781166171.337,270.33,host1,/node[name=host1]/bm/disks,100,100.0,100.0,host1_host_timeseries.csv,2026-06-11 08:22:51.336999893
1781166171.337,270.33,host1,/node[name=host1]/bm/disks/disk[name=sda2],100,100.0,100.0,host1_host_timeseries.csv,2026-06-11 08:22:51.336999893
1781166171.337,270.33,host1,/node[name=host1]/bm/disks/disk[name=loop4],100,100.0,100.0,host1_host_timeseries.csv,2026-06-11 08:22:51.336999893
1781166171.337,270.33,host1,/node[name=host1]/bm/disks/disk[name=loop2],100,100.0,100.0,host1_host_timeseries.csv,2026-06-11 08:22:51.336999893
1781166171.337,270.33,host1,/node[name=host1]/bm/disks/disk[name=loop1],100,100.0,100.0,host1_host_timeseries.csv,2026-06-11 08:22:51.336999893
1781166171.337,270.33,host1,/node[name=host1]/bm/disks/disk[name=cgroup2],100,100.0,100.0,host1_host_timeseries.csv,2026-06-11 08:22:51.336999893
1781166171.338,270.33,host1,/node[name=host1]/bm/disks/disk[name=loop3],100,100.0,100.0,host1_host_timeseries.csv,2026-06-11 08:22:51.338000059
1781166171.338,270.33,host1,/node[name=host1]/bm/disks/disk[name=loop0],100,100.0,100.0,host1_host_timeseries.csv,2026-06-11 08:22:51.338000059
1781166171.338,270.33,host1,/node[name=host1]/bm/disks/disk[name=loop5],100,100.0,100.0,host1_host_timeseries.csv,2026-06-11 08:22:51.338000059
1781166171.338,270.33,host1,/node[name=host1]/bm/disks/disk[name=systemd-1],100,100.0,100.0,host1_host_timeseries.csv,2026-06-11 08:22:51.338000059
1781166171.338,270.33,host1,/node[name=host1]/bm/mem,100,100.0,100.0,host1_host_timeseries.csv,2026-06-11 08:22:51.338000059
1781166171.338,270.33,host1,/node[name=host1]/bm/proc,100,100.0,100.0,host1_host_timeseries.csv,2026-06-11 08:22:51.338000059
1781166171.338,270.33,host1,/node[name=host1]/bm/net,100,98.3,97.17,host1_host_timeseries.csv,2026-06-11 08:22:51.338000059
1781166171.338,270.33,host1,/node[name=host1]/bm/net/if[name=docker0],100,100.0,100.0,host1_host_timeseries.csv,2026-06-11 08:22:51.338000059
1781166171.338,270.33,host1,/node[name=host1]/bm/net/if[name=enp0s8],100,100.0,100.0,host1_host_timeseries.csv,2026-06-11 08:22:51.338000059
1781166171.338,270.33,host1,/node[name=host1]/bm/net/if[name=br-858e2815bf25],100,100.0,100.0,host1_host_timeseries.csv,2026-06-11 08:22:51.338000059
1781166171.338,270.33,host1,/node[name=host1]/bm/net/if[name=lo],100,100.0,100.0,host1_host_timeseries.csv,2026-06-11 08:22:51.338000059
1781166171.338,270.33,host1,/node[name=host1]/bm/net/if[name=enp0s9],100,90.0,83.33,host1_host_timeseries.csv,2026-06-11 08:22:51.338000059
1781166181.36,280.36,host1,/node[name=host1],100,100.0,100.0,host1_host_timeseries.csv,2026-06-11 08:23:01.359999895
1781166181.36,280.36,host1,/node[name=host1]/bm,100,100.0,100.0,host1_host_timeseries.csv,2026-06-11 08:23:01.359999895
1781166181.36,280.36,host1,/node[name=host1]/bm/cpus,100,100.0,100.0,host1_host_timeseries.csv,2026-06-11 08:23:01.359999895
1781166181.36,280.36,host1,/node[name=host1]/bm/cpus/cpu[name=cpu],100,100.0,100.0,host1_host_timeseries.csv,2026-06-11 08:23:01.359999895
1781166181.36,280.36,host1,/node[name=host1]/bm/cpus/cpu[name=cpu1],100,100.0,100.0,host1_host_timeseries.csv,2026-06-11 08:23:01.359999895
1781166181.36,280.36,host1,/node[name=host1]/bm/cpus/cpu[name=cpu0],100,100.0,100.0,host1_host_timeseries.csv,2026-06-11 08:23:01.359999895
1781166181.36,280.36,host1,/node[name=host1]/bm/sensors,100,100.0,100.0,host1_host_timeseries.csv,2026-06-11 08:23:01.359999895
1781166181.36,280.36,host1,/node[name=host1]/bm/disks,100,100.0,100.0,host1_host_timeseries.csv,2026-06-11 08:23:01.359999895
1781166181.36,280.36,host1,/node[name=host1]/bm/disks/disk[name=sda2],100,100.0,100.0,host1_host_timeseries.csv,2026-06-11 08:23:01.359999895
1781166181.36,280.36,host1,/node[name=host1]/bm/disks/disk[name=loop4],100,100.0,100.0,host1_host_timeseries.csv,2026-06-11 08:23:01.359999895
1781166181.36,280.36,host1,/node[name=host1]/bm/disks/disk[name=loop2],100,100.0,100.0,host1_host_timeseries.csv,2026-06-11 08:23:01.359999895
1781166181.36,280.36,host1,/node[name=host1]/bm/disks/disk[name=loop1],100,100.0,100.0,host1_host_timeseries.csv,2026-06-11 08:23:01.359999895
1781166181.361,280.36,host1,/node[name=host1]/bm/disks/disk[name=cgroup2],100,100.0,100.0,host1_host_timeseries.csv,2026-06-11 08:23:01.361000061
1781166181.361,280.36,host1,/node[name=host1]/bm/disks/disk[name=loop3],100,100.0,100.0,host1_host_timeseries.csv,2026-06-11 08:23:01.361000061
1781166181.361,280.36,host1,/node[name=host1]/bm/disks/disk[name=loop0],100,100.0,100.0,host1_host_timeseries.csv,2026-06-11 08:23:01.361000061
1781166181.361,280.36,host1,/node[name=host1]/bm/disks/disk[name=loop5],100,100.0,100.0,host1_host_timeseries.csv,2026-06-11 08:23:01.361000061
1781166181.361,280.36,host1,/node[name=host1]/bm/disks/disk[name=systemd-1],100,100.0,100.0,host1_host_timeseries.csv,2026-06-11 08:23:01.361000061
1781166181.361,280.36,host1,/node[name=host1]/bm/mem,100,100.0,100.0,host1_host_timeseries.csv,2026-06-11 08:23:01.361000061
1781166181.361,280.36,host1,/node[name=host1]/bm/proc,100,100.0,100.0,host1_host_timeseries.csv,2026-06-11 08:23:01.361000061
1781166181.361,280.36,host1,/node[name=host1]/bm/net,100,99.2,98.67,host1_host_timeseries.csv,2026-06-11 08:23:01.361000061
1781166181.361,280.36,host1,/node[name=host1]/bm/net/if[name=docker0],100,100.0,100.0,host1_host_timeseries.csv,2026-06-11 08:23:01.361000061
1781166181.361,280.36,host1,/node[name=host1]/bm/net/if[name=enp0s8],100,100.0,100.0,host1_host_timeseries.csv,2026-06-11 08:23:01.361000061
1781166181.361,280.36,host1,/node[name=host1]/bm/net/if[name=br-858e2815bf25],100,100.0,100.0,host1_host_timeseries.csv,2026-06-11 08:23:01.361000061
1781166181.361,280.36,host1,/node[name=host1]/bm/net/if[name=lo],100,100.0,100.0,host1_host_timeseries.csv,2026-06-11 08:23:01.361000061
1781166181.361,280.36,host1,/node[name=host1]/bm/net/if[name=enp0s9],100,96.0,93.33,host1_host_timeseries.csv,2026-06-11 08:23:01.361000061
1781166191.389,290.39,host1,/node[name=host1],100,100.0,100.0,host1_host_timeseries.csv,2026-06-11 08:23:11.388999939
1781166191.389,290.39,host1,/node[name=host1]/bm,100,100.0,100.0,host1_host_timeseries.csv,2026-06-11 08:23:11.388999939
1781166191.389,290.39,host1,/node[name=host1]/bm/cpus,100,100.0,100.0,host1_host_timeseries.csv,2026-06-11 08:23:11.388999939
1781166191.389,290.39,host1,/node[name=host1]/bm/cpus/cpu[name=cpu],100,100.0,100.0,host1_host_timeseries.csv,2026-06-11 08:23:11.388999939
1781166191.389,290.39,host1,/node[name=host1]/bm/cpus/cpu[name=cpu1],100,100.0,100.0,host1_host_timeseries.csv,2026-06-11 08:23:11.388999939
1781166191.39,290.39,host1,/node[name=host1]/bm/cpus/cpu[name=cpu0],100,100.0,100.0,host1_host_timeseries.csv,2026-06-11 08:23:11.390000105
1781166191.39,290.39,host1,/node[name=host1]/bm/sensors,100,100.0,100.0,host1_host_timeseries.csv,2026-06-11 08:23:11.390000105
1781166191.39,290.39,host1,/node[name=host1]/bm/disks,100,100.0,100.0,host1_host_timeseries.csv,2026-06-11 08:23:11.390000105
1781166191.39,290.39,host1,/node[name=host1]/bm/disks/disk[name=sda2],100,100.0,100.0,host1_host_timeseries.csv,2026-06-11 08:23:11.390000105
1781166191.39,290.39,host1,/node[name=host1]/bm/disks/disk[name=loop4],100,100.0,100.0,host1_host_timeseries.csv,2026-06-11 08:23:11.390000105
1781166191.39,290.39,host1,/node[name=host1]/bm/disks/disk[name=loop2],100,100.0,100.0,host1_host_timeseries.csv,2026-06-11 08:23:11.390000105
1781166191.39,290.39,host1,/node[name=host1]/bm/disks/disk[name=loop1],100,100.0,100.0,host1_host_timeseries.csv,2026-06-11 08:23:11.390000105
1781166191.39,290.39,host1,/node[name=host1]/bm/disks/disk[name=cgroup2],100,100.0,100.0,host1_host_timeseries.csv,2026-06-11 08:23:11.390000105
1781166191.39,290.39,host1,/node[name=host1]/bm/disks/disk[name=loop3],100,100.0,100.0,host1_host_timeseries.csv,2026-06-11 08:23:11.390000105
1781166191.39,290.39,host1,/node[name=host1]/bm/disks/disk[name=loop0],100,100.0,100.0,host1_host_timeseries.csv,2026-06-11 08:23:11.390000105
1781166191.39,290.39,host1,/node[name=host1]/bm/disks/disk[name=loop5],100,100.0,100.0,host1_host_timeseries.csv,2026-06-11 08:23:11.390000105
1781166191.39,290.39,host1,/node[name=host1]/bm/disks/disk[name=systemd-1],100,100.0,100.0,host1_host_timeseries.csv,2026-06-11 08:23:11.390000105
1781166191.391,290.39,host1,/node[name=host1]/bm/mem,100,100.0,100.0,host1_host_timeseries.csv,2026-06-11 08:23:11.391000032
1781166191.391,290.39,host1,/node[name=host1]/bm/proc,100,100.0,100.0,host1_host_timeseries.csv,2026-06-11 08:23:11.391000032
1781166191.391,290.39,host1,/node[name=host1]/bm/net,100,99.4,99.0,host1_host_timeseries.csv,2026-06-11 08:23:11.391000032
1781166191.391,290.39,host1,/node[name=host1]/bm/net/if[name=docker0],100,100.0,100.0,host1_host_timeseries.csv,2026-06-11 08:23:11.391000032
1781166191.391,290.39,host1,/node[name=host1]/bm/net/if[name=enp0s8],100,100.0,100.0,host1_host_timeseries.csv,2026-06-11 08:23:11.391000032
1781166191.391,290.39,host1,/node[name=host1]/bm/net/if[name=br-858e2815bf25],100,100.0,100.0,host1_host_timeseries.csv,2026-06-11 08:23:11.391000032
1781166191.391,290.39,host1,/node[name=host1]/bm/net/if[name=lo],100,100.0,100.0,host1_host_timeseries.csv,2026-06-11 08:23:11.391000032
1781166191.391,290.39,host1,/node[name=host1]/bm/net/if[name=enp0s9],100,97.0,95.0,host1_host_timeseries.csv,2026-06-11 08:23:11.391000032
1781165931.985,30.98,host2,/node[name=host2],100,100.0,100.0,host2_host_timeseries.csv,2026-06-11 08:18:51.984999895
1781165931.986,30.98,host2,/node[name=host2]/bm,100,100.0,100.0,host2_host_timeseries.csv,2026-06-11 08:18:51.986000061
1781165931.986,30.98,host2,/node[name=host2]/bm/cpus,100,100.0,100.0,host2_host_timeseries.csv,2026-06-11 08:18:51.986000061
1781165931.986,30.98,host2,/node[name=host2]/bm/cpus/cpu[name=cpu],100,100.0,100.0,host2_host_timeseries.csv,2026-06-11 08:18:51.986000061
1781165931.986,30.98,host2,/node[name=host2]/bm/cpus/cpu[name=cpu1],100,100.0,100.0,host2_host_timeseries.csv,2026-06-11 08:18:51.986000061
1781165931.986,30.98,host2,/node[name=host2]/bm/cpus/cpu[name=cpu0],100,100.0,100.0,host2_host_timeseries.csv,2026-06-11 08:18:51.986000061
1781165931.986,30.98,host2,/node[name=host2]/bm/sensors,100,100.0,100.0,host2_host_timeseries.csv,2026-06-11 08:18:51.986000061
1781165931.986,30.98,host2,/node[name=host2]/bm/disks,100,100.0,100.0,host2_host_timeseries.csv,2026-06-11 08:18:51.986000061
1781165931.987,30.98,host2,/node[name=host2]/bm/disks/disk[name=cgroup2],100,100.0,100.0,host2_host_timeseries.csv,2026-06-11 08:18:51.986999989
1781165931.987,30.98,host2,/node[name=host2]/bm/disks/disk[name=loop5],100,100.0,100.0,host2_host_timeseries.csv,2026-06-11 08:18:51.986999989
1781165931.987,30.98,host2,/node[name=host2]/bm/disks/disk[name=sda2],100,100.0,100.0,host2_host_timeseries.csv,2026-06-11 08:18:51.986999989
1781165931.987,30.98,host2,/node[name=host2]/bm/disks/disk[name=systemd-1],100,100.0,100.0,host2_host_timeseries.csv,2026-06-11 08:18:51.986999989
1781165931.987,30.98,host2,/node[name=host2]/bm/disks/disk[name=loop3],100,100.0,100.0,host2_host_timeseries.csv,2026-06-11 08:18:51.986999989
1781165931.987,30.98,host2,/node[name=host2]/bm/disks/disk[name=loop4],100,100.0,100.0,host2_host_timeseries.csv,2026-06-11 08:18:51.986999989
1781165931.987,30.98,host2,/node[name=host2]/bm/disks/disk[name=loop0],100,100.0,100.0,host2_host_timeseries.csv,2026-06-11 08:18:51.986999989
1781165931.987,30.98,host2,/node[name=host2]/bm/disks/disk[name=loop1],100,100.0,100.0,host2_host_timeseries.csv,2026-06-11 08:18:51.986999989
1781165931.987,30.98,host2,/node[name=host2]/bm/disks/disk[name=loop2],100,100.0,100.0,host2_host_timeseries.csv,2026-06-11 08:18:51.986999989
1781165931.988,30.98,host2,/node[name=host2]/bm/mem,100,100.0,100.0,host2_host_timeseries.csv,2026-06-11 08:18:51.987999916
1781165931.988,30.98,host2,/node[name=host2]/bm/proc,100,100.0,100.0,host2_host_timeseries.csv,2026-06-11 08:18:51.987999916
1781165931.988,30.98,host2,/node[name=host2]/bm/net,100,100.0,100.0,host2_host_timeseries.csv,2026-06-11 08:18:51.987999916
1781165931.988,30.98,host2,/node[name=host2]/bm/net/if[name=docker0],100,100.0,100.0,host2_host_timeseries.csv,2026-06-11 08:18:51.987999916
1781165931.988,30.98,host2,/node[name=host2]/bm/net/if[name=br-858e2815bf25],100,100.0,100.0,host2_host_timeseries.csv,2026-06-11 08:18:51.987999916
1781165931.988,30.98,host2,/node[name=host2]/bm/net/if[name=enp0s9],100,100.0,100.0,host2_host_timeseries.csv,2026-06-11 08:18:51.987999916
1781165931.988,30.98,host2,/node[name=host2]/bm/net/if[name=lo],100,100.0,100.0,host2_host_timeseries.csv,2026-06-11 08:18:51.987999916
1781165931.988,30.98,host2,/node[name=host2]/bm/net/if[name=enp0s8],100,100.0,100.0,host2_host_timeseries.csv,2026-06-11 08:18:51.987999916
1781165931.988,30.98,host2,/node[name=host2]/bm/net/if[name=enp0s3],100,100.0,100.0,host2_host_timeseries.csv,2026-06-11 08:18:51.987999916
1781165940.909,39.91,host2,/node[name=host2],100,100.0,100.0,host2_host_timeseries.csv,2026-06-11 08:19:00.908999920
1781165940.909,39.91,host2,/node[name=host2]/bm,100,100.0,100.0,host2_host_timeseries.csv,2026-06-11 08:19:00.908999920
1781165940.909,39.91,host2,/node[name=host2]/bm/cpus,100,100.0,100.0,host2_host_timeseries.csv,2026-06-11 08:19:00.908999920
1781165940.909,39.91,host2,/node[name=host2]/bm/cpus/cpu[name=cpu],100,100.0,100.0,host2_host_timeseries.csv,2026-06-11 08:19:00.908999920
1781165940.909,39.91,host2,/node[name=host2]/bm/cpus/cpu[name=cpu1],100,100.0,100.0,host2_host_timeseries.csv,2026-06-11 08:19:00.908999920
1781165940.909,39.91,host2,/node[name=host2]/bm/cpus/cpu[name=cpu0],100,100.0,100.0,host2_host_timeseries.csv,2026-06-11 08:19:00.908999920
1781165940.91,39.91,host2,/node[name=host2]/bm/sensors,100,100.0,100.0,host2_host_timeseries.csv,2026-06-11 08:19:00.910000086
1781165940.91,39.91,host2,/node[name=host2]/bm/disks,100,100.0,100.0,host2_host_timeseries.csv,2026-06-11 08:19:00.910000086
1781165940.91,39.91,host2,/node[name=host2]/bm/disks/disk[name=cgroup2],100,100.0,100.0,host2_host_timeseries.csv,2026-06-11 08:19:00.910000086
1781165940.91,39.91,host2,/node[name=host2]/bm/disks/disk[name=loop5],100,100.0,100.0,host2_host_timeseries.csv,2026-06-11 08:19:00.910000086
1781165940.91,39.91,host2,/node[name=host2]/bm/disks/disk[name=sda2],100,100.0,100.0,host2_host_timeseries.csv,2026-06-11 08:19:00.910000086
1781165940.91,39.91,host2,/node[name=host2]/bm/disks/disk[name=systemd-1],100,100.0,100.0,host2_host_timeseries.csv,2026-06-11 08:19:00.910000086
1781165940.91,39.91,host2,/node[name=host2]/bm/disks/disk[name=loop3],100,100.0,100.0,host2_host_timeseries.csv,2026-06-11 08:19:00.910000086
1781165940.91,39.91,host2,/node[name=host2]/bm/disks/disk[name=loop4],100,100.0,100.0,host2_host_timeseries.csv,2026-06-11 08:19:00.910000086
1781165940.91,39.91,host2,/node[name=host2]/bm/disks/disk[name=loop0],100,100.0,100.0,host2_host_timeseries.csv,2026-06-11 08:19:00.910000086
1781165940.911,39.91,host2,/node[name=host2]/bm/disks/disk[name=loop1],100,100.0,100.0,host2_host_timeseries.csv,2026-06-11 08:19:00.911000013
1781165940.911,39.91,host2,/node[name=host2]/bm/disks/disk[name=loop2],100,100.0,100.0,host2_host_timeseries.csv,2026-06-11 08:19:00.911000013
1781165940.911,39.91,host2,/node[name=host2]/bm/mem,100,100.0,100.0,host2_host_timeseries.csv,2026-06-11 08:19:00.911000013
1781165940.911,39.91,host2,/node[name=host2]/bm/proc,100,100.0,100.0,host2_host_timeseries.csv,2026-06-11 08:19:00.911000013
1781165940.911,39.91,host2,/node[name=host2]/bm/net,100,100.0,100.0,host2_host_timeseries.csv,2026-06-11 08:19:00.911000013
1781165940.911,39.91,host2,/node[name=host2]/bm/net/if[name=docker0],100,100.0,100.0,host2_host_timeseries.csv,2026-06-11 08:19:00.911000013
1781165940.911,39.91,host2,/node[name=host2]/bm/net/if[name=br-858e2815bf25],100,100.0,100.0,host2_host_timeseries.csv,2026-06-11 08:19:00.911000013
1781165940.911,39.91,host2,/node[name=host2]/bm/net/if[name=enp0s9],100,100.0,100.0,host2_host_timeseries.csv,2026-06-11 08:19:00.911000013
1781165940.911,39.91,host2,/node[name=host2]/bm/net/if[name=lo],100,100.0,100.0,host2_host_timeseries.csv,2026-06-11 08:19:00.911000013
1781165940.912,39.91,host2,/node[name=host2]/bm/net/if[name=enp0s8],100,100.0,100.0,host2_host_timeseries.csv,2026-06-11 08:19:00.911999941
1781165940.912,39.91,host2,/node[name=host2]/bm/net/if[name=enp0s3],100,100.0,100.0,host2_host_timeseries.csv,2026-06-11 08:19:00.911999941
1781165951.014,50.01,host2,/node[name=host2],100,100.0,100.0,host2_host_timeseries.csv,2026-06-11 08:19:11.013999939
1781165951.014,50.01,host2,/node[name=host2]/bm,100,100.0,100.0,host2_host_timeseries.csv,2026-06-11 08:19:11.013999939
1781165951.014,50.01,host2,/node[name=host2]/bm/cpus,100,100.0,100.0,host2_host_timeseries.csv,2026-06-11 08:19:11.013999939
1781165951.014,50.01,host2,/node[name=host2]/bm/cpus/cpu[name=cpu],100,100.0,100.0,host2_host_timeseries.csv,2026-06-11 08:19:11.013999939
1781165951.014,50.01,host2,/node[name=host2]/bm/cpus/cpu[name=cpu1],100,100.0,100.0,host2_host_timeseries.csv,2026-06-11 08:19:11.013999939
1781165951.015,50.01,host2,/node[name=host2]/bm/cpus/cpu[name=cpu0],100,100.0,100.0,host2_host_timeseries.csv,2026-06-11 08:19:11.015000105
1781165951.015,50.01,host2,/node[name=host2]/bm/sensors,100,100.0,100.0,host2_host_timeseries.csv,2026-06-11 08:19:11.015000105
1781165951.015,50.01,host2,/node[name=host2]/bm/disks,100,100.0,100.0,host2_host_timeseries.csv,2026-06-11 08:19:11.015000105
1781165951.015,50.01,host2,/node[name=host2]/bm/disks/disk[name=cgroup2],100,100.0,100.0,host2_host_timeseries.csv,2026-06-11 08:19:11.015000105
1781165951.015,50.01,host2,/node[name=host2]/bm/disks/disk[name=loop5],100,100.0,100.0,host2_host_timeseries.csv,2026-06-11 08:19:11.015000105
1781165951.015,50.01,host2,/node[name=host2]/bm/disks/disk[name=sda2],100,100.0,100.0,host2_host_timeseries.csv,2026-06-11 08:19:11.015000105
1781165951.015,50.01,host2,/node[name=host2]/bm/disks/disk[name=systemd-1],100,100.0,100.0,host2_host_timeseries.csv,2026-06-11 08:19:11.015000105
1781165951.015,50.01,host2,/node[name=host2]/bm/disks/disk[name=loop3],100,100.0,100.0,host2_host_timeseries.csv,2026-06-11 08:19:11.015000105
1781165951.016,50.01,host2,/node[name=host2]/bm/disks/disk[name=loop4],100,100.0,100.0,host2_host_timeseries.csv,2026-06-11 08:19:11.016000032
1781165951.016,50.01,host2,/node[name=host2]/bm/disks/disk[name=loop0],100,100.0,100.0,host2_host_timeseries.csv,2026-06-11 08:19:11.016000032
1781165951.016,50.01,host2,/node[name=host2]/bm/disks/disk[name=loop1],100,100.0,100.0,host2_host_timeseries.csv,2026-06-11 08:19:11.016000032
1781165951.016,50.01,host2,/node[name=host2]/bm/disks/disk[name=loop2],100,100.0,100.0,host2_host_timeseries.csv,2026-06-11 08:19:11.016000032
1781165951.016,50.01,host2,/node[name=host2]/bm/mem,100,100.0,100.0,host2_host_timeseries.csv,2026-06-11 08:19:11.016000032
1781165951.016,50.01,host2,/node[name=host2]/bm/proc,100,100.0,100.0,host2_host_timeseries.csv,2026-06-11 08:19:11.016000032
1781165951.016,50.01,host2,/node[name=host2]/bm/net,100,100.0,100.0,host2_host_timeseries.csv,2026-06-11 08:19:11.016000032
1781165951.016,50.01,host2,/node[name=host2]/bm/net/if[name=docker0],100,100.0,100.0,host2_host_timeseries.csv,2026-06-11 08:19:11.016000032
1781165951.016,50.01,host2,/node[name=host2]/bm/net/if[name=br-858e2815bf25],100,100.0,100.0,host2_host_timeseries.csv,2026-06-11 08:19:11.016000032
1781165951.016,50.01,host2,/node[name=host2]/bm/net/if[name=enp0s9],100,100.0,100.0,host2_host_timeseries.csv,2026-06-11 08:19:11.016000032
1781165951.017,50.01,host2,/node[name=host2]/bm/net/if[name=lo],100,100.0,100.0,host2_host_timeseries.csv,2026-06-11 08:19:11.016999960
1781165951.017,50.01,host2,/node[name=host2]/bm/net/if[name=enp0s8],100,100.0,100.0,host2_host_timeseries.csv,2026-06-11 08:19:11.016999960
1781165951.017,50.01,host2,/node[name=host2]/bm/net/if[name=enp0s3],100,100.0,100.0,host2_host_timeseries.csv,2026-06-11 08:19:11.016999960
1781165960.992,59.99,host2,/node[name=host2],100,100.0,100.0,host2_host_timeseries.csv,2026-06-11 08:19:20.992000103
1781165960.992,59.99,host2,/node[name=host2]/bm,100,100.0,100.0,host2_host_timeseries.csv,2026-06-11 08:19:20.992000103
1781165960.992,59.99,host2,/node[name=host2]/bm/cpus,100,100.0,100.0,host2_host_timeseries.csv,2026-06-11 08:19:20.992000103
1781165960.992,59.99,host2,/node[name=host2]/bm/cpus/cpu[name=cpu],100,100.0,100.0,host2_host_timeseries.csv,2026-06-11 08:19:20.992000103
1781165960.992,59.99,host2,/node[name=host2]/bm/cpus/cpu[name=cpu1],100,100.0,100.0,host2_host_timeseries.csv,2026-06-11 08:19:20.992000103
1781165960.992,59.99,host2,/node[name=host2]/bm/cpus/cpu[name=cpu0],100,100.0,100.0,host2_host_timeseries.csv,2026-06-11 08:19:20.992000103
1781165960.992,59.99,host2,/node[name=host2]/bm/sensors,100,100.0,100.0,host2_host_timeseries.csv,2026-06-11 08:19:20.992000103
1781165960.992,59.99,host2,/node[name=host2]/bm/disks,100,100.0,100.0,host2_host_timeseries.csv,2026-06-11 08:19:20.992000103
1781165960.992,59.99,host2,/node[name=host2]/bm/disks/disk[name=cgroup2],100,100.0,100.0,host2_host_timeseries.csv,2026-06-11 08:19:20.992000103
1781165960.993,59.99,host2,/node[name=host2]/bm/disks/disk[name=loop5],100,100.0,100.0,host2_host_timeseries.csv,2026-06-11 08:19:20.993000031
1781165960.993,59.99,host2,/node[name=host2]/bm/disks/disk[name=sda2],100,100.0,100.0,host2_host_timeseries.csv,2026-06-11 08:19:20.993000031
1781165960.993,59.99,host2,/node[name=host2]/bm/disks/disk[name=systemd-1],100,100.0,100.0,host2_host_timeseries.csv,2026-06-11 08:19:20.993000031
1781165960.993,59.99,host2,/node[name=host2]/bm/disks/disk[name=loop3],100,100.0,100.0,host2_host_timeseries.csv,2026-06-11 08:19:20.993000031
1781165960.993,59.99,host2,/node[name=host2]/bm/disks/disk[name=loop4],100,100.0,100.0,host2_host_timeseries.csv,2026-06-11 08:19:20.993000031
1781165960.993,59.99,host2,/node[name=host2]/bm/disks/disk[name=loop0],100,100.0,100.0,host2_host_timeseries.csv,2026-06-11 08:19:20.993000031
1781165960.993,59.99,host2,/node[name=host2]/bm/disks/disk[name=loop1],100,100.0,100.0,host2_host_timeseries.csv,2026-06-11 08:19:20.993000031
1781165960.993,59.99,host2,/node[name=host2]/bm/disks/disk[name=loop2],100,100.0,100.0,host2_host_timeseries.csv,2026-06-11 08:19:20.993000031
1781165960.993,59.99,host2,/node[name=host2]/bm/mem,100,100.0,100.0,host2_host_timeseries.csv,2026-06-11 08:19:20.993000031
1781165960.993,59.99,host2,/node[name=host2]/bm/proc,100,100.0,100.0,host2_host_timeseries.csv,2026-06-11 08:19:20.993000031
1781165960.993,59.99,host2,/node[name=host2]/bm/net,100,100.0,100.0,host2_host_timeseries.csv,2026-06-11 08:19:20.993000031
1781165960.993,59.99,host2,/node[name=host2]/bm/net/if[name=docker0],100,100.0,100.0,host2_host_timeseries.csv,2026-06-11 08:19:20.993000031
1781165960.994,59.99,host2,/node[name=host2]/bm/net/if[name=br-858e2815bf25],100,100.0,100.0,host2_host_timeseries.csv,2026-06-11 08:19:20.993999958
1781165960.994,59.99,host2,/node[name=host2]/bm/net/if[name=enp0s9],100,100.0,100.0,host2_host_timeseries.csv,2026-06-11 08:19:20.993999958
1781165960.994,59.99,host2,/node[name=host2]/bm/net/if[name=lo],100,100.0,100.0,host2_host_timeseries.csv,2026-06-11 08:19:20.993999958
1781165960.994,59.99,host2,/node[name=host2]/bm/net/if[name=enp0s8],100,100.0,100.0,host2_host_timeseries.csv,2026-06-11 08:19:20.993999958
1781165960.994,59.99,host2,/node[name=host2]/bm/net/if[name=enp0s3],100,100.0,100.0,host2_host_timeseries.csv,2026-06-11 08:19:20.993999958
1781165971.097,70.09,host2,/node[name=host2],100,100.0,100.0,host2_host_timeseries.csv,2026-06-11 08:19:31.096999884
1781165971.097,70.09,host2,/node[name=host2]/bm,100,100.0,100.0,host2_host_timeseries.csv,2026-06-11 08:19:31.096999884
1781165971.097,70.09,host2,/node[name=host2]/bm/cpus,100,100.0,100.0,host2_host_timeseries.csv,2026-06-11 08:19:31.096999884
1781165971.097,70.09,host2,/node[name=host2]/bm/cpus/cpu[name=cpu],100,100.0,100.0,host2_host_timeseries.csv,2026-06-11 08:19:31.096999884
1781165971.097,70.09,host2,/node[name=host2]/bm/cpus/cpu[name=cpu1],100,100.0,100.0,host2_host_timeseries.csv,2026-06-11 08:19:31.096999884
1781165971.097,70.09,host2,/node[name=host2]/bm/cpus/cpu[name=cpu0],100,100.0,100.0,host2_host_timeseries.csv,2026-06-11 08:19:31.096999884
1781165971.097,70.09,host2,/node[name=host2]/bm/sensors,100,100.0,100.0,host2_host_timeseries.csv,2026-06-11 08:19:31.096999884
1781165971.097,70.09,host2,/node[name=host2]/bm/disks,100,100.0,100.0,host2_host_timeseries.csv,2026-06-11 08:19:31.096999884
1781165971.097,70.09,host2,/node[name=host2]/bm/disks/disk[name=cgroup2],100,100.0,100.0,host2_host_timeseries.csv,2026-06-11 08:19:31.096999884
1781165971.097,70.09,host2,/node[name=host2]/bm/disks/disk[name=loop5],100,100.0,100.0,host2_host_timeseries.csv,2026-06-11 08:19:31.096999884
1781165971.097,70.09,host2,/node[name=host2]/bm/disks/disk[name=sda2],100,100.0,100.0,host2_host_timeseries.csv,2026-06-11 08:19:31.096999884
1781165971.098,70.09,host2,/node[name=host2]/bm/disks/disk[name=systemd-1],100,100.0,100.0,host2_host_timeseries.csv,2026-06-11 08:19:31.098000050
1781165971.098,70.09,host2,/node[name=host2]/bm/disks/disk[name=loop3],100,100.0,100.0,host2_host_timeseries.csv,2026-06-11 08:19:31.098000050
1781165971.098,70.09,host2,/node[name=host2]/bm/disks/disk[name=loop4],100,100.0,100.0,host2_host_timeseries.csv,2026-06-11 08:19:31.098000050
1781165971.098,70.09,host2,/node[name=host2]/bm/disks/disk[name=loop0],100,100.0,100.0,host2_host_timeseries.csv,2026-06-11 08:19:31.098000050
1781165971.098,70.09,host2,/node[name=host2]/bm/disks/disk[name=loop1],100,100.0,100.0,host2_host_timeseries.csv,2026-06-11 08:19:31.098000050
1781165971.098,70.09,host2,/node[name=host2]/bm/disks/disk[name=loop2],100,100.0,100.0,host2_host_timeseries.csv,2026-06-11 08:19:31.098000050
1781165971.098,70.09,host2,/node[name=host2]/bm/mem,100,100.0,100.0,host2_host_timeseries.csv,2026-06-11 08:19:31.098000050
1781165971.098,70.09,host2,/node[name=host2]/bm/proc,100,100.0,100.0,host2_host_timeseries.csv,2026-06-11 08:19:31.098000050
1781165971.098,70.09,host2,/node[name=host2]/bm/net,100,100.0,100.0,host2_host_timeseries.csv,2026-06-11 08:19:31.098000050
1781165971.098,70.09,host2,/node[name=host2]/bm/net/if[name=docker0],100,100.0,100.0,host2_host_timeseries.csv,2026-06-11 08:19:31.098000050
1781165971.098,70.09,host2,/node[name=host2]/bm/net/if[name=br-858e2815bf25],100,100.0,100.0,host2_host_timeseries.csv,2026-06-11 08:19:31.098000050
1781165971.098,70.09,host2,/node[name=host2]/bm/net/if[name=enp0s9],100,100.0,100.0,host2_host_timeseries.csv,2026-06-11 08:19:31.098000050
1781165971.098,70.09,host2,/node[name=host2]/bm/net/if[name=lo],100,100.0,100.0,host2_host_timeseries.csv,2026-06-11 08:19:31.098000050
1781165971.098,70.09,host2,/node[name=host2]/bm/net/if[name=enp0s8],100,100.0,100.0,host2_host_timeseries.csv,2026-06-11 08:19:31.098000050
1781165971.098,70.09,host2,/node[name=host2]/bm/net/if[name=enp0s3],100,100.0,100.0,host2_host_timeseries.csv,2026-06-11 08:19:31.098000050
1781165981.186,80.18,host2,/node[name=host2],100,100.0,100.0,host2_host_timeseries.csv,2026-06-11 08:19:41.186000109
1781165981.186,80.18,host2,/node[name=host2]/bm,100,100.0,100.0,host2_host_timeseries.csv,2026-06-11 08:19:41.186000109
1781165981.186,80.18,host2,/node[name=host2]/bm/cpus,100,100.0,100.0,host2_host_timeseries.csv,2026-06-11 08:19:41.186000109
1781165981.187,80.18,host2,/node[name=host2]/bm/cpus/cpu[name=cpu],100,100.0,100.0,host2_host_timeseries.csv,2026-06-11 08:19:41.187000036
1781165981.187,80.18,host2,/node[name=host2]/bm/cpus/cpu[name=cpu1],100,100.0,100.0,host2_host_timeseries.csv,2026-06-11 08:19:41.187000036
1781165981.187,80.18,host2,/node[name=host2]/bm/cpus/cpu[name=cpu0],100,100.0,100.0,host2_host_timeseries.csv,2026-06-11 08:19:41.187000036
1781165981.187,80.18,host2,/node[name=host2]/bm/sensors,100,100.0,100.0,host2_host_timeseries.csv,2026-06-11 08:19:41.187000036
1781165981.187,80.18,host2,/node[name=host2]/bm/disks,100,100.0,100.0,host2_host_timeseries.csv,2026-06-11 08:19:41.187000036
1781165981.187,80.18,host2,/node[name=host2]/bm/disks/disk[name=cgroup2],100,100.0,100.0,host2_host_timeseries.csv,2026-06-11 08:19:41.187000036
1781165981.187,80.18,host2,/node[name=host2]/bm/disks/disk[name=loop5],100,100.0,100.0,host2_host_timeseries.csv,2026-06-11 08:19:41.187000036
1781165981.187,80.18,host2,/node[name=host2]/bm/disks/disk[name=sda2],100,100.0,100.0,host2_host_timeseries.csv,2026-06-11 08:19:41.187000036
1781165981.187,80.18,host2,/node[name=host2]/bm/disks/disk[name=systemd-1],100,100.0,100.0,host2_host_timeseries.csv,2026-06-11 08:19:41.187000036
1781165981.187,80.18,host2,/node[name=host2]/bm/disks/disk[name=loop3],100,100.0,100.0,host2_host_timeseries.csv,2026-06-11 08:19:41.187000036
1781165981.187,80.18,host2,/node[name=host2]/bm/disks/disk[name=loop4],100,100.0,100.0,host2_host_timeseries.csv,2026-06-11 08:19:41.187000036
1781165981.187,80.18,host2,/node[name=host2]/bm/disks/disk[name=loop0],100,100.0,100.0,host2_host_timeseries.csv,2026-06-11 08:19:41.187000036
1781165981.187,80.18,host2,/node[name=host2]/bm/disks/disk[name=loop1],100,100.0,100.0,host2_host_timeseries.csv,2026-06-11 08:19:41.187000036
1781165981.188,80.18,host2,/node[name=host2]/bm/disks/disk[name=loop2],100,100.0,100.0,host2_host_timeseries.csv,2026-06-11 08:19:41.187999964
1781165981.188,80.18,host2,/node[name=host2]/bm/mem,100,100.0,100.0,host2_host_timeseries.csv,2026-06-11 08:19:41.187999964
1781165981.188,80.18,host2,/node[name=host2]/bm/proc,100,100.0,100.0,host2_host_timeseries.csv,2026-06-11 08:19:41.187999964
1781165981.188,80.18,host2,/node[name=host2]/bm/net,100,100.0,100.0,host2_host_timeseries.csv,2026-06-11 08:19:41.187999964
1781165981.188,80.18,host2,/node[name=host2]/bm/net/if[name=docker0],100,100.0,100.0,host2_host_timeseries.csv,2026-06-11 08:19:41.187999964
1781165981.188,80.18,host2,/node[name=host2]/bm/net/if[name=br-858e2815bf25],100,100.0,100.0,host2_host_timeseries.csv,2026-06-11 08:19:41.187999964
1781165981.188,80.18,host2,/node[name=host2]/bm/net/if[name=enp0s9],100,100.0,100.0,host2_host_timeseries.csv,2026-06-11 08:19:41.187999964
1781165981.188,80.18,host2,/node[name=host2]/bm/net/if[name=lo],100,100.0,100.0,host2_host_timeseries.csv,2026-06-11 08:19:41.187999964
1781165981.188,80.18,host2,/node[name=host2]/bm/net/if[name=enp0s8],100,100.0,100.0,host2_host_timeseries.csv,2026-06-11 08:19:41.187999964
1781165981.188,80.18,host2,/node[name=host2]/bm/net/if[name=enp0s3],100,100.0,100.0,host2_host_timeseries.csv,2026-06-11 08:19:41.187999964
1781165991.274,90.27,host2,/node[name=host2],100,100.0,100.0,host2_host_timeseries.csv,2026-06-11 08:19:51.273999929
1781165991.274,90.27,host2,/node[name=host2]/bm,100,100.0,100.0,host2_host_timeseries.csv,2026-06-11 08:19:51.273999929
1781165991.274,90.27,host2,/node[name=host2]/bm/cpus,100,100.0,100.0,host2_host_timeseries.csv,2026-06-11 08:19:51.273999929
1781165991.274,90.27,host2,/node[name=host2]/bm/cpus/cpu[name=cpu],100,100.0,100.0,host2_host_timeseries.csv,2026-06-11 08:19:51.273999929
1781165991.274,90.27,host2,/node[name=host2]/bm/cpus/cpu[name=cpu1],100,100.0,100.0,host2_host_timeseries.csv,2026-06-11 08:19:51.273999929
1781165991.274,90.27,host2,/node[name=host2]/bm/cpus/cpu[name=cpu0],100,100.0,100.0,host2_host_timeseries.csv,2026-06-11 08:19:51.273999929
1781165991.274,90.27,host2,/node[name=host2]/bm/sensors,100,100.0,100.0,host2_host_timeseries.csv,2026-06-11 08:19:51.273999929
1781165991.274,90.27,host2,/node[name=host2]/bm/disks,100,100.0,100.0,host2_host_timeseries.csv,2026-06-11 08:19:51.273999929
1781165991.274,90.27,host2,/node[name=host2]/bm/disks/disk[name=cgroup2],100,100.0,100.0,host2_host_timeseries.csv,2026-06-11 08:19:51.273999929
1781165991.274,90.27,host2,/node[name=host2]/bm/disks/disk[name=loop5],100,100.0,100.0,host2_host_timeseries.csv,2026-06-11 08:19:51.273999929
1781165991.274,90.27,host2,/node[name=host2]/bm/disks/disk[name=sda2],100,100.0,100.0,host2_host_timeseries.csv,2026-06-11 08:19:51.273999929
1781165991.274,90.27,host2,/node[name=host2]/bm/disks/disk[name=systemd-1],100,100.0,100.0,host2_host_timeseries.csv,2026-06-11 08:19:51.273999929
1781165991.274,90.27,host2,/node[name=host2]/bm/disks/disk[name=loop3],100,100.0,100.0,host2_host_timeseries.csv,2026-06-11 08:19:51.273999929
1781165991.274,90.27,host2,/node[name=host2]/bm/disks/disk[name=loop4],100,100.0,100.0,host2_host_timeseries.csv,2026-06-11 08:19:51.273999929
1781165991.275,90.27,host2,/node[name=host2]/bm/disks/disk[name=loop0],100,100.0,100.0,host2_host_timeseries.csv,2026-06-11 08:19:51.275000095
1781165991.275,90.27,host2,/node[name=host2]/bm/disks/disk[name=loop1],100,100.0,100.0,host2_host_timeseries.csv,2026-06-11 08:19:51.275000095
1781165991.275,90.27,host2,/node[name=host2]/bm/disks/disk[name=loop2],100,100.0,100.0,host2_host_timeseries.csv,2026-06-11 08:19:51.275000095
1781165991.275,90.27,host2,/node[name=host2]/bm/mem,100,100.0,100.0,host2_host_timeseries.csv,2026-06-11 08:19:51.275000095
1781165991.275,90.27,host2,/node[name=host2]/bm/proc,100,100.0,100.0,host2_host_timeseries.csv,2026-06-11 08:19:51.275000095
1781165991.275,90.27,host2,/node[name=host2]/bm/net,100,100.0,100.0,host2_host_timeseries.csv,2026-06-11 08:19:51.275000095
1781165991.275,90.27,host2,/node[name=host2]/bm/net/if[name=docker0],100,100.0,100.0,host2_host_timeseries.csv,2026-06-11 08:19:51.275000095
1781165991.275,90.27,host2,/node[name=host2]/bm/net/if[name=br-858e2815bf25],100,100.0,100.0,host2_host_timeseries.csv,2026-06-11 08:19:51.275000095
1781165991.275,90.27,host2,/node[name=host2]/bm/net/if[name=enp0s9],100,100.0,100.0,host2_host_timeseries.csv,2026-06-11 08:19:51.275000095
1781165991.275,90.27,host2,/node[name=host2]/bm/net/if[name=lo],100,100.0,100.0,host2_host_timeseries.csv,2026-06-11 08:19:51.275000095
1781165991.275,90.27,host2,/node[name=host2]/bm/net/if[name=enp0s8],100,100.0,100.0,host2_host_timeseries.csv,2026-06-11 08:19:51.275000095
1781165991.275,90.27,host2,/node[name=host2]/bm/net/if[name=enp0s3],100,100.0,100.0,host2_host_timeseries.csv,2026-06-11 08:19:51.275000095
1781166001.328,100.32,host2,/node[name=host2],100,100.0,100.0,host2_host_timeseries.csv,2026-06-11 08:20:01.328000069
1781166001.328,100.32,host2,/node[name=host2]/bm,100,100.0,100.0,host2_host_timeseries.csv,2026-06-11 08:20:01.328000069
1781166001.328,100.32,host2,/node[name=host2]/bm/cpus,100,100.0,100.0,host2_host_timeseries.csv,2026-06-11 08:20:01.328000069
1781166001.328,100.32,host2,/node[name=host2]/bm/cpus/cpu[name=cpu],100,100.0,100.0,host2_host_timeseries.csv,2026-06-11 08:20:01.328000069
1781166001.329,100.32,host2,/node[name=host2]/bm/cpus/cpu[name=cpu1],100,100.0,100.0,host2_host_timeseries.csv,2026-06-11 08:20:01.328999996
1781166001.329,100.33,host2,/node[name=host2]/bm/cpus/cpu[name=cpu0],100,100.0,100.0,host2_host_timeseries.csv,2026-06-11 08:20:01.328999996
1781166001.329,100.33,host2,/node[name=host2]/bm/sensors,100,100.0,100.0,host2_host_timeseries.csv,2026-06-11 08:20:01.328999996
1781166001.329,100.33,host2,/node[name=host2]/bm/disks,100,100.0,100.0,host2_host_timeseries.csv,2026-06-11 08:20:01.328999996
1781166001.329,100.33,host2,/node[name=host2]/bm/disks/disk[name=cgroup2],100,100.0,100.0,host2_host_timeseries.csv,2026-06-11 08:20:01.328999996
1781166001.329,100.33,host2,/node[name=host2]/bm/disks/disk[name=loop5],100,100.0,100.0,host2_host_timeseries.csv,2026-06-11 08:20:01.328999996
1781166001.329,100.33,host2,/node[name=host2]/bm/disks/disk[name=sda2],100,100.0,100.0,host2_host_timeseries.csv,2026-06-11 08:20:01.328999996
1781166001.329,100.33,host2,/node[name=host2]/bm/disks/disk[name=systemd-1],100,100.0,100.0,host2_host_timeseries.csv,2026-06-11 08:20:01.328999996
1781166001.329,100.33,host2,/node[name=host2]/bm/disks/disk[name=loop3],100,100.0,100.0,host2_host_timeseries.csv,2026-06-11 08:20:01.328999996
1781166001.329,100.33,host2,/node[name=host2]/bm/disks/disk[name=loop4],100,100.0,100.0,host2_host_timeseries.csv,2026-06-11 08:20:01.328999996
1781166001.329,100.33,host2,/node[name=host2]/bm/disks/disk[name=loop0],100,100.0,100.0,host2_host_timeseries.csv,2026-06-11 08:20:01.328999996
1781166001.329,100.33,host2,/node[name=host2]/bm/disks/disk[name=loop1],100,100.0,100.0,host2_host_timeseries.csv,2026-06-11 08:20:01.328999996
1781166001.329,100.33,host2,/node[name=host2]/bm/disks/disk[name=loop2],100,100.0,100.0,host2_host_timeseries.csv,2026-06-11 08:20:01.328999996
1781166001.33,100.33,host2,/node[name=host2]/bm/mem,100,100.0,100.0,host2_host_timeseries.csv,2026-06-11 08:20:01.329999924
1781166001.33,100.33,host2,/node[name=host2]/bm/proc,100,100.0,100.0,host2_host_timeseries.csv,2026-06-11 08:20:01.329999924
1781166001.33,100.33,host2,/node[name=host2]/bm/net,100,100.0,100.0,host2_host_timeseries.csv,2026-06-11 08:20:01.329999924
1781166001.33,100.33,host2,/node[name=host2]/bm/net/if[name=docker0],100,100.0,100.0,host2_host_timeseries.csv,2026-06-11 08:20:01.329999924
1781166001.33,100.33,host2,/node[name=host2]/bm/net/if[name=br-858e2815bf25],100,100.0,100.0,host2_host_timeseries.csv,2026-06-11 08:20:01.329999924
1781166001.33,100.33,host2,/node[name=host2]/bm/net/if[name=enp0s9],100,100.0,100.0,host2_host_timeseries.csv,2026-06-11 08:20:01.329999924
1781166001.33,100.33,host2,/node[name=host2]/bm/net/if[name=lo],100,100.0,100.0,host2_host_timeseries.csv,2026-06-11 08:20:01.329999924
1781166001.33,100.33,host2,/node[name=host2]/bm/net/if[name=enp0s8],100,100.0,100.0,host2_host_timeseries.csv,2026-06-11 08:20:01.329999924
1781166001.33,100.33,host2,/node[name=host2]/bm/net/if[name=enp0s3],100,100.0,100.0,host2_host_timeseries.csv,2026-06-11 08:20:01.329999924
1781166011.387,110.38,host2,/node[name=host2],100,100.0,100.0,host2_host_timeseries.csv,2026-06-11 08:20:11.387000084
1781166011.388,110.38,host2,/node[name=host2]/bm,100,100.0,100.0,host2_host_timeseries.csv,2026-06-11 08:20:11.388000011
1781166011.388,110.38,host2,/node[name=host2]/bm/cpus,100,100.0,100.0,host2_host_timeseries.csv,2026-06-11 08:20:11.388000011
1781166011.388,110.38,host2,/node[name=host2]/bm/cpus/cpu[name=cpu],100,100.0,100.0,host2_host_timeseries.csv,2026-06-11 08:20:11.388000011
1781166011.388,110.38,host2,/node[name=host2]/bm/cpus/cpu[name=cpu1],100,100.0,100.0,host2_host_timeseries.csv,2026-06-11 08:20:11.388000011
1781166011.388,110.38,host2,/node[name=host2]/bm/cpus/cpu[name=cpu0],100,100.0,100.0,host2_host_timeseries.csv,2026-06-11 08:20:11.388000011
1781166011.388,110.38,host2,/node[name=host2]/bm/sensors,100,100.0,100.0,host2_host_timeseries.csv,2026-06-11 08:20:11.388000011
1781166011.388,110.38,host2,/node[name=host2]/bm/disks,100,100.0,100.0,host2_host_timeseries.csv,2026-06-11 08:20:11.388000011
1781166011.388,110.38,host2,/node[name=host2]/bm/disks/disk[name=cgroup2],100,100.0,100.0,host2_host_timeseries.csv,2026-06-11 08:20:11.388000011
1781166011.388,110.38,host2,/node[name=host2]/bm/disks/disk[name=loop5],100,100.0,100.0,host2_host_timeseries.csv,2026-06-11 08:20:11.388000011
1781166011.388,110.38,host2,/node[name=host2]/bm/disks/disk[name=sda2],100,100.0,100.0,host2_host_timeseries.csv,2026-06-11 08:20:11.388000011
1781166011.389,110.38,host2,/node[name=host2]/bm/disks/disk[name=systemd-1],100,100.0,100.0,host2_host_timeseries.csv,2026-06-11 08:20:11.388999939
1781166011.389,110.39,host2,/node[name=host2]/bm/disks/disk[name=loop3],100,100.0,100.0,host2_host_timeseries.csv,2026-06-11 08:20:11.388999939
1781166011.389,110.39,host2,/node[name=host2]/bm/disks/disk[name=loop4],100,100.0,100.0,host2_host_timeseries.csv,2026-06-11 08:20:11.388999939
1781166011.389,110.39,host2,/node[name=host2]/bm/disks/disk[name=loop0],100,100.0,100.0,host2_host_timeseries.csv,2026-06-11 08:20:11.388999939
1781166011.389,110.39,host2,/node[name=host2]/bm/disks/disk[name=loop1],100,100.0,100.0,host2_host_timeseries.csv,2026-06-11 08:20:11.388999939
1781166011.389,110.39,host2,/node[name=host2]/bm/disks/disk[name=loop2],100,100.0,100.0,host2_host_timeseries.csv,2026-06-11 08:20:11.388999939
1781166011.389,110.39,host2,/node[name=host2]/bm/mem,100,100.0,100.0,host2_host_timeseries.csv,2026-06-11 08:20:11.388999939
1781166011.389,110.39,host2,/node[name=host2]/bm/proc,100,100.0,100.0,host2_host_timeseries.csv,2026-06-11 08:20:11.388999939
1781166011.389,110.39,host2,/node[name=host2]/bm/net,100,100.0,100.0,host2_host_timeseries.csv,2026-06-11 08:20:11.388999939
1781166011.389,110.39,host2,/node[name=host2]/bm/net/if[name=docker0],100,100.0,100.0,host2_host_timeseries.csv,2026-06-11 08:20:11.388999939
1781166011.389,110.39,host2,/node[name=host2]/bm/net/if[name=br-858e2815bf25],100,100.0,100.0,host2_host_timeseries.csv,2026-06-11 08:20:11.388999939
1781166011.389,110.39,host2,/node[name=host2]/bm/net/if[name=enp0s9],100,100.0,100.0,host2_host_timeseries.csv,2026-06-11 08:20:11.388999939
1781166011.39,110.39,host2,/node[name=host2]/bm/net/if[name=lo],100,100.0,100.0,host2_host_timeseries.csv,2026-06-11 08:20:11.390000105
1781166011.39,110.39,host2,/node[name=host2]/bm/net/if[name=enp0s8],100,100.0,100.0,host2_host_timeseries.csv,2026-06-11 08:20:11.390000105
1781166011.39,110.39,host2,/node[name=host2]/bm/net/if[name=enp0s3],100,100.0,100.0,host2_host_timeseries.csv,2026-06-11 08:20:11.390000105
1781166021.384,120.38,host2,/node[name=host2],100,100.0,100.0,host2_host_timeseries.csv,2026-06-11 08:20:21.384000063
1781166021.384,120.38,host2,/node[name=host2]/bm,100,100.0,100.0,host2_host_timeseries.csv,2026-06-11 08:20:21.384000063
1781166021.384,120.38,host2,/node[name=host2]/bm/cpus,100,100.0,100.0,host2_host_timeseries.csv,2026-06-11 08:20:21.384000063
1781166021.384,120.38,host2,/node[name=host2]/bm/cpus/cpu[name=cpu],100,100.0,100.0,host2_host_timeseries.csv,2026-06-11 08:20:21.384000063
1781166021.384,120.38,host2,/node[name=host2]/bm/cpus/cpu[name=cpu1],100,100.0,100.0,host2_host_timeseries.csv,2026-06-11 08:20:21.384000063
1781166021.384,120.38,host2,/node[name=host2]/bm/cpus/cpu[name=cpu0],100,100.0,100.0,host2_host_timeseries.csv,2026-06-11 08:20:21.384000063
1781166021.384,120.38,host2,/node[name=host2]/bm/sensors,100,100.0,100.0,host2_host_timeseries.csv,2026-06-11 08:20:21.384000063
1781166021.384,120.38,host2,/node[name=host2]/bm/disks,100,100.0,100.0,host2_host_timeseries.csv,2026-06-11 08:20:21.384000063
1781166021.384,120.38,host2,/node[name=host2]/bm/disks/disk[name=cgroup2],100,100.0,100.0,host2_host_timeseries.csv,2026-06-11 08:20:21.384000063
1781166021.385,120.38,host2,/node[name=host2]/bm/disks/disk[name=loop5],100,100.0,100.0,host2_host_timeseries.csv,2026-06-11 08:20:21.384999990
1781166021.385,120.38,host2,/node[name=host2]/bm/disks/disk[name=sda2],100,100.0,100.0,host2_host_timeseries.csv,2026-06-11 08:20:21.384999990
1781166021.385,120.38,host2,/node[name=host2]/bm/disks/disk[name=systemd-1],100,100.0,100.0,host2_host_timeseries.csv,2026-06-11 08:20:21.384999990
1781166021.385,120.38,host2,/node[name=host2]/bm/disks/disk[name=loop3],100,100.0,100.0,host2_host_timeseries.csv,2026-06-11 08:20:21.384999990
1781166021.385,120.38,host2,/node[name=host2]/bm/disks/disk[name=loop4],100,100.0,100.0,host2_host_timeseries.csv,2026-06-11 08:20:21.384999990
1781166021.385,120.38,host2,/node[name=host2]/bm/disks/disk[name=loop0],100,100.0,100.0,host2_host_timeseries.csv,2026-06-11 08:20:21.384999990
1781166021.385,120.38,host2,/node[name=host2]/bm/disks/disk[name=loop1],100,100.0,100.0,host2_host_timeseries.csv,2026-06-11 08:20:21.384999990
1781166021.385,120.38,host2,/node[name=host2]/bm/disks/disk[name=loop2],100,100.0,100.0,host2_host_timeseries.csv,2026-06-11 08:20:21.384999990
1781166021.385,120.38,host2,/node[name=host2]/bm/mem,100,100.0,100.0,host2_host_timeseries.csv,2026-06-11 08:20:21.384999990
1781166021.385,120.38,host2,/node[name=host2]/bm/proc,100,100.0,100.0,host2_host_timeseries.csv,2026-06-11 08:20:21.384999990
1781166021.385,120.38,host2,/node[name=host2]/bm/net,100,100.0,100.0,host2_host_timeseries.csv,2026-06-11 08:20:21.384999990
1781166021.385,120.38,host2,/node[name=host2]/bm/net/if[name=docker0],100,100.0,100.0,host2_host_timeseries.csv,2026-06-11 08:20:21.384999990
1781166021.385,120.38,host2,/node[name=host2]/bm/net/if[name=br-858e2815bf25],100,100.0,100.0,host2_host_timeseries.csv,2026-06-11 08:20:21.384999990
1781166021.385,120.38,host2,/node[name=host2]/bm/net/if[name=enp0s9],100,100.0,100.0,host2_host_timeseries.csv,2026-06-11 08:20:21.384999990
1781166021.386,120.38,host2,/node[name=host2]/bm/net/if[name=lo],100,100.0,100.0,host2_host_timeseries.csv,2026-06-11 08:20:21.385999918
1781166021.386,120.38,host2,/node[name=host2]/bm/net/if[name=enp0s8],100,100.0,100.0,host2_host_timeseries.csv,2026-06-11 08:20:21.385999918
1781166021.386,120.38,host2,/node[name=host2]/bm/net/if[name=enp0s3],100,100.0,100.0,host2_host_timeseries.csv,2026-06-11 08:20:21.385999918
1781166031.537,130.53,host2,/node[name=host2],100,100.0,100.0,host2_host_timeseries.csv,2026-06-11 08:20:31.536999941
1781166031.538,130.53,host2,/node[name=host2]/bm,100,100.0,100.0,host2_host_timeseries.csv,2026-06-11 08:20:31.538000107
1781166031.538,130.53,host2,/node[name=host2]/bm/cpus,100,100.0,100.0,host2_host_timeseries.csv,2026-06-11 08:20:31.538000107
1781166031.538,130.53,host2,/node[name=host2]/bm/cpus/cpu[name=cpu],100,100.0,100.0,host2_host_timeseries.csv,2026-06-11 08:20:31.538000107
1781166031.538,130.53,host2,/node[name=host2]/bm/cpus/cpu[name=cpu1],100,100.0,100.0,host2_host_timeseries.csv,2026-06-11 08:20:31.538000107
1781166031.538,130.53,host2,/node[name=host2]/bm/cpus/cpu[name=cpu0],100,100.0,100.0,host2_host_timeseries.csv,2026-06-11 08:20:31.538000107
1781166031.538,130.53,host2,/node[name=host2]/bm/sensors,100,100.0,100.0,host2_host_timeseries.csv,2026-06-11 08:20:31.538000107
1781166031.538,130.53,host2,/node[name=host2]/bm/disks,100,100.0,100.0,host2_host_timeseries.csv,2026-06-11 08:20:31.538000107
1781166031.538,130.53,host2,/node[name=host2]/bm/disks/disk[name=cgroup2],100,100.0,100.0,host2_host_timeseries.csv,2026-06-11 08:20:31.538000107
1781166031.539,130.54,host2,/node[name=host2]/bm/disks/disk[name=loop5],100,100.0,100.0,host2_host_timeseries.csv,2026-06-11 08:20:31.539000034
1781166031.539,130.54,host2,/node[name=host2]/bm/disks/disk[name=sda2],100,100.0,100.0,host2_host_timeseries.csv,2026-06-11 08:20:31.539000034
1781166031.539,130.54,host2,/node[name=host2]/bm/disks/disk[name=systemd-1],100,100.0,100.0,host2_host_timeseries.csv,2026-06-11 08:20:31.539000034
1781166031.539,130.54,host2,/node[name=host2]/bm/disks/disk[name=loop3],100,100.0,100.0,host2_host_timeseries.csv,2026-06-11 08:20:31.539000034
1781166031.539,130.54,host2,/node[name=host2]/bm/disks/disk[name=loop4],100,100.0,100.0,host2_host_timeseries.csv,2026-06-11 08:20:31.539000034
1781166031.539,130.54,host2,/node[name=host2]/bm/disks/disk[name=loop0],100,100.0,100.0,host2_host_timeseries.csv,2026-06-11 08:20:31.539000034
1781166031.539,130.54,host2,/node[name=host2]/bm/disks/disk[name=loop1],100,100.0,100.0,host2_host_timeseries.csv,2026-06-11 08:20:31.539000034
1781166031.539,130.54,host2,/node[name=host2]/bm/disks/disk[name=loop2],100,100.0,100.0,host2_host_timeseries.csv,2026-06-11 08:20:31.539000034
1781166031.54,130.54,host2,/node[name=host2]/bm/mem,100,100.0,100.0,host2_host_timeseries.csv,2026-06-11 08:20:31.539999962
1781166031.54,130.54,host2,/node[name=host2]/bm/proc,100,100.0,100.0,host2_host_timeseries.csv,2026-06-11 08:20:31.539999962
1781166031.54,130.54,host2,/node[name=host2]/bm/net,100,100.0,100.0,host2_host_timeseries.csv,2026-06-11 08:20:31.539999962
1781166031.54,130.54,host2,/node[name=host2]/bm/net/if[name=docker0],100,100.0,100.0,host2_host_timeseries.csv,2026-06-11 08:20:31.539999962
1781166031.54,130.54,host2,/node[name=host2]/bm/net/if[name=br-858e2815bf25],100,100.0,100.0,host2_host_timeseries.csv,2026-06-11 08:20:31.539999962
1781166031.54,130.54,host2,/node[name=host2]/bm/net/if[name=enp0s9],100,100.0,100.0,host2_host_timeseries.csv,2026-06-11 08:20:31.539999962
1781166031.54,130.54,host2,/node[name=host2]/bm/net/if[name=lo],100,100.0,100.0,host2_host_timeseries.csv,2026-06-11 08:20:31.539999962
1781166031.54,130.54,host2,/node[name=host2]/bm/net/if[name=enp0s8],100,100.0,100.0,host2_host_timeseries.csv,2026-06-11 08:20:31.539999962
1781166031.54,130.54,host2,/node[name=host2]/bm/net/if[name=enp0s3],100,100.0,100.0,host2_host_timeseries.csv,2026-06-11 08:20:31.539999962
1781166041.493,140.49,host2,/node[name=host2],100,100.0,100.0,host2_host_timeseries.csv,2026-06-11 08:20:41.493000031
1781166041.493,140.49,host2,/node[name=host2]/bm,100,100.0,100.0,host2_host_timeseries.csv,2026-06-11 08:20:41.493000031
1781166041.493,140.49,host2,/node[name=host2]/bm/cpus,100,100.0,100.0,host2_host_timeseries.csv,2026-06-11 08:20:41.493000031
1781166041.494,140.49,host2,/node[name=host2]/bm/cpus/cpu[name=cpu],100,100.0,100.0,host2_host_timeseries.csv,2026-06-11 08:20:41.493999958
1781166041.494,140.49,host2,/node[name=host2]/bm/cpus/cpu[name=cpu1],100,100.0,100.0,host2_host_timeseries.csv,2026-06-11 08:20:41.493999958
1781166041.494,140.49,host2,/node[name=host2]/bm/cpus/cpu[name=cpu0],100,100.0,100.0,host2_host_timeseries.csv,2026-06-11 08:20:41.493999958
1781166041.494,140.49,host2,/node[name=host2]/bm/sensors,100,100.0,100.0,host2_host_timeseries.csv,2026-06-11 08:20:41.493999958
1781166041.494,140.49,host2,/node[name=host2]/bm/disks,100,100.0,100.0,host2_host_timeseries.csv,2026-06-11 08:20:41.493999958
1781166041.494,140.49,host2,/node[name=host2]/bm/disks/disk[name=cgroup2],100,100.0,100.0,host2_host_timeseries.csv,2026-06-11 08:20:41.493999958
1781166041.494,140.49,host2,/node[name=host2]/bm/disks/disk[name=loop5],100,100.0,100.0,host2_host_timeseries.csv,2026-06-11 08:20:41.493999958
1781166041.494,140.49,host2,/node[name=host2]/bm/disks/disk[name=sda2],100,100.0,100.0,host2_host_timeseries.csv,2026-06-11 08:20:41.493999958
1781166041.494,140.49,host2,/node[name=host2]/bm/disks/disk[name=systemd-1],100,100.0,100.0,host2_host_timeseries.csv,2026-06-11 08:20:41.493999958
1781166041.494,140.49,host2,/node[name=host2]/bm/disks/disk[name=loop3],100,100.0,100.0,host2_host_timeseries.csv,2026-06-11 08:20:41.493999958
1781166041.494,140.49,host2,/node[name=host2]/bm/disks/disk[name=loop4],100,100.0,100.0,host2_host_timeseries.csv,2026-06-11 08:20:41.493999958
1781166041.494,140.49,host2,/node[name=host2]/bm/disks/disk[name=loop0],100,100.0,100.0,host2_host_timeseries.csv,2026-06-11 08:20:41.493999958
1781166041.495,140.49,host2,/node[name=host2]/bm/disks/disk[name=loop1],100,100.0,100.0,host2_host_timeseries.csv,2026-06-11 08:20:41.494999886
1781166041.495,140.49,host2,/node[name=host2]/bm/disks/disk[name=loop2],100,100.0,100.0,host2_host_timeseries.csv,2026-06-11 08:20:41.494999886
1781166041.495,140.49,host2,/node[name=host2]/bm/mem,100,100.0,100.0,host2_host_timeseries.csv,2026-06-11 08:20:41.494999886
1781166041.495,140.49,host2,/node[name=host2]/bm/proc,100,100.0,100.0,host2_host_timeseries.csv,2026-06-11 08:20:41.494999886
1781166041.495,140.49,host2,/node[name=host2]/bm/net,100,100.0,100.0,host2_host_timeseries.csv,2026-06-11 08:20:41.494999886
1781166041.495,140.49,host2,/node[name=host2]/bm/net/if[name=docker0],100,100.0,100.0,host2_host_timeseries.csv,2026-06-11 08:20:41.494999886
1781166041.495,140.49,host2,/node[name=host2]/bm/net/if[name=br-858e2815bf25],100,100.0,100.0,host2_host_timeseries.csv,2026-06-11 08:20:41.494999886
1781166041.495,140.49,host2,/node[name=host2]/bm/net/if[name=enp0s9],100,100.0,100.0,host2_host_timeseries.csv,2026-06-11 08:20:41.494999886
1781166041.495,140.49,host2,/node[name=host2]/bm/net/if[name=lo],100,100.0,100.0,host2_host_timeseries.csv,2026-06-11 08:20:41.494999886
1781166041.495,140.49,host2,/node[name=host2]/bm/net/if[name=enp0s8],100,100.0,100.0,host2_host_timeseries.csv,2026-06-11 08:20:41.494999886
1781166041.495,140.49,host2,/node[name=host2]/bm/net/if[name=enp0s3],100,100.0,100.0,host2_host_timeseries.csv,2026-06-11 08:20:41.494999886
1781166051.485,150.48,host2,/node[name=host2],100,100.0,100.0,host2_host_timeseries.csv,2026-06-11 08:20:51.484999895
1781166051.485,150.48,host2,/node[name=host2]/bm,100,100.0,100.0,host2_host_timeseries.csv,2026-06-11 08:20:51.484999895
1781166051.485,150.48,host2,/node[name=host2]/bm/cpus,100,100.0,100.0,host2_host_timeseries.csv,2026-06-11 08:20:51.484999895
1781166051.486,150.48,host2,/node[name=host2]/bm/cpus/cpu[name=cpu],100,100.0,100.0,host2_host_timeseries.csv,2026-06-11 08:20:51.486000061
1781166051.486,150.48,host2,/node[name=host2]/bm/cpus/cpu[name=cpu1],100,100.0,100.0,host2_host_timeseries.csv,2026-06-11 08:20:51.486000061
1781166051.486,150.48,host2,/node[name=host2]/bm/cpus/cpu[name=cpu0],100,100.0,100.0,host2_host_timeseries.csv,2026-06-11 08:20:51.486000061
1781166051.486,150.48,host2,/node[name=host2]/bm/sensors,100,100.0,100.0,host2_host_timeseries.csv,2026-06-11 08:20:51.486000061
1781166051.486,150.48,host2,/node[name=host2]/bm/disks,100,100.0,100.0,host2_host_timeseries.csv,2026-06-11 08:20:51.486000061
1781166051.486,150.48,host2,/node[name=host2]/bm/disks/disk[name=cgroup2],100,100.0,100.0,host2_host_timeseries.csv,2026-06-11 08:20:51.486000061
1781166051.486,150.48,host2,/node[name=host2]/bm/disks/disk[name=loop5],100,100.0,100.0,host2_host_timeseries.csv,2026-06-11 08:20:51.486000061
1781166051.486,150.48,host2,/node[name=host2]/bm/disks/disk[name=sda2],100,100.0,100.0,host2_host_timeseries.csv,2026-06-11 08:20:51.486000061
1781166051.486,150.48,host2,/node[name=host2]/bm/disks/disk[name=systemd-1],100,100.0,100.0,host2_host_timeseries.csv,2026-06-11 08:20:51.486000061
1781166051.486,150.48,host2,/node[name=host2]/bm/disks/disk[name=loop3],100,100.0,100.0,host2_host_timeseries.csv,2026-06-11 08:20:51.486000061
1781166051.486,150.48,host2,/node[name=host2]/bm/disks/disk[name=loop4],100,100.0,100.0,host2_host_timeseries.csv,2026-06-11 08:20:51.486000061
1781166051.486,150.48,host2,/node[name=host2]/bm/disks/disk[name=loop0],100,100.0,100.0,host2_host_timeseries.csv,2026-06-11 08:20:51.486000061
1781166051.486,150.48,host2,/node[name=host2]/bm/disks/disk[name=loop1],100,100.0,100.0,host2_host_timeseries.csv,2026-06-11 08:20:51.486000061
1781166051.486,150.48,host2,/node[name=host2]/bm/disks/disk[name=loop2],100,100.0,100.0,host2_host_timeseries.csv,2026-06-11 08:20:51.486000061
1781166051.486,150.48,host2,/node[name=host2]/bm/mem,100,100.0,100.0,host2_host_timeseries.csv,2026-06-11 08:20:51.486000061
1781166051.487,150.48,host2,/node[name=host2]/bm/proc,100,100.0,100.0,host2_host_timeseries.csv,2026-06-11 08:20:51.486999989
1781166051.487,150.48,host2,/node[name=host2]/bm/net,100,100.0,100.0,host2_host_timeseries.csv,2026-06-11 08:20:51.486999989
1781166051.487,150.48,host2,/node[name=host2]/bm/net/if[name=docker0],100,100.0,100.0,host2_host_timeseries.csv,2026-06-11 08:20:51.486999989
1781166051.487,150.48,host2,/node[name=host2]/bm/net/if[name=br-858e2815bf25],100,100.0,100.0,host2_host_timeseries.csv,2026-06-11 08:20:51.486999989
1781166051.487,150.48,host2,/node[name=host2]/bm/net/if[name=enp0s9],100,100.0,100.0,host2_host_timeseries.csv,2026-06-11 08:20:51.486999989
1781166051.487,150.48,host2,/node[name=host2]/bm/net/if[name=lo],100,100.0,100.0,host2_host_timeseries.csv,2026-06-11 08:20:51.486999989
1781166051.487,150.48,host2,/node[name=host2]/bm/net/if[name=enp0s8],100,100.0,100.0,host2_host_timeseries.csv,2026-06-11 08:20:51.486999989
1781166051.487,150.48,host2,/node[name=host2]/bm/net/if[name=enp0s3],100,100.0,100.0,host2_host_timeseries.csv,2026-06-11 08:20:51.486999989
1781166061.586,160.58,host2,/node[name=host2],100,100.0,100.0,host2_host_timeseries.csv,2026-06-11 08:21:01.585999966
1781166061.586,160.58,host2,/node[name=host2]/bm,100,100.0,100.0,host2_host_timeseries.csv,2026-06-11 08:21:01.585999966
1781166061.586,160.58,host2,/node[name=host2]/bm/cpus,100,100.0,100.0,host2_host_timeseries.csv,2026-06-11 08:21:01.585999966
1781166061.586,160.58,host2,/node[name=host2]/bm/cpus/cpu[name=cpu],100,100.0,100.0,host2_host_timeseries.csv,2026-06-11 08:21:01.585999966
1781166061.586,160.58,host2,/node[name=host2]/bm/cpus/cpu[name=cpu1],100,100.0,100.0,host2_host_timeseries.csv,2026-06-11 08:21:01.585999966
1781166061.586,160.58,host2,/node[name=host2]/bm/cpus/cpu[name=cpu0],100,100.0,100.0,host2_host_timeseries.csv,2026-06-11 08:21:01.585999966
1781166061.587,160.58,host2,/node[name=host2]/bm/sensors,100,100.0,100.0,host2_host_timeseries.csv,2026-06-11 08:21:01.586999893
1781166061.587,160.58,host2,/node[name=host2]/bm/disks,100,100.0,100.0,host2_host_timeseries.csv,2026-06-11 08:21:01.586999893
1781166061.587,160.58,host2,/node[name=host2]/bm/disks/disk[name=cgroup2],100,100.0,100.0,host2_host_timeseries.csv,2026-06-11 08:21:01.586999893
1781166061.587,160.58,host2,/node[name=host2]/bm/disks/disk[name=loop5],100,100.0,100.0,host2_host_timeseries.csv,2026-06-11 08:21:01.586999893
1781166061.587,160.58,host2,/node[name=host2]/bm/disks/disk[name=sda2],100,100.0,100.0,host2_host_timeseries.csv,2026-06-11 08:21:01.586999893
1781166061.587,160.58,host2,/node[name=host2]/bm/disks/disk[name=systemd-1],100,100.0,100.0,host2_host_timeseries.csv,2026-06-11 08:21:01.586999893
1781166061.587,160.58,host2,/node[name=host2]/bm/disks/disk[name=loop3],100,100.0,100.0,host2_host_timeseries.csv,2026-06-11 08:21:01.586999893
1781166061.587,160.58,host2,/node[name=host2]/bm/disks/disk[name=loop4],100,100.0,100.0,host2_host_timeseries.csv,2026-06-11 08:21:01.586999893
1781166061.587,160.58,host2,/node[name=host2]/bm/disks/disk[name=loop0],100,100.0,100.0,host2_host_timeseries.csv,2026-06-11 08:21:01.586999893
1781166061.587,160.58,host2,/node[name=host2]/bm/disks/disk[name=loop1],100,100.0,100.0,host2_host_timeseries.csv,2026-06-11 08:21:01.586999893
1781166061.587,160.58,host2,/node[name=host2]/bm/disks/disk[name=loop2],100,100.0,100.0,host2_host_timeseries.csv,2026-06-11 08:21:01.586999893
1781166061.587,160.58,host2,/node[name=host2]/bm/mem,100,100.0,100.0,host2_host_timeseries.csv,2026-06-11 08:21:01.586999893
1781166061.587,160.58,host2,/node[name=host2]/bm/proc,100,100.0,100.0,host2_host_timeseries.csv,2026-06-11 08:21:01.586999893
1781166061.587,160.58,host2,/node[name=host2]/bm/net,100,100.0,100.0,host2_host_timeseries.csv,2026-06-11 08:21:01.586999893
1781166061.587,160.58,host2,/node[name=host2]/bm/net/if[name=docker0],100,100.0,100.0,host2_host_timeseries.csv,2026-06-11 08:21:01.586999893
1781166061.588,160.58,host2,/node[name=host2]/bm/net/if[name=br-858e2815bf25],100,100.0,100.0,host2_host_timeseries.csv,2026-06-11 08:21:01.588000059
1781166061.588,160.58,host2,/node[name=host2]/bm/net/if[name=enp0s9],100,100.0,100.0,host2_host_timeseries.csv,2026-06-11 08:21:01.588000059
1781166061.588,160.58,host2,/node[name=host2]/bm/net/if[name=lo],100,100.0,100.0,host2_host_timeseries.csv,2026-06-11 08:21:01.588000059
1781166061.588,160.58,host2,/node[name=host2]/bm/net/if[name=enp0s8],100,100.0,100.0,host2_host_timeseries.csv,2026-06-11 08:21:01.588000059
1781166061.588,160.58,host2,/node[name=host2]/bm/net/if[name=enp0s3],100,100.0,100.0,host2_host_timeseries.csv,2026-06-11 08:21:01.588000059
1781166071.61,170.61,host2,/node[name=host2],100,100.0,100.0,host2_host_timeseries.csv,2026-06-11 08:21:11.609999895
1781166071.61,170.61,host2,/node[name=host2]/bm,100,100.0,100.0,host2_host_timeseries.csv,2026-06-11 08:21:11.609999895
1781166071.61,170.61,host2,/node[name=host2]/bm/cpus,100,100.0,100.0,host2_host_timeseries.csv,2026-06-11 08:21:11.609999895
1781166071.611,170.61,host2,/node[name=host2]/bm/cpus/cpu[name=cpu],100,100.0,100.0,host2_host_timeseries.csv,2026-06-11 08:21:11.611000061
1781166071.611,170.61,host2,/node[name=host2]/bm/cpus/cpu[name=cpu1],100,100.0,100.0,host2_host_timeseries.csv,2026-06-11 08:21:11.611000061
1781166071.611,170.61,host2,/node[name=host2]/bm/cpus/cpu[name=cpu0],100,100.0,100.0,host2_host_timeseries.csv,2026-06-11 08:21:11.611000061
1781166071.611,170.61,host2,/node[name=host2]/bm/sensors,100,100.0,100.0,host2_host_timeseries.csv,2026-06-11 08:21:11.611000061
1781166071.611,170.61,host2,/node[name=host2]/bm/disks,100,100.0,100.0,host2_host_timeseries.csv,2026-06-11 08:21:11.611000061
1781166071.611,170.61,host2,/node[name=host2]/bm/disks/disk[name=cgroup2],100,100.0,100.0,host2_host_timeseries.csv,2026-06-11 08:21:11.611000061
1781166071.611,170.61,host2,/node[name=host2]/bm/disks/disk[name=loop5],100,100.0,100.0,host2_host_timeseries.csv,2026-06-11 08:21:11.611000061
1781166071.611,170.61,host2,/node[name=host2]/bm/disks/disk[name=sda2],100,100.0,100.0,host2_host_timeseries.csv,2026-06-11 08:21:11.611000061
1781166071.612,170.61,host2,/node[name=host2]/bm/disks/disk[name=systemd-1],100,100.0,100.0,host2_host_timeseries.csv,2026-06-11 08:21:11.611999989
1781166071.612,170.61,host2,/node[name=host2]/bm/disks/disk[name=loop3],100,100.0,100.0,host2_host_timeseries.csv,2026-06-11 08:21:11.611999989
1781166071.612,170.61,host2,/node[name=host2]/bm/disks/disk[name=loop4],100,100.0,100.0,host2_host_timeseries.csv,2026-06-11 08:21:11.611999989
1781166071.612,170.61,host2,/node[name=host2]/bm/disks/disk[name=loop0],100,100.0,100.0,host2_host_timeseries.csv,2026-06-11 08:21:11.611999989
1781166071.612,170.61,host2,/node[name=host2]/bm/disks/disk[name=loop1],100,100.0,100.0,host2_host_timeseries.csv,2026-06-11 08:21:11.611999989
1781166071.612,170.61,host2,/node[name=host2]/bm/disks/disk[name=loop2],100,100.0,100.0,host2_host_timeseries.csv,2026-06-11 08:21:11.611999989
1781166071.612,170.61,host2,/node[name=host2]/bm/mem,100,100.0,100.0,host2_host_timeseries.csv,2026-06-11 08:21:11.611999989
1781166071.612,170.61,host2,/node[name=host2]/bm/proc,100,100.0,100.0,host2_host_timeseries.csv,2026-06-11 08:21:11.611999989
1781166071.612,170.61,host2,/node[name=host2]/bm/net,100,100.0,100.0,host2_host_timeseries.csv,2026-06-11 08:21:11.611999989
1781166071.612,170.61,host2,/node[name=host2]/bm/net/if[name=docker0],100,100.0,100.0,host2_host_timeseries.csv,2026-06-11 08:21:11.611999989
1781166071.613,170.61,host2,/node[name=host2]/bm/net/if[name=br-858e2815bf25],100,100.0,100.0,host2_host_timeseries.csv,2026-06-11 08:21:11.612999916
1781166071.613,170.61,host2,/node[name=host2]/bm/net/if[name=enp0s9],100,100.0,100.0,host2_host_timeseries.csv,2026-06-11 08:21:11.612999916
1781166071.613,170.61,host2,/node[name=host2]/bm/net/if[name=lo],100,100.0,100.0,host2_host_timeseries.csv,2026-06-11 08:21:11.612999916
1781166071.613,170.61,host2,/node[name=host2]/bm/net/if[name=enp0s8],100,100.0,100.0,host2_host_timeseries.csv,2026-06-11 08:21:11.612999916
1781166071.613,170.61,host2,/node[name=host2]/bm/net/if[name=enp0s3],100,100.0,100.0,host2_host_timeseries.csv,2026-06-11 08:21:11.612999916
1781166081.627,180.62,host2,/node[name=host2],100,100.0,100.0,host2_host_timeseries.csv,2026-06-11 08:21:21.627000093
1781166081.627,180.62,host2,/node[name=host2]/bm,100,100.0,100.0,host2_host_timeseries.csv,2026-06-11 08:21:21.627000093
1781166081.627,180.62,host2,/node[name=host2]/bm/cpus,100,100.0,100.0,host2_host_timeseries.csv,2026-06-11 08:21:21.627000093
1781166081.627,180.62,host2,/node[name=host2]/bm/cpus/cpu[name=cpu],100,100.0,100.0,host2_host_timeseries.csv,2026-06-11 08:21:21.627000093
1781166081.627,180.62,host2,/node[name=host2]/bm/cpus/cpu[name=cpu1],100,100.0,100.0,host2_host_timeseries.csv,2026-06-11 08:21:21.627000093
1781166081.627,180.62,host2,/node[name=host2]/bm/cpus/cpu[name=cpu0],100,100.0,100.0,host2_host_timeseries.csv,2026-06-11 08:21:21.627000093
1781166081.628,180.62,host2,/node[name=host2]/bm/sensors,100,100.0,100.0,host2_host_timeseries.csv,2026-06-11 08:21:21.628000021
1781166081.628,180.62,host2,/node[name=host2]/bm/disks,100,100.0,100.0,host2_host_timeseries.csv,2026-06-11 08:21:21.628000021
1781166081.628,180.62,host2,/node[name=host2]/bm/disks/disk[name=cgroup2],100,100.0,100.0,host2_host_timeseries.csv,2026-06-11 08:21:21.628000021
1781166081.628,180.62,host2,/node[name=host2]/bm/disks/disk[name=loop5],100,100.0,100.0,host2_host_timeseries.csv,2026-06-11 08:21:21.628000021
1781166081.628,180.62,host2,/node[name=host2]/bm/disks/disk[name=sda2],100,100.0,100.0,host2_host_timeseries.csv,2026-06-11 08:21:21.628000021
1781166081.628,180.62,host2,/node[name=host2]/bm/disks/disk[name=systemd-1],100,100.0,100.0,host2_host_timeseries.csv,2026-06-11 08:21:21.628000021
1781166081.628,180.62,host2,/node[name=host2]/bm/disks/disk[name=loop3],100,100.0,100.0,host2_host_timeseries.csv,2026-06-11 08:21:21.628000021
1781166081.628,180.62,host2,/node[name=host2]/bm/disks/disk[name=loop4],100,100.0,100.0,host2_host_timeseries.csv,2026-06-11 08:21:21.628000021
1781166081.628,180.62,host2,/node[name=host2]/bm/disks/disk[name=loop0],100,100.0,100.0,host2_host_timeseries.csv,2026-06-11 08:21:21.628000021
1781166081.628,180.62,host2,/node[name=host2]/bm/disks/disk[name=loop1],100,100.0,100.0,host2_host_timeseries.csv,2026-06-11 08:21:21.628000021
1781166081.628,180.62,host2,/node[name=host2]/bm/disks/disk[name=loop2],100,100.0,100.0,host2_host_timeseries.csv,2026-06-11 08:21:21.628000021
1781166081.628,180.62,host2,/node[name=host2]/bm/mem,100,100.0,100.0,host2_host_timeseries.csv,2026-06-11 08:21:21.628000021
1781166081.629,180.62,host2,/node[name=host2]/bm/proc,100,100.0,100.0,host2_host_timeseries.csv,2026-06-11 08:21:21.628999949
1781166081.629,180.63,host2,/node[name=host2]/bm/net,100,100.0,100.0,host2_host_timeseries.csv,2026-06-11 08:21:21.628999949
1781166081.629,180.63,host2,/node[name=host2]/bm/net/if[name=docker0],100,100.0,100.0,host2_host_timeseries.csv,2026-06-11 08:21:21.628999949
1781166081.629,180.63,host2,/node[name=host2]/bm/net/if[name=br-858e2815bf25],100,100.0,100.0,host2_host_timeseries.csv,2026-06-11 08:21:21.628999949
1781166081.629,180.63,host2,/node[name=host2]/bm/net/if[name=enp0s9],100,100.0,100.0,host2_host_timeseries.csv,2026-06-11 08:21:21.628999949
1781166081.629,180.63,host2,/node[name=host2]/bm/net/if[name=lo],100,100.0,100.0,host2_host_timeseries.csv,2026-06-11 08:21:21.628999949
1781166081.629,180.63,host2,/node[name=host2]/bm/net/if[name=enp0s8],100,100.0,100.0,host2_host_timeseries.csv,2026-06-11 08:21:21.628999949
1781166081.629,180.63,host2,/node[name=host2]/bm/net/if[name=enp0s3],100,100.0,100.0,host2_host_timeseries.csv,2026-06-11 08:21:21.628999949
1781166091.729,190.73,host2,/node[name=host2],100,100.0,100.0,host2_host_timeseries.csv,2026-06-11 08:21:31.729000092
1781166091.729,190.73,host2,/node[name=host2]/bm,100,100.0,100.0,host2_host_timeseries.csv,2026-06-11 08:21:31.729000092
1781166091.729,190.73,host2,/node[name=host2]/bm/cpus,100,100.0,100.0,host2_host_timeseries.csv,2026-06-11 08:21:31.729000092
1781166091.729,190.73,host2,/node[name=host2]/bm/cpus/cpu[name=cpu],100,100.0,100.0,host2_host_timeseries.csv,2026-06-11 08:21:31.729000092
1781166091.73,190.73,host2,/node[name=host2]/bm/cpus/cpu[name=cpu1],100,100.0,100.0,host2_host_timeseries.csv,2026-06-11 08:21:31.730000019
1781166091.73,190.73,host2,/node[name=host2]/bm/cpus/cpu[name=cpu0],100,100.0,100.0,host2_host_timeseries.csv,2026-06-11 08:21:31.730000019
1781166091.73,190.73,host2,/node[name=host2]/bm/sensors,100,100.0,100.0,host2_host_timeseries.csv,2026-06-11 08:21:31.730000019
1781166091.73,190.73,host2,/node[name=host2]/bm/disks,100,100.0,100.0,host2_host_timeseries.csv,2026-06-11 08:21:31.730000019
1781166091.73,190.73,host2,/node[name=host2]/bm/disks/disk[name=cgroup2],100,100.0,100.0,host2_host_timeseries.csv,2026-06-11 08:21:31.730000019
1781166091.73,190.73,host2,/node[name=host2]/bm/disks/disk[name=loop5],100,100.0,100.0,host2_host_timeseries.csv,2026-06-11 08:21:31.730000019
1781166091.73,190.73,host2,/node[name=host2]/bm/disks/disk[name=sda2],100,100.0,100.0,host2_host_timeseries.csv,2026-06-11 08:21:31.730000019
1781166091.73,190.73,host2,/node[name=host2]/bm/disks/disk[name=systemd-1],100,100.0,100.0,host2_host_timeseries.csv,2026-06-11 08:21:31.730000019
1781166091.73,190.73,host2,/node[name=host2]/bm/disks/disk[name=loop3],100,100.0,100.0,host2_host_timeseries.csv,2026-06-11 08:21:31.730000019
1781166091.73,190.73,host2,/node[name=host2]/bm/disks/disk[name=loop4],100,100.0,100.0,host2_host_timeseries.csv,2026-06-11 08:21:31.730000019
1781166091.73,190.73,host2,/node[name=host2]/bm/disks/disk[name=loop0],100,100.0,100.0,host2_host_timeseries.csv,2026-06-11 08:21:31.730000019
1781166091.73,190.73,host2,/node[name=host2]/bm/disks/disk[name=loop1],100,100.0,100.0,host2_host_timeseries.csv,2026-06-11 08:21:31.730000019
1781166091.73,190.73,host2,/node[name=host2]/bm/disks/disk[name=loop2],100,100.0,100.0,host2_host_timeseries.csv,2026-06-11 08:21:31.730000019
1781166091.731,190.73,host2,/node[name=host2]/bm/mem,100,100.0,100.0,host2_host_timeseries.csv,2026-06-11 08:21:31.730999947
1781166091.731,190.73,host2,/node[name=host2]/bm/proc,100,100.0,100.0,host2_host_timeseries.csv,2026-06-11 08:21:31.730999947
1781166091.731,190.73,host2,/node[name=host2]/bm/net,100,100.0,100.0,host2_host_timeseries.csv,2026-06-11 08:21:31.730999947
1781166091.731,190.73,host2,/node[name=host2]/bm/net/if[name=docker0],100,100.0,100.0,host2_host_timeseries.csv,2026-06-11 08:21:31.730999947
1781166091.731,190.73,host2,/node[name=host2]/bm/net/if[name=br-858e2815bf25],100,100.0,100.0,host2_host_timeseries.csv,2026-06-11 08:21:31.730999947
1781166091.731,190.73,host2,/node[name=host2]/bm/net/if[name=enp0s9],100,100.0,100.0,host2_host_timeseries.csv,2026-06-11 08:21:31.730999947
1781166091.731,190.73,host2,/node[name=host2]/bm/net/if[name=lo],100,100.0,100.0,host2_host_timeseries.csv,2026-06-11 08:21:31.730999947
1781166091.731,190.73,host2,/node[name=host2]/bm/net/if[name=enp0s8],100,100.0,100.0,host2_host_timeseries.csv,2026-06-11 08:21:31.730999947
1781166091.731,190.73,host2,/node[name=host2]/bm/net/if[name=enp0s3],100,100.0,100.0,host2_host_timeseries.csv,2026-06-11 08:21:31.730999947
1781166101.621,200.62,host2,/node[name=host2],100,100.0,100.0,host2_host_timeseries.csv,2026-06-11 08:21:41.621000051
1781166101.621,200.62,host2,/node[name=host2]/bm,100,100.0,100.0,host2_host_timeseries.csv,2026-06-11 08:21:41.621000051
1781166101.621,200.62,host2,/node[name=host2]/bm/cpus,100,100.0,100.0,host2_host_timeseries.csv,2026-06-11 08:21:41.621000051
1781166101.621,200.62,host2,/node[name=host2]/bm/cpus/cpu[name=cpu],100,100.0,100.0,host2_host_timeseries.csv,2026-06-11 08:21:41.621000051
1781166101.621,200.62,host2,/node[name=host2]/bm/cpus/cpu[name=cpu1],100,100.0,100.0,host2_host_timeseries.csv,2026-06-11 08:21:41.621000051
1781166101.621,200.62,host2,/node[name=host2]/bm/cpus/cpu[name=cpu0],100,100.0,100.0,host2_host_timeseries.csv,2026-06-11 08:21:41.621000051
1781166101.621,200.62,host2,/node[name=host2]/bm/sensors,100,100.0,100.0,host2_host_timeseries.csv,2026-06-11 08:21:41.621000051
1781166101.621,200.62,host2,/node[name=host2]/bm/disks,100,100.0,100.0,host2_host_timeseries.csv,2026-06-11 08:21:41.621000051
1781166101.621,200.62,host2,/node[name=host2]/bm/disks/disk[name=cgroup2],100,100.0,100.0,host2_host_timeseries.csv,2026-06-11 08:21:41.621000051
1781166101.621,200.62,host2,/node[name=host2]/bm/disks/disk[name=loop5],100,100.0,100.0,host2_host_timeseries.csv,2026-06-11 08:21:41.621000051
1781166101.621,200.62,host2,/node[name=host2]/bm/disks/disk[name=sda2],100,100.0,100.0,host2_host_timeseries.csv,2026-06-11 08:21:41.621000051
1781166101.621,200.62,host2,/node[name=host2]/bm/disks/disk[name=systemd-1],100,100.0,100.0,host2_host_timeseries.csv,2026-06-11 08:21:41.621000051
1781166101.621,200.62,host2,/node[name=host2]/bm/disks/disk[name=loop3],100,100.0,100.0,host2_host_timeseries.csv,2026-06-11 08:21:41.621000051
1781166101.621,200.62,host2,/node[name=host2]/bm/disks/disk[name=loop4],100,100.0,100.0,host2_host_timeseries.csv,2026-06-11 08:21:41.621000051
1781166101.621,200.62,host2,/node[name=host2]/bm/disks/disk[name=loop0],100,100.0,100.0,host2_host_timeseries.csv,2026-06-11 08:21:41.621000051
1781166101.621,200.62,host2,/node[name=host2]/bm/disks/disk[name=loop1],100,100.0,100.0,host2_host_timeseries.csv,2026-06-11 08:21:41.621000051
1781166101.622,200.62,host2,/node[name=host2]/bm/disks/disk[name=loop2],100,100.0,100.0,host2_host_timeseries.csv,2026-06-11 08:21:41.621999979
1781166101.622,200.62,host2,/node[name=host2]/bm/mem,100,100.0,100.0,host2_host_timeseries.csv,2026-06-11 08:21:41.621999979
1781166101.622,200.62,host2,/node[name=host2]/bm/proc,100,100.0,100.0,host2_host_timeseries.csv,2026-06-11 08:21:41.621999979
1781166101.622,200.62,host2,/node[name=host2]/bm/net,100,100.0,100.0,host2_host_timeseries.csv,2026-06-11 08:21:41.621999979
1781166101.622,200.62,host2,/node[name=host2]/bm/net/if[name=docker0],100,100.0,100.0,host2_host_timeseries.csv,2026-06-11 08:21:41.621999979
1781166101.622,200.62,host2,/node[name=host2]/bm/net/if[name=br-858e2815bf25],100,100.0,100.0,host2_host_timeseries.csv,2026-06-11 08:21:41.621999979
1781166101.622,200.62,host2,/node[name=host2]/bm/net/if[name=enp0s9],100,100.0,100.0,host2_host_timeseries.csv,2026-06-11 08:21:41.621999979
1781166101.622,200.62,host2,/node[name=host2]/bm/net/if[name=lo],100,100.0,100.0,host2_host_timeseries.csv,2026-06-11 08:21:41.621999979
1781166101.622,200.62,host2,/node[name=host2]/bm/net/if[name=enp0s8],100,100.0,100.0,host2_host_timeseries.csv,2026-06-11 08:21:41.621999979
1781166101.622,200.62,host2,/node[name=host2]/bm/net/if[name=enp0s3],100,100.0,100.0,host2_host_timeseries.csv,2026-06-11 08:21:41.621999979
1781166111.664,210.66,host2,/node[name=host2],100,100.0,100.0,host2_host_timeseries.csv,2026-06-11 08:21:51.664000034
1781166111.664,210.66,host2,/node[name=host2]/bm,100,100.0,100.0,host2_host_timeseries.csv,2026-06-11 08:21:51.664000034
1781166111.664,210.66,host2,/node[name=host2]/bm/cpus,100,100.0,100.0,host2_host_timeseries.csv,2026-06-11 08:21:51.664000034
1781166111.664,210.66,host2,/node[name=host2]/bm/cpus/cpu[name=cpu],100,100.0,100.0,host2_host_timeseries.csv,2026-06-11 08:21:51.664000034
1781166111.664,210.66,host2,/node[name=host2]/bm/cpus/cpu[name=cpu1],100,100.0,100.0,host2_host_timeseries.csv,2026-06-11 08:21:51.664000034
1781166111.664,210.66,host2,/node[name=host2]/bm/cpus/cpu[name=cpu0],100,100.0,100.0,host2_host_timeseries.csv,2026-06-11 08:21:51.664000034
1781166111.665,210.66,host2,/node[name=host2]/bm/sensors,100,100.0,100.0,host2_host_timeseries.csv,2026-06-11 08:21:51.664999962
1781166111.665,210.66,host2,/node[name=host2]/bm/disks,100,100.0,100.0,host2_host_timeseries.csv,2026-06-11 08:21:51.664999962
1781166111.665,210.66,host2,/node[name=host2]/bm/disks/disk[name=cgroup2],100,100.0,100.0,host2_host_timeseries.csv,2026-06-11 08:21:51.664999962
1781166111.665,210.66,host2,/node[name=host2]/bm/disks/disk[name=loop5],100,100.0,100.0,host2_host_timeseries.csv,2026-06-11 08:21:51.664999962
1781166111.665,210.66,host2,/node[name=host2]/bm/disks/disk[name=sda2],100,100.0,100.0,host2_host_timeseries.csv,2026-06-11 08:21:51.664999962
1781166111.665,210.66,host2,/node[name=host2]/bm/disks/disk[name=systemd-1],100,100.0,100.0,host2_host_timeseries.csv,2026-06-11 08:21:51.664999962
1781166111.665,210.66,host2,/node[name=host2]/bm/disks/disk[name=loop3],100,100.0,100.0,host2_host_timeseries.csv,2026-06-11 08:21:51.664999962
1781166111.665,210.66,host2,/node[name=host2]/bm/disks/disk[name=loop4],100,100.0,100.0,host2_host_timeseries.csv,2026-06-11 08:21:51.664999962
1781166111.665,210.66,host2,/node[name=host2]/bm/disks/disk[name=loop0],100,100.0,100.0,host2_host_timeseries.csv,2026-06-11 08:21:51.664999962
1781166111.665,210.66,host2,/node[name=host2]/bm/disks/disk[name=loop1],100,100.0,100.0,host2_host_timeseries.csv,2026-06-11 08:21:51.664999962
1781166111.665,210.66,host2,/node[name=host2]/bm/disks/disk[name=loop2],100,100.0,100.0,host2_host_timeseries.csv,2026-06-11 08:21:51.664999962
1781166111.665,210.66,host2,/node[name=host2]/bm/mem,100,100.0,100.0,host2_host_timeseries.csv,2026-06-11 08:21:51.664999962
1781166111.665,210.66,host2,/node[name=host2]/bm/proc,100,100.0,100.0,host2_host_timeseries.csv,2026-06-11 08:21:51.664999962
1781166111.666,210.66,host2,/node[name=host2]/bm/net,100,100.0,100.0,host2_host_timeseries.csv,2026-06-11 08:21:51.665999889
1781166111.666,210.66,host2,/node[name=host2]/bm/net/if[name=docker0],100,100.0,100.0,host2_host_timeseries.csv,2026-06-11 08:21:51.665999889
1781166111.666,210.66,host2,/node[name=host2]/bm/net/if[name=br-858e2815bf25],100,100.0,100.0,host2_host_timeseries.csv,2026-06-11 08:21:51.665999889
1781166111.666,210.66,host2,/node[name=host2]/bm/net/if[name=enp0s9],100,100.0,100.0,host2_host_timeseries.csv,2026-06-11 08:21:51.665999889
1781166111.666,210.66,host2,/node[name=host2]/bm/net/if[name=lo],100,100.0,100.0,host2_host_timeseries.csv,2026-06-11 08:21:51.665999889
1781166111.666,210.66,host2,/node[name=host2]/bm/net/if[name=enp0s8],100,100.0,100.0,host2_host_timeseries.csv,2026-06-11 08:21:51.665999889
1781166111.666,210.66,host2,/node[name=host2]/bm/net/if[name=enp0s3],100,100.0,100.0,host2_host_timeseries.csv,2026-06-11 08:21:51.665999889
1781166121.719,220.72,host2,/node[name=host2],100,100.0,100.0,host2_host_timeseries.csv,2026-06-11 08:22:01.719000101
1781166121.719,220.72,host2,/node[name=host2]/bm,100,100.0,100.0,host2_host_timeseries.csv,2026-06-11 08:22:01.719000101
1781166121.719,220.72,host2,/node[name=host2]/bm/cpus,100,100.0,100.0,host2_host_timeseries.csv,2026-06-11 08:22:01.719000101
1781166121.719,220.72,host2,/node[name=host2]/bm/cpus/cpu[name=cpu],100,100.0,100.0,host2_host_timeseries.csv,2026-06-11 08:22:01.719000101
1781166121.719,220.72,host2,/node[name=host2]/bm/cpus/cpu[name=cpu1],100,100.0,100.0,host2_host_timeseries.csv,2026-06-11 08:22:01.719000101
1781166121.719,220.72,host2,/node[name=host2]/bm/cpus/cpu[name=cpu0],100,100.0,100.0,host2_host_timeseries.csv,2026-06-11 08:22:01.719000101
1781166121.72,220.72,host2,/node[name=host2]/bm/sensors,100,100.0,100.0,host2_host_timeseries.csv,2026-06-11 08:22:01.720000029
1781166121.72,220.72,host2,/node[name=host2]/bm/disks,100,100.0,100.0,host2_host_timeseries.csv,2026-06-11 08:22:01.720000029
1781166121.72,220.72,host2,/node[name=host2]/bm/disks/disk[name=cgroup2],100,100.0,100.0,host2_host_timeseries.csv,2026-06-11 08:22:01.720000029
1781166121.72,220.72,host2,/node[name=host2]/bm/disks/disk[name=loop5],100,100.0,100.0,host2_host_timeseries.csv,2026-06-11 08:22:01.720000029
1781166121.72,220.72,host2,/node[name=host2]/bm/disks/disk[name=sda2],100,100.0,100.0,host2_host_timeseries.csv,2026-06-11 08:22:01.720000029
1781166121.72,220.72,host2,/node[name=host2]/bm/disks/disk[name=systemd-1],100,100.0,100.0,host2_host_timeseries.csv,2026-06-11 08:22:01.720000029
1781166121.72,220.72,host2,/node[name=host2]/bm/disks/disk[name=loop3],100,100.0,100.0,host2_host_timeseries.csv,2026-06-11 08:22:01.720000029
1781166121.72,220.72,host2,/node[name=host2]/bm/disks/disk[name=loop4],100,100.0,100.0,host2_host_timeseries.csv,2026-06-11 08:22:01.720000029
1781166121.72,220.72,host2,/node[name=host2]/bm/disks/disk[name=loop0],100,100.0,100.0,host2_host_timeseries.csv,2026-06-11 08:22:01.720000029
1781166121.72,220.72,host2,/node[name=host2]/bm/disks/disk[name=loop1],100,100.0,100.0,host2_host_timeseries.csv,2026-06-11 08:22:01.720000029
1781166121.72,220.72,host2,/node[name=host2]/bm/disks/disk[name=loop2],100,100.0,100.0,host2_host_timeseries.csv,2026-06-11 08:22:01.720000029
1781166121.72,220.72,host2,/node[name=host2]/bm/mem,100,100.0,100.0,host2_host_timeseries.csv,2026-06-11 08:22:01.720000029
1781166121.72,220.72,host2,/node[name=host2]/bm/proc,100,100.0,100.0,host2_host_timeseries.csv,2026-06-11 08:22:01.720000029
1781166121.72,220.72,host2,/node[name=host2]/bm/net,100,100.0,100.0,host2_host_timeseries.csv,2026-06-11 08:22:01.720000029
1781166121.72,220.72,host2,/node[name=host2]/bm/net/if[name=docker0],100,100.0,100.0,host2_host_timeseries.csv,2026-06-11 08:22:01.720000029
1781166121.72,220.72,host2,/node[name=host2]/bm/net/if[name=br-858e2815bf25],100,100.0,100.0,host2_host_timeseries.csv,2026-06-11 08:22:01.720000029
1781166121.721,220.72,host2,/node[name=host2]/bm/net/if[name=enp0s9],100,100.0,100.0,host2_host_timeseries.csv,2026-06-11 08:22:01.720999956
1781166121.721,220.72,host2,/node[name=host2]/bm/net/if[name=lo],100,100.0,100.0,host2_host_timeseries.csv,2026-06-11 08:22:01.720999956
1781166121.721,220.72,host2,/node[name=host2]/bm/net/if[name=enp0s8],100,100.0,100.0,host2_host_timeseries.csv,2026-06-11 08:22:01.720999956
1781166121.721,220.72,host2,/node[name=host2]/bm/net/if[name=enp0s3],100,100.0,100.0,host2_host_timeseries.csv,2026-06-11 08:22:01.720999956
1781166131.746,230.74,host2,/node[name=host2],100,100.0,100.0,host2_host_timeseries.csv,2026-06-11 08:22:11.746000051
1781166131.746,230.74,host2,/node[name=host2]/bm,100,100.0,100.0,host2_host_timeseries.csv,2026-06-11 08:22:11.746000051
1781166131.746,230.74,host2,/node[name=host2]/bm/cpus,100,100.0,100.0,host2_host_timeseries.csv,2026-06-11 08:22:11.746000051
1781166131.747,230.74,host2,/node[name=host2]/bm/cpus/cpu[name=cpu],100,100.0,100.0,host2_host_timeseries.csv,2026-06-11 08:22:11.746999979
1781166131.747,230.74,host2,/node[name=host2]/bm/cpus/cpu[name=cpu1],100,100.0,100.0,host2_host_timeseries.csv,2026-06-11 08:22:11.746999979
1781166131.747,230.74,host2,/node[name=host2]/bm/cpus/cpu[name=cpu0],100,100.0,100.0,host2_host_timeseries.csv,2026-06-11 08:22:11.746999979
1781166131.747,230.74,host2,/node[name=host2]/bm/sensors,100,100.0,100.0,host2_host_timeseries.csv,2026-06-11 08:22:11.746999979
1781166131.747,230.74,host2,/node[name=host2]/bm/disks,100,100.0,100.0,host2_host_timeseries.csv,2026-06-11 08:22:11.746999979
1781166131.747,230.74,host2,/node[name=host2]/bm/disks/disk[name=cgroup2],100,100.0,100.0,host2_host_timeseries.csv,2026-06-11 08:22:11.746999979
1781166131.747,230.74,host2,/node[name=host2]/bm/disks/disk[name=loop5],100,100.0,100.0,host2_host_timeseries.csv,2026-06-11 08:22:11.746999979
1781166131.747,230.74,host2,/node[name=host2]/bm/disks/disk[name=sda2],100,100.0,100.0,host2_host_timeseries.csv,2026-06-11 08:22:11.746999979
1781166131.747,230.74,host2,/node[name=host2]/bm/disks/disk[name=systemd-1],100,100.0,100.0,host2_host_timeseries.csv,2026-06-11 08:22:11.746999979
1781166131.747,230.74,host2,/node[name=host2]/bm/disks/disk[name=loop3],100,100.0,100.0,host2_host_timeseries.csv,2026-06-11 08:22:11.746999979
1781166131.747,230.74,host2,/node[name=host2]/bm/disks/disk[name=loop4],100,100.0,100.0,host2_host_timeseries.csv,2026-06-11 08:22:11.746999979
1781166131.747,230.74,host2,/node[name=host2]/bm/disks/disk[name=loop0],100,100.0,100.0,host2_host_timeseries.csv,2026-06-11 08:22:11.746999979
1781166131.747,230.74,host2,/node[name=host2]/bm/disks/disk[name=loop1],100,100.0,100.0,host2_host_timeseries.csv,2026-06-11 08:22:11.746999979
1781166131.747,230.74,host2,/node[name=host2]/bm/disks/disk[name=loop2],100,100.0,100.0,host2_host_timeseries.csv,2026-06-11 08:22:11.746999979
1781166131.748,230.74,host2,/node[name=host2]/bm/mem,100,100.0,100.0,host2_host_timeseries.csv,2026-06-11 08:22:11.747999907
1781166131.748,230.74,host2,/node[name=host2]/bm/proc,100,100.0,100.0,host2_host_timeseries.csv,2026-06-11 08:22:11.747999907
1781166131.748,230.74,host2,/node[name=host2]/bm/net,100,100.0,100.0,host2_host_timeseries.csv,2026-06-11 08:22:11.747999907
1781166131.748,230.74,host2,/node[name=host2]/bm/net/if[name=docker0],100,100.0,100.0,host2_host_timeseries.csv,2026-06-11 08:22:11.747999907
1781166131.748,230.74,host2,/node[name=host2]/bm/net/if[name=br-858e2815bf25],100,100.0,100.0,host2_host_timeseries.csv,2026-06-11 08:22:11.747999907
1781166131.748,230.74,host2,/node[name=host2]/bm/net/if[name=enp0s9],100,100.0,100.0,host2_host_timeseries.csv,2026-06-11 08:22:11.747999907
1781166131.748,230.74,host2,/node[name=host2]/bm/net/if[name=lo],100,100.0,100.0,host2_host_timeseries.csv,2026-06-11 08:22:11.747999907
1781166131.748,230.74,host2,/node[name=host2]/bm/net/if[name=enp0s8],100,100.0,100.0,host2_host_timeseries.csv,2026-06-11 08:22:11.747999907
1781166131.748,230.74,host2,/node[name=host2]/bm/net/if[name=enp0s3],100,100.0,100.0,host2_host_timeseries.csv,2026-06-11 08:22:11.747999907
1781166141.825,240.82,host2,/node[name=host2],100,100.0,100.0,host2_host_timeseries.csv,2026-06-11 08:22:21.825000048
1781166141.825,240.82,host2,/node[name=host2]/bm,100,100.0,100.0,host2_host_timeseries.csv,2026-06-11 08:22:21.825000048
1781166141.825,240.82,host2,/node[name=host2]/bm/cpus,100,100.0,100.0,host2_host_timeseries.csv,2026-06-11 08:22:21.825000048
1781166141.825,240.82,host2,/node[name=host2]/bm/cpus/cpu[name=cpu],100,100.0,100.0,host2_host_timeseries.csv,2026-06-11 08:22:21.825000048
1781166141.825,240.82,host2,/node[name=host2]/bm/cpus/cpu[name=cpu1],100,100.0,100.0,host2_host_timeseries.csv,2026-06-11 08:22:21.825000048
1781166141.825,240.82,host2,/node[name=host2]/bm/cpus/cpu[name=cpu0],100,100.0,100.0,host2_host_timeseries.csv,2026-06-11 08:22:21.825000048
1781166141.825,240.82,host2,/node[name=host2]/bm/sensors,100,100.0,100.0,host2_host_timeseries.csv,2026-06-11 08:22:21.825000048
1781166141.825,240.82,host2,/node[name=host2]/bm/disks,100,100.0,100.0,host2_host_timeseries.csv,2026-06-11 08:22:21.825000048
1781166141.825,240.82,host2,/node[name=host2]/bm/disks/disk[name=cgroup2],100,100.0,100.0,host2_host_timeseries.csv,2026-06-11 08:22:21.825000048
1781166141.825,240.82,host2,/node[name=host2]/bm/disks/disk[name=loop5],100,100.0,100.0,host2_host_timeseries.csv,2026-06-11 08:22:21.825000048
1781166141.825,240.82,host2,/node[name=host2]/bm/disks/disk[name=sda2],100,100.0,100.0,host2_host_timeseries.csv,2026-06-11 08:22:21.825000048
1781166141.825,240.82,host2,/node[name=host2]/bm/disks/disk[name=systemd-1],100,100.0,100.0,host2_host_timeseries.csv,2026-06-11 08:22:21.825000048
1781166141.826,240.82,host2,/node[name=host2]/bm/disks/disk[name=loop3],100,100.0,100.0,host2_host_timeseries.csv,2026-06-11 08:22:21.825999975
1781166141.826,240.82,host2,/node[name=host2]/bm/disks/disk[name=loop4],100,100.0,100.0,host2_host_timeseries.csv,2026-06-11 08:22:21.825999975
1781166141.826,240.82,host2,/node[name=host2]/bm/disks/disk[name=loop0],100,100.0,100.0,host2_host_timeseries.csv,2026-06-11 08:22:21.825999975
1781166141.826,240.82,host2,/node[name=host2]/bm/disks/disk[name=loop1],100,100.0,100.0,host2_host_timeseries.csv,2026-06-11 08:22:21.825999975
1781166141.826,240.82,host2,/node[name=host2]/bm/disks/disk[name=loop2],100,100.0,100.0,host2_host_timeseries.csv,2026-06-11 08:22:21.825999975
1781166141.826,240.82,host2,/node[name=host2]/bm/mem,100,100.0,100.0,host2_host_timeseries.csv,2026-06-11 08:22:21.825999975
1781166141.826,240.82,host2,/node[name=host2]/bm/proc,100,100.0,100.0,host2_host_timeseries.csv,2026-06-11 08:22:21.825999975
1781166141.826,240.82,host2,/node[name=host2]/bm/net,100,100.0,100.0,host2_host_timeseries.csv,2026-06-11 08:22:21.825999975
1781166141.826,240.82,host2,/node[name=host2]/bm/net/if[name=docker0],100,100.0,100.0,host2_host_timeseries.csv,2026-06-11 08:22:21.825999975
1781166141.826,240.82,host2,/node[name=host2]/bm/net/if[name=br-858e2815bf25],100,100.0,100.0,host2_host_timeseries.csv,2026-06-11 08:22:21.825999975
1781166141.826,240.82,host2,/node[name=host2]/bm/net/if[name=enp0s9],100,100.0,100.0,host2_host_timeseries.csv,2026-06-11 08:22:21.825999975
1781166141.826,240.82,host2,/node[name=host2]/bm/net/if[name=lo],100,100.0,100.0,host2_host_timeseries.csv,2026-06-11 08:22:21.825999975
1781166141.826,240.82,host2,/node[name=host2]/bm/net/if[name=enp0s8],100,100.0,100.0,host2_host_timeseries.csv,2026-06-11 08:22:21.825999975
1781166141.826,240.82,host2,/node[name=host2]/bm/net/if[name=enp0s3],100,100.0,100.0,host2_host_timeseries.csv,2026-06-11 08:22:21.825999975
1781166151.846,250.84,host2,/node[name=host2],100,100.0,100.0,host2_host_timeseries.csv,2026-06-11 08:22:31.845999956
1781166151.846,250.84,host2,/node[name=host2]/bm,100,100.0,100.0,host2_host_timeseries.csv,2026-06-11 08:22:31.845999956
1781166151.846,250.84,host2,/node[name=host2]/bm/cpus,100,100.0,100.0,host2_host_timeseries.csv,2026-06-11 08:22:31.845999956
1781166151.847,250.84,host2,/node[name=host2]/bm/cpus/cpu[name=cpu],100,100.0,100.0,host2_host_timeseries.csv,2026-06-11 08:22:31.846999884
1781166151.847,250.84,host2,/node[name=host2]/bm/cpus/cpu[name=cpu1],100,100.0,100.0,host2_host_timeseries.csv,2026-06-11 08:22:31.846999884
1781166151.847,250.84,host2,/node[name=host2]/bm/cpus/cpu[name=cpu0],100,100.0,100.0,host2_host_timeseries.csv,2026-06-11 08:22:31.846999884
1781166151.847,250.84,host2,/node[name=host2]/bm/sensors,100,100.0,100.0,host2_host_timeseries.csv,2026-06-11 08:22:31.846999884
1781166151.847,250.84,host2,/node[name=host2]/bm/disks,100,100.0,100.0,host2_host_timeseries.csv,2026-06-11 08:22:31.846999884
1781166151.847,250.84,host2,/node[name=host2]/bm/disks/disk[name=cgroup2],100,100.0,100.0,host2_host_timeseries.csv,2026-06-11 08:22:31.846999884
1781166151.847,250.84,host2,/node[name=host2]/bm/disks/disk[name=loop5],100,100.0,100.0,host2_host_timeseries.csv,2026-06-11 08:22:31.846999884
1781166151.847,250.84,host2,/node[name=host2]/bm/disks/disk[name=sda2],100,100.0,100.0,host2_host_timeseries.csv,2026-06-11 08:22:31.846999884
1781166151.847,250.84,host2,/node[name=host2]/bm/disks/disk[name=systemd-1],100,100.0,100.0,host2_host_timeseries.csv,2026-06-11 08:22:31.846999884
1781166151.847,250.84,host2,/node[name=host2]/bm/disks/disk[name=loop3],100,100.0,100.0,host2_host_timeseries.csv,2026-06-11 08:22:31.846999884
1781166151.847,250.84,host2,/node[name=host2]/bm/disks/disk[name=loop4],100,100.0,100.0,host2_host_timeseries.csv,2026-06-11 08:22:31.846999884
1781166151.847,250.84,host2,/node[name=host2]/bm/disks/disk[name=loop0],100,100.0,100.0,host2_host_timeseries.csv,2026-06-11 08:22:31.846999884
1781166151.847,250.84,host2,/node[name=host2]/bm/disks/disk[name=loop1],100,100.0,100.0,host2_host_timeseries.csv,2026-06-11 08:22:31.846999884
1781166151.847,250.84,host2,/node[name=host2]/bm/disks/disk[name=loop2],100,100.0,100.0,host2_host_timeseries.csv,2026-06-11 08:22:31.846999884
1781166151.847,250.84,host2,/node[name=host2]/bm/mem,100,100.0,100.0,host2_host_timeseries.csv,2026-06-11 08:22:31.846999884
1781166151.847,250.84,host2,/node[name=host2]/bm/proc,100,100.0,100.0,host2_host_timeseries.csv,2026-06-11 08:22:31.846999884
1781166151.848,250.84,host2,/node[name=host2]/bm/net,100,100.0,100.0,host2_host_timeseries.csv,2026-06-11 08:22:31.848000050
1781166151.848,250.84,host2,/node[name=host2]/bm/net/if[name=docker0],100,100.0,100.0,host2_host_timeseries.csv,2026-06-11 08:22:31.848000050
1781166151.848,250.84,host2,/node[name=host2]/bm/net/if[name=br-858e2815bf25],100,100.0,100.0,host2_host_timeseries.csv,2026-06-11 08:22:31.848000050
1781166151.848,250.84,host2,/node[name=host2]/bm/net/if[name=enp0s9],100,100.0,100.0,host2_host_timeseries.csv,2026-06-11 08:22:31.848000050
1781166151.848,250.84,host2,/node[name=host2]/bm/net/if[name=lo],100,100.0,100.0,host2_host_timeseries.csv,2026-06-11 08:22:31.848000050
1781166151.848,250.84,host2,/node[name=host2]/bm/net/if[name=enp0s8],100,100.0,100.0,host2_host_timeseries.csv,2026-06-11 08:22:31.848000050
1781166151.848,250.84,host2,/node[name=host2]/bm/net/if[name=enp0s3],100,100.0,100.0,host2_host_timeseries.csv,2026-06-11 08:22:31.848000050
1781166161.879,260.87,host2,/node[name=host2],100,100.0,100.0,host2_host_timeseries.csv,2026-06-11 08:22:41.878999949
1781166161.879,260.88,host2,/node[name=host2]/bm,100,100.0,100.0,host2_host_timeseries.csv,2026-06-11 08:22:41.878999949
1781166161.879,260.88,host2,/node[name=host2]/bm/cpus,100,100.0,100.0,host2_host_timeseries.csv,2026-06-11 08:22:41.878999949
1781166161.879,260.88,host2,/node[name=host2]/bm/cpus/cpu[name=cpu],100,100.0,100.0,host2_host_timeseries.csv,2026-06-11 08:22:41.878999949
1781166161.879,260.88,host2,/node[name=host2]/bm/cpus/cpu[name=cpu1],100,100.0,100.0,host2_host_timeseries.csv,2026-06-11 08:22:41.878999949
1781166161.879,260.88,host2,/node[name=host2]/bm/cpus/cpu[name=cpu0],100,100.0,100.0,host2_host_timeseries.csv,2026-06-11 08:22:41.878999949
1781166161.879,260.88,host2,/node[name=host2]/bm/sensors,100,100.0,100.0,host2_host_timeseries.csv,2026-06-11 08:22:41.878999949
1781166161.879,260.88,host2,/node[name=host2]/bm/disks,100,100.0,100.0,host2_host_timeseries.csv,2026-06-11 08:22:41.878999949
1781166161.879,260.88,host2,/node[name=host2]/bm/disks/disk[name=cgroup2],100,100.0,100.0,host2_host_timeseries.csv,2026-06-11 08:22:41.878999949
1781166161.879,260.88,host2,/node[name=host2]/bm/disks/disk[name=loop5],100,100.0,100.0,host2_host_timeseries.csv,2026-06-11 08:22:41.878999949
1781166161.879,260.88,host2,/node[name=host2]/bm/disks/disk[name=sda2],100,100.0,100.0,host2_host_timeseries.csv,2026-06-11 08:22:41.878999949
1781166161.879,260.88,host2,/node[name=host2]/bm/disks/disk[name=systemd-1],100,100.0,100.0,host2_host_timeseries.csv,2026-06-11 08:22:41.878999949
1781166161.879,260.88,host2,/node[name=host2]/bm/disks/disk[name=loop3],100,100.0,100.0,host2_host_timeseries.csv,2026-06-11 08:22:41.878999949
1781166161.88,260.88,host2,/node[name=host2]/bm/disks/disk[name=loop4],100,100.0,100.0,host2_host_timeseries.csv,2026-06-11 08:22:41.880000114
1781166161.88,260.88,host2,/node[name=host2]/bm/disks/disk[name=loop0],100,100.0,100.0,host2_host_timeseries.csv,2026-06-11 08:22:41.880000114
1781166161.88,260.88,host2,/node[name=host2]/bm/disks/disk[name=loop1],100,100.0,100.0,host2_host_timeseries.csv,2026-06-11 08:22:41.880000114
1781166161.88,260.88,host2,/node[name=host2]/bm/disks/disk[name=loop2],100,100.0,100.0,host2_host_timeseries.csv,2026-06-11 08:22:41.880000114
1781166161.88,260.88,host2,/node[name=host2]/bm/mem,100,100.0,100.0,host2_host_timeseries.csv,2026-06-11 08:22:41.880000114
1781166161.88,260.88,host2,/node[name=host2]/bm/proc,100,100.0,100.0,host2_host_timeseries.csv,2026-06-11 08:22:41.880000114
1781166161.88,260.88,host2,/node[name=host2]/bm/net,100,100.0,100.0,host2_host_timeseries.csv,2026-06-11 08:22:41.880000114
1781166161.88,260.88,host2,/node[name=host2]/bm/net/if[name=docker0],100,100.0,100.0,host2_host_timeseries.csv,2026-06-11 08:22:41.880000114
1781166161.88,260.88,host2,/node[name=host2]/bm/net/if[name=br-858e2815bf25],100,100.0,100.0,host2_host_timeseries.csv,2026-06-11 08:22:41.880000114
1781166161.88,260.88,host2,/node[name=host2]/bm/net/if[name=enp0s9],100,100.0,100.0,host2_host_timeseries.csv,2026-06-11 08:22:41.880000114
1781166161.88,260.88,host2,/node[name=host2]/bm/net/if[name=lo],100,100.0,100.0,host2_host_timeseries.csv,2026-06-11 08:22:41.880000114
1781166161.88,260.88,host2,/node[name=host2]/bm/net/if[name=enp0s8],100,100.0,100.0,host2_host_timeseries.csv,2026-06-11 08:22:41.880000114
1781166161.88,260.88,host2,/node[name=host2]/bm/net/if[name=enp0s3],100,100.0,100.0,host2_host_timeseries.csv,2026-06-11 08:22:41.880000114
1781166171.936,270.93,host2,/node[name=host2],100,100.0,100.0,host2_host_timeseries.csv,2026-06-11 08:22:51.936000109
1781166171.936,270.93,host2,/node[name=host2]/bm,100,100.0,100.0,host2_host_timeseries.csv,2026-06-11 08:22:51.936000109
1781166171.936,270.93,host2,/node[name=host2]/bm/cpus,100,100.0,100.0,host2_host_timeseries.csv,2026-06-11 08:22:51.936000109
1781166171.937,270.93,host2,/node[name=host2]/bm/cpus/cpu[name=cpu],100,100.0,100.0,host2_host_timeseries.csv,2026-06-11 08:22:51.937000036
1781166171.937,270.93,host2,/node[name=host2]/bm/cpus/cpu[name=cpu1],100,100.0,100.0,host2_host_timeseries.csv,2026-06-11 08:22:51.937000036
1781166171.937,270.93,host2,/node[name=host2]/bm/cpus/cpu[name=cpu0],100,100.0,100.0,host2_host_timeseries.csv,2026-06-11 08:22:51.937000036
1781166171.937,270.93,host2,/node[name=host2]/bm/sensors,100,100.0,100.0,host2_host_timeseries.csv,2026-06-11 08:22:51.937000036
1781166171.937,270.93,host2,/node[name=host2]/bm/disks,100,100.0,100.0,host2_host_timeseries.csv,2026-06-11 08:22:51.937000036
1781166171.937,270.93,host2,/node[name=host2]/bm/disks/disk[name=cgroup2],100,100.0,100.0,host2_host_timeseries.csv,2026-06-11 08:22:51.937000036
1781166171.937,270.93,host2,/node[name=host2]/bm/disks/disk[name=loop5],100,100.0,100.0,host2_host_timeseries.csv,2026-06-11 08:22:51.937000036
1781166171.937,270.93,host2,/node[name=host2]/bm/disks/disk[name=sda2],100,100.0,100.0,host2_host_timeseries.csv,2026-06-11 08:22:51.937000036
1781166171.937,270.93,host2,/node[name=host2]/bm/disks/disk[name=systemd-1],100,100.0,100.0,host2_host_timeseries.csv,2026-06-11 08:22:51.937000036
1781166171.937,270.93,host2,/node[name=host2]/bm/disks/disk[name=loop3],100,100.0,100.0,host2_host_timeseries.csv,2026-06-11 08:22:51.937000036
1781166171.937,270.93,host2,/node[name=host2]/bm/disks/disk[name=loop4],100,100.0,100.0,host2_host_timeseries.csv,2026-06-11 08:22:51.937000036
1781166171.937,270.93,host2,/node[name=host2]/bm/disks/disk[name=loop0],100,100.0,100.0,host2_host_timeseries.csv,2026-06-11 08:22:51.937000036
1781166171.938,270.93,host2,/node[name=host2]/bm/disks/disk[name=loop1],100,100.0,100.0,host2_host_timeseries.csv,2026-06-11 08:22:51.937999964
1781166171.938,270.93,host2,/node[name=host2]/bm/disks/disk[name=loop2],100,100.0,100.0,host2_host_timeseries.csv,2026-06-11 08:22:51.937999964
1781166171.938,270.93,host2,/node[name=host2]/bm/mem,100,100.0,100.0,host2_host_timeseries.csv,2026-06-11 08:22:51.937999964
1781166171.938,270.93,host2,/node[name=host2]/bm/proc,100,100.0,100.0,host2_host_timeseries.csv,2026-06-11 08:22:51.937999964
1781166171.938,270.93,host2,/node[name=host2]/bm/net,100,100.0,100.0,host2_host_timeseries.csv,2026-06-11 08:22:51.937999964
1781166171.938,270.93,host2,/node[name=host2]/bm/net/if[name=docker0],100,100.0,100.0,host2_host_timeseries.csv,2026-06-11 08:22:51.937999964
1781166171.938,270.93,host2,/node[name=host2]/bm/net/if[name=br-858e2815bf25],100,100.0,100.0,host2_host_timeseries.csv,2026-06-11 08:22:51.937999964
1781166171.938,270.93,host2,/node[name=host2]/bm/net/if[name=enp0s9],100,100.0,100.0,host2_host_timeseries.csv,2026-06-11 08:22:51.937999964
1781166171.938,270.93,host2,/node[name=host2]/bm/net/if[name=lo],100,100.0,100.0,host2_host_timeseries.csv,2026-06-11 08:22:51.937999964
1781166171.938,270.93,host2,/node[name=host2]/bm/net/if[name=enp0s8],100,100.0,100.0,host2_host_timeseries.csv,2026-06-11 08:22:51.937999964
1781166171.938,270.93,host2,/node[name=host2]/bm/net/if[name=enp0s3],100,100.0,100.0,host2_host_timeseries.csv,2026-06-11 08:22:51.937999964
1781166181.993,280.99,host2,/node[name=host2],100,100.0,100.0,host2_host_timeseries.csv,2026-06-11 08:23:01.993000031
1781166181.993,280.99,host2,/node[name=host2]/bm,100,100.0,100.0,host2_host_timeseries.csv,2026-06-11 08:23:01.993000031
1781166181.993,280.99,host2,/node[name=host2]/bm/cpus,100,100.0,100.0,host2_host_timeseries.csv,2026-06-11 08:23:01.993000031
1781166181.993,280.99,host2,/node[name=host2]/bm/cpus/cpu[name=cpu],100,100.0,100.0,host2_host_timeseries.csv,2026-06-11 08:23:01.993000031
1781166181.993,280.99,host2,/node[name=host2]/bm/cpus/cpu[name=cpu1],100,100.0,100.0,host2_host_timeseries.csv,2026-06-11 08:23:01.993000031
1781166181.994,280.99,host2,/node[name=host2]/bm/cpus/cpu[name=cpu0],100,100.0,100.0,host2_host_timeseries.csv,2026-06-11 08:23:01.993999958
1781166181.994,280.99,host2,/node[name=host2]/bm/sensors,100,100.0,100.0,host2_host_timeseries.csv,2026-06-11 08:23:01.993999958
1781166181.994,280.99,host2,/node[name=host2]/bm/disks,100,100.0,100.0,host2_host_timeseries.csv,2026-06-11 08:23:01.993999958
1781166181.994,280.99,host2,/node[name=host2]/bm/disks/disk[name=cgroup2],100,100.0,100.0,host2_host_timeseries.csv,2026-06-11 08:23:01.993999958
1781166181.994,280.99,host2,/node[name=host2]/bm/disks/disk[name=loop5],100,100.0,100.0,host2_host_timeseries.csv,2026-06-11 08:23:01.993999958
1781166181.994,280.99,host2,/node[name=host2]/bm/disks/disk[name=sda2],100,100.0,100.0,host2_host_timeseries.csv,2026-06-11 08:23:01.993999958
1781166181.994,280.99,host2,/node[name=host2]/bm/disks/disk[name=systemd-1],100,100.0,100.0,host2_host_timeseries.csv,2026-06-11 08:23:01.993999958
1781166181.994,280.99,host2,/node[name=host2]/bm/disks/disk[name=loop3],100,100.0,100.0,host2_host_timeseries.csv,2026-06-11 08:23:01.993999958
1781166181.994,280.99,host2,/node[name=host2]/bm/disks/disk[name=loop4],100,100.0,100.0,host2_host_timeseries.csv,2026-06-11 08:23:01.993999958
1781166181.994,280.99,host2,/node[name=host2]/bm/disks/disk[name=loop0],100,100.0,100.0,host2_host_timeseries.csv,2026-06-11 08:23:01.993999958
1781166181.994,280.99,host2,/node[name=host2]/bm/disks/disk[name=loop1],100,100.0,100.0,host2_host_timeseries.csv,2026-06-11 08:23:01.993999958
1781166181.994,280.99,host2,/node[name=host2]/bm/disks/disk[name=loop2],100,100.0,100.0,host2_host_timeseries.csv,2026-06-11 08:23:01.993999958
1781166181.994,280.99,host2,/node[name=host2]/bm/mem,100,100.0,100.0,host2_host_timeseries.csv,2026-06-11 08:23:01.993999958
1781166181.995,280.99,host2,/node[name=host2]/bm/proc,100,100.0,100.0,host2_host_timeseries.csv,2026-06-11 08:23:01.994999886
1781166181.995,280.99,host2,/node[name=host2]/bm/net,100,100.0,100.0,host2_host_timeseries.csv,2026-06-11 08:23:01.994999886
1781166181.995,280.99,host2,/node[name=host2]/bm/net/if[name=docker0],100,100.0,100.0,host2_host_timeseries.csv,2026-06-11 08:23:01.994999886
1781166181.995,280.99,host2,/node[name=host2]/bm/net/if[name=br-858e2815bf25],100,100.0,100.0,host2_host_timeseries.csv,2026-06-11 08:23:01.994999886
1781166181.995,280.99,host2,/node[name=host2]/bm/net/if[name=enp0s9],100,100.0,100.0,host2_host_timeseries.csv,2026-06-11 08:23:01.994999886
1781166181.995,280.99,host2,/node[name=host2]/bm/net/if[name=lo],100,100.0,100.0,host2_host_timeseries.csv,2026-06-11 08:23:01.994999886
1781166181.995,280.99,host2,/node[name=host2]/bm/net/if[name=enp0s8],100,100.0,100.0,host2_host_timeseries.csv,2026-06-11 08:23:01.994999886
1781166181.995,280.99,host2,/node[name=host2]/bm/net/if[name=enp0s3],100,100.0,100.0,host2_host_timeseries.csv,2026-06-11 08:23:01.994999886
1781166192.035,291.03,host2,/node[name=host2],100,100.0,100.0,host2_host_timeseries.csv,2026-06-11 08:23:12.035000086
1781166192.035,291.03,host2,/node[name=host2]/bm,100,100.0,100.0,host2_host_timeseries.csv,2026-06-11 08:23:12.035000086
1781166192.035,291.03,host2,/node[name=host2]/bm/cpus,100,100.0,100.0,host2_host_timeseries.csv,2026-06-11 08:23:12.035000086
1781166192.035,291.03,host2,/node[name=host2]/bm/cpus/cpu[name=cpu],100,100.0,100.0,host2_host_timeseries.csv,2026-06-11 08:23:12.035000086
1781166192.035,291.03,host2,/node[name=host2]/bm/cpus/cpu[name=cpu1],100,100.0,100.0,host2_host_timeseries.csv,2026-06-11 08:23:12.035000086
1781166192.036,291.03,host2,/node[name=host2]/bm/cpus/cpu[name=cpu0],100,100.0,100.0,host2_host_timeseries.csv,2026-06-11 08:23:12.036000013
1781166192.036,291.03,host2,/node[name=host2]/bm/sensors,100,100.0,100.0,host2_host_timeseries.csv,2026-06-11 08:23:12.036000013
1781166192.036,291.03,host2,/node[name=host2]/bm/disks,100,100.0,100.0,host2_host_timeseries.csv,2026-06-11 08:23:12.036000013
1781166192.036,291.03,host2,/node[name=host2]/bm/disks/disk[name=cgroup2],100,100.0,100.0,host2_host_timeseries.csv,2026-06-11 08:23:12.036000013
1781166192.036,291.03,host2,/node[name=host2]/bm/disks/disk[name=loop5],100,100.0,100.0,host2_host_timeseries.csv,2026-06-11 08:23:12.036000013
1781166192.036,291.03,host2,/node[name=host2]/bm/disks/disk[name=sda2],100,100.0,100.0,host2_host_timeseries.csv,2026-06-11 08:23:12.036000013
1781166192.036,291.03,host2,/node[name=host2]/bm/disks/disk[name=systemd-1],100,100.0,100.0,host2_host_timeseries.csv,2026-06-11 08:23:12.036000013
1781166192.036,291.03,host2,/node[name=host2]/bm/disks/disk[name=loop3],100,100.0,100.0,host2_host_timeseries.csv,2026-06-11 08:23:12.036000013
1781166192.036,291.03,host2,/node[name=host2]/bm/disks/disk[name=loop4],100,100.0,100.0,host2_host_timeseries.csv,2026-06-11 08:23:12.036000013
1781166192.036,291.03,host2,/node[name=host2]/bm/disks/disk[name=loop0],100,100.0,100.0,host2_host_timeseries.csv,2026-06-11 08:23:12.036000013
1781166192.036,291.03,host2,/node[name=host2]/bm/disks/disk[name=loop1],100,100.0,100.0,host2_host_timeseries.csv,2026-06-11 08:23:12.036000013
1781166192.036,291.03,host2,/node[name=host2]/bm/disks/disk[name=loop2],100,100.0,100.0,host2_host_timeseries.csv,2026-06-11 08:23:12.036000013
1781166192.036,291.03,host2,/node[name=host2]/bm/mem,100,100.0,100.0,host2_host_timeseries.csv,2026-06-11 08:23:12.036000013
1781166192.036,291.03,host2,/node[name=host2]/bm/proc,100,100.0,100.0,host2_host_timeseries.csv,2026-06-11 08:23:12.036000013
1781166192.037,291.03,host2,/node[name=host2]/bm/net,100,100.0,100.0,host2_host_timeseries.csv,2026-06-11 08:23:12.036999941
1781166192.037,291.03,host2,/node[name=host2]/bm/net/if[name=docker0],100,100.0,100.0,host2_host_timeseries.csv,2026-06-11 08:23:12.036999941
1781166192.037,291.03,host2,/node[name=host2]/bm/net/if[name=br-858e2815bf25],100,100.0,100.0,host2_host_timeseries.csv,2026-06-11 08:23:12.036999941
1781166192.037,291.03,host2,/node[name=host2]/bm/net/if[name=enp0s9],100,100.0,100.0,host2_host_timeseries.csv,2026-06-11 08:23:12.036999941
1781166192.037,291.03,host2,/node[name=host2]/bm/net/if[name=lo],100,100.0,100.0,host2_host_timeseries.csv,2026-06-11 08:23:12.036999941
1781166192.037,291.03,host2,/node[name=host2]/bm/net/if[name=enp0s8],100,100.0,100.0,host2_host_timeseries.csv,2026-06-11 08:23:12.036999941
1781166192.037,291.03,host2,/node[name=host2]/bm/net/if[name=enp0s3],100,100.0,100.0,host2_host_timeseries.csv,2026-06-11 08:23:12.036999941
