time,health_score
0.011942148208618164,100
8.148067474365234,100
18.15843677520752,100
28.168580770492554,100
38.17972755432129,100
48.21732044219971,100
58.231571197509766,90
68.25307035446167,90
78.25279021263123,90
88.26541185379028,90
98.27471089363098,90
108.2939281463623,90
118.31801414489746,40
128.32286667823792,40
138.35876512527466,40
148.36638975143433,40
158.377681016922,100
168.38876819610596,100
178.39483618736267,100
